BEGIN TRANSACTION;
CREATE TABLE "Account" (
	id INTEGER NOT NULL, 
	"Name" VARCHAR(255), 
	"BillingCountry" VARCHAR(255), 
	"BillingStreet" VARCHAR(255), 
	"BillingState" VARCHAR(255), 
	"BillingCity" VARCHAR(255), 
	"BillingPostalCode" VARCHAR(255), 
	"npe01__SYSTEM_AccountType__c" VARCHAR(255), 
	"RecordTypeId" VARCHAR(255), 
	PRIMARY KEY (id)
);
INSERT INTO "Account" VALUES(1,'Patterson Household','Argentina','26 Blackbird Junction','','La Banda','','Household Account','0120t000000OClLAAW');
INSERT INTO "Account" VALUES(2,'Bradley Household','Argentina','392 Mariners Cove Street','','La Falda','','Household Account','0120t000000OClLAAW');
INSERT INTO "Account" VALUES(3,'Harper Household','Brazil','01 Corry Park','','Irati','','Household Account','0120t000000OClLAAW');
INSERT INTO "Account" VALUES(4,'Thompson Household','Brazil','10 Butterfield Place','','Açucena','','Household Account','0120t000000OClLAAW');
INSERT INTO "Account" VALUES(5,'Williams Household','Brazil','20 Oakridge Circle','','Guaratuba','','Household Account','0120t000000OClLAAW');
INSERT INTO "Account" VALUES(6,'Harvey Household','Brazil','3170 Mitchell Parkway','','Campinas','','Household Account','0120t000000OClLAAW');
INSERT INTO "Account" VALUES(7,'Patterson Household','Brazil','405 Sunbrook Terrace','','Codajás','','Household Account','0120t000000OClLAAW');
INSERT INTO "Account" VALUES(8,'Hart and Hawkins Household','Canada','819 Sycamore Avenue','','Dollard-Des Ormeaux','','Household Account','0120t000000OClLAAW');
INSERT INTO "Account" VALUES(9,'Howell Household','China','02 Golf View Pass','','Xindu','','Household Account','0120t000000OClLAAW');
INSERT INTO "Account" VALUES(10,'Gilbert Household','China','03 Arapahoe Hill','','Jiangxi','','Household Account','0120t000000OClLAAW');
INSERT INTO "Account" VALUES(11,'Gardner Household','China','0377 Shasta Trail','','Panzhou','','Household Account','0120t000000OClLAAW');
INSERT INTO "Account" VALUES(12,'Ross Household','China','1056 Corscot Center','','Guanzhou','','Household Account','0120t000000OClLAAW');
INSERT INTO "Account" VALUES(13,'Black Household','China','18 Drewry Street','','Yangshufang','','Household Account','0120t000000OClLAAW');
INSERT INTO "Account" VALUES(14,'Frazier Household','China','18 Twin Pines Circle','','Laojiangjunjie','','Household Account','0120t000000OClLAAW');
INSERT INTO "Account" VALUES(15,'Murray and Nichols Household','China','2 Victoria Point','','Liquan Chengguanzhen','','Household Account','0120t000000OClLAAW');
INSERT INTO "Account" VALUES(16,'Flores Household','China','26 Annamark Alley','','Hatu Buh','','Household Account','0120t000000OClLAAW');
INSERT INTO "Account" VALUES(17,'Long Household','China','3 Buena Vista Road','','Yonghe','','Household Account','0120t000000OClLAAW');
INSERT INTO "Account" VALUES(18,'Fowler Household','China','428 Katie Court','','Jiangning','','Household Account','0120t000000OClLAAW');
INSERT INTO "Account" VALUES(19,'Pierce Household','China','491 Lerdahl Pass','','Shangjiangxu','','Household Account','0120t000000OClLAAW');
INSERT INTO "Account" VALUES(20,'Johnston Household','China','57 Mitchell Circle','','Gaotuo','','Household Account','0120t000000OClLAAW');
INSERT INTO "Account" VALUES(21,'Gomez Household','China','59 Sheridan Avenue','','Xiaowuzhan','','Household Account','0120t000000OClLAAW');
INSERT INTO "Account" VALUES(22,'Knight Household','China','612 Almo Hill','','Shuidong','','Household Account','0120t000000OClLAAW');
INSERT INTO "Account" VALUES(23,'Sanders Household','China','67377 Memorial Road','','Baikui','','Household Account','0120t000000OClLAAW');
INSERT INTO "Account" VALUES(24,'Flores Household','China','73 Browning Junction','','Licheng','','Household Account','0120t000000OClLAAW');
INSERT INTO "Account" VALUES(25,'Fernandez Household','China','8193 Dunning Point','','Gangnan','','Household Account','0120t000000OClLAAW');
INSERT INTO "Account" VALUES(26,'Hicks Household','China','82521 Pond Terrace','','Bailang','','Household Account','0120t000000OClLAAW');
INSERT INTO "Account" VALUES(27,'Chapman Household','China','90472 Montana Center','','Tangqian','','Household Account','0120t000000OClLAAW');
INSERT INTO "Account" VALUES(28,'Mills Household','China','9068 Clove Pass','','Xinfeng','','Household Account','0120t000000OClLAAW');
INSERT INTO "Account" VALUES(29,'Nelson Household','Colombia','2 Mccormick Drive','','Arboleda','','Household Account','0120t000000OClLAAW');
INSERT INTO "Account" VALUES(30,'Grant Household','Czech Republic','230 Veith Place','','Želiv','','Household Account','0120t000000OClLAAW');
INSERT INTO "Account" VALUES(31,'Ward Household','Czech Republic','59 Mosinee Drive','','Dřiteň','','Household Account','0120t000000OClLAAW');
INSERT INTO "Account" VALUES(32,'James Household','Czech Republic','65 Maywood Drive','','Hošťka','','Household Account','0120t000000OClLAAW');
INSERT INTO "Account" VALUES(33,'Wallace Household','Czech Republic','82 Lukken Terrace','','Sedlice','','Household Account','0120t000000OClLAAW');
INSERT INTO "Account" VALUES(34,'Chapman Household','Czech Republic','9407 Dottie Street','','Žirovnice','','Household Account','0120t000000OClLAAW');
INSERT INTO "Account" VALUES(35,'Fuller Household','Ecuador','67 Milwaukee Parkway','','Montalvo','','Household Account','0120t000000OClLAAW');
INSERT INTO "Account" VALUES(36,'Jones Household','Finland','8 Loomis Alley','','Muhos','','Household Account','0120t000000OClLAAW');
INSERT INTO "Account" VALUES(37,'Banks Household','France','4564 Victoria Parkway','Rhône-Alpes','Meylan','38244 CEDEX','Household Account','0120t000000OClLAAW');
INSERT INTO "Account" VALUES(38,'Perkins Household','France','5 Burning Wood Alley','Poitou-Charentes','Royan','17209 CEDEX','Household Account','0120t000000OClLAAW');
INSERT INTO "Account" VALUES(39,'Medina and Morales Household','France','861 Dahle Street','Centre','Orléans','45933 CEDEX 9','Household Account','0120t000000OClLAAW');
INSERT INTO "Account" VALUES(40,'Burton Household','France','87 Cambridge Hill','Picardie','Amiens','80891 CEDEX 3','Household Account','0120t000000OClLAAW');
INSERT INTO "Account" VALUES(41,'Hayes Household','France','97798 Green Trail','Aquitaine','Boé','47555 CEDEX','Household Account','0120t000000OClLAAW');
INSERT INTO "Account" VALUES(42,'Hunt Household','Greece','0 Carpenter Lane','','Markópoulo Oropoú','','Household Account','0120t000000OClLAAW');
INSERT INTO "Account" VALUES(43,'Garrett Household','Greece','18113 Helena Place','','Kariaí','','Household Account','0120t000000OClLAAW');
INSERT INTO "Account" VALUES(44,'Taylor, Alvarez, Stone, Smith, Russell, Medina, Kelly, Johnson and Harrison Household','Greece','7589 Pennsylvania Junction','','Kassándreia','','Household Account','0120t000000OClLAAW');
INSERT INTO "Account" VALUES(45,'Oliver Household','Indonesia','075 High Crossing Center','','Kajanan','','Household Account','0120t000000OClLAAW');
INSERT INTO "Account" VALUES(46,'Alvarez Household','Indonesia','2 Chinook Road','','Sumberdangdang','','Household Account','0120t000000OClLAAW');
INSERT INTO "Account" VALUES(47,'Watson Household','Indonesia','402 Loomis Lane','','Cileunyi','','Household Account','0120t000000OClLAAW');
INSERT INTO "Account" VALUES(48,'Wallace Household','Indonesia','52 Mifflin Circle','','Tempaling','','Household Account','0120t000000OClLAAW');
INSERT INTO "Account" VALUES(49,'Riley Household','Italy','2 Old Gate Parkway','Sicilia','Messina','98146','Household Account','0120t000000OClLAAW');
INSERT INTO "Account" VALUES(50,'Rivera Household','Japan','9 Carpenter Trail','','Jōetsu','','Household Account','0120t000000OClLAAW');
INSERT INTO "Account" VALUES(51,'Stephens Household','Kazakhstan','0491 La Follette Crossing','','Taldyqorghan','','Household Account','0120t000000OClLAAW');
INSERT INTO "Account" VALUES(52,'Fisher Household','Kazakhstan','1902 Randy Alley','','Kokshetau','','Household Account','0120t000000OClLAAW');
INSERT INTO "Account" VALUES(53,'Torres Household','New Zealand','535 Susan Trail','','Red Hill','','Household Account','0120t000000OClLAAW');
INSERT INTO "Account" VALUES(54,'Jenkins Household','Nigeria','7060 Marcy Center','','Tegina','','Household Account','0120t000000OClLAAW');
INSERT INTO "Account" VALUES(55,'Anderson Household','Philippines','0087 Russell Pass','','Takub','','Household Account','0120t000000OClLAAW');
INSERT INTO "Account" VALUES(56,'Perry Household','Philippines','0990 Mayfield Hill','','Calaba','','Household Account','0120t000000OClLAAW');
INSERT INTO "Account" VALUES(57,'Morrison Household','Philippines','1 Oriole Parkway','','Hermosa','','Household Account','0120t000000OClLAAW');
INSERT INTO "Account" VALUES(58,'Ward Household','Philippines','126 Morningstar Park','','Bantacan','','Household Account','0120t000000OClLAAW');
INSERT INTO "Account" VALUES(59,'Washington Household','Philippines','309 Basil Junction','','Sexmoan','','Household Account','0120t000000OClLAAW');
INSERT INTO "Account" VALUES(60,'Franklin Household','Philippines','4026 Monument Terrace','','Lais','','Household Account','0120t000000OClLAAW');
INSERT INTO "Account" VALUES(61,'Bailey Household','Philippines','75 Ramsey Pass','','Bantacan','','Household Account','0120t000000OClLAAW');
INSERT INTO "Account" VALUES(62,'Thomas Household','Philippines','909 Alpine Avenue','','Lumbang','','Household Account','0120t000000OClLAAW');
INSERT INTO "Account" VALUES(63,'Lane Household','Philippines','92336 Bunker Hill Drive','','Mambago','','Household Account','0120t000000OClLAAW');
INSERT INTO "Account" VALUES(64,'Perry Household','Poland','0 Darwin Lane','','Kowale','','Household Account','0120t000000OClLAAW');
INSERT INTO "Account" VALUES(65,'Anderson Household','Poland','098 Scoville Point','','Przecław','','Household Account','0120t000000OClLAAW');
INSERT INTO "Account" VALUES(66,'Hansen Household','Poland','13 Crownhardt Point','','Wilkowice','','Household Account','0120t000000OClLAAW');
INSERT INTO "Account" VALUES(67,'Willis Household','Poland','843 Cottonwood Lane','','Świnna','','Household Account','0120t000000OClLAAW');
INSERT INTO "Account" VALUES(68,'Holmes Household','Poland','942 Vidon Hill','','Kiełczów','','Household Account','0120t000000OClLAAW');
INSERT INTO "Account" VALUES(69,'Kelly Household','Portugal','0 Shopko Avenue','Lisboa','Aldeia de Juzo','2750-015','Household Account','0120t000000OClLAAW');
INSERT INTO "Account" VALUES(70,'Reyes Household','Portugal','49997 Oakridge Pass','Coimbra','Ribeira','3360-257','Household Account','0120t000000OClLAAW');
INSERT INTO "Account" VALUES(71,'Burke Household','Russia','0747 Drewry Crossing','','Staropyshminsk','','Household Account','0120t000000OClLAAW');
INSERT INTO "Account" VALUES(72,'Webb Household','Russia','4 Lillian Trail','','Slyudyanka','','Household Account','0120t000000OClLAAW');
INSERT INTO "Account" VALUES(73,'Long Household','Russia','755 Thierer Place','','Uchkulan','','Household Account','0120t000000OClLAAW');
INSERT INTO "Account" VALUES(74,'Powell Household','Russia','8 Transport Plaza','','Peresvet','','Household Account','0120t000000OClLAAW');
INSERT INTO "Account" VALUES(75,'Powell Household','Russia','93 Eastlawn Crossing','','Bolgar','','Household Account','0120t000000OClLAAW');
INSERT INTO "Account" VALUES(76,'Jenkins Household','Sierra Leone','484 Londonderry Plaza','','Kayima','','Household Account','0120t000000OClLAAW');
INSERT INTO "Account" VALUES(77,'Gonzales Household','South Korea','701 Waubesa Crossing','','Enjitsu','','Household Account','0120t000000OClLAAW');
INSERT INTO "Account" VALUES(78,'Richards Household','Sweden','62 Graedel Center','Stockholm','Sundbyberg','172 69','Household Account','0120t000000OClLAAW');
INSERT INTO "Account" VALUES(79,'Sullivan Household','Syria','24609 Thompson Parkway','','Tasīl','','Household Account','0120t000000OClLAAW');
INSERT INTO "Account" VALUES(80,'Chapman Household','Thailand','1 Basil Circle','','Bueng Samakkhi','','Household Account','0120t000000OClLAAW');
INSERT INTO "Account" VALUES(81,'Hudson Household','Thailand','4328 Hoffman Road','','Kamalasai','','Household Account','0120t000000OClLAAW');
INSERT INTO "Account" VALUES(82,'Warren Household','Thailand','5730 International Lane','','Phuket','','Household Account','0120t000000OClLAAW');
INSERT INTO "Account" VALUES(83,'King Household','Ukraine','2072 Hayes Plaza','','Rybache','','Household Account','0120t000000OClLAAW');
INSERT INTO "Account" VALUES(84,'Riley Household','Ukraine','39955 Canary Avenue','','Truskavets','','Household Account','0120t000000OClLAAW');
INSERT INTO "Account" VALUES(85,'Porter Household','United States','07050 Doe Crossing Plaza','Minnesota','Saint Paul','55108','Household Account','0120t000000OClLAAW');
INSERT INTO "Account" VALUES(86,'Austin Household','United States','36055 Maple Hill','Connecticut','Waterbury','06705','Household Account','0120t000000OClLAAW');
INSERT INTO "Account" VALUES(87,'Carr Household','United States','50 Cherokee Way','Louisiana','Baton Rouge','70894','Household Account','0120t000000OClLAAW');
INSERT INTO "Account" VALUES(88,'Aimbo','','','','','','','0120t000000OClMAAW');
INSERT INTO "Account" VALUES(89,'Aivee','','','','','','','0120t000000OClMAAW');
INSERT INTO "Account" VALUES(90,'Avamba','','','','','','','0120t000000OClMAAW');
INSERT INTO "Account" VALUES(91,'Blognation','','','','','','','0120t000000OClMAAW');
INSERT INTO "Account" VALUES(92,'Brainbox','','','','','','','0120t000000OClMAAW');
INSERT INTO "Account" VALUES(93,'Brightbean','','','','','','','0120t000000OClMAAW');
INSERT INTO "Account" VALUES(94,'Brightdog','','','','','','','0120t000000OClMAAW');
INSERT INTO "Account" VALUES(95,'Browsecat','','','','','','','0120t000000OClMAAW');
INSERT INTO "Account" VALUES(96,'Bubblebox','','','','','','','0120t000000OClMAAW');
INSERT INTO "Account" VALUES(97,'Centidel','','','','','','','0120t000000OClMAAW');
INSERT INTO "Account" VALUES(98,'Centizu','','','','','','','0120t000000OClMAAW');
INSERT INTO "Account" VALUES(99,'Chatterpoint','','','','','','','0120t000000OClMAAW');
INSERT INTO "Account" VALUES(100,'Dabtype','','','','','','','0120t000000OClMAAW');
INSERT INTO "Account" VALUES(101,'Devshare','','','','','','','0120t000000OClMAAW');
INSERT INTO "Account" VALUES(102,'Divape','','','','','','','0120t000000OClMAAW');
INSERT INTO "Account" VALUES(103,'Dynazzy','','','','','','','0120t000000OClMAAW');
INSERT INTO "Account" VALUES(104,'Eare','','','','','','','0120t000000OClMAAW');
INSERT INTO "Account" VALUES(105,'Eazzy','','','','','','','0120t000000OClMAAW');
INSERT INTO "Account" VALUES(106,'Edgeify','','','','','','','0120t000000OClMAAW');
INSERT INTO "Account" VALUES(107,'Edgewire','','','','','','','0120t000000OClMAAW');
INSERT INTO "Account" VALUES(108,'Fatz','','','','','','','0120t000000OClMAAW');
INSERT INTO "Account" VALUES(109,'Flashdog','','','','','','','0120t000000OClMAAW');
INSERT INTO "Account" VALUES(110,'Flashpoint','','','','','','','0120t000000OClMAAW');
INSERT INTO "Account" VALUES(111,'Flashspan','','','','','','','0120t000000OClMAAW');
INSERT INTO "Account" VALUES(112,'Flipbug','','','','','','','0120t000000OClMAAW');
INSERT INTO "Account" VALUES(113,'Fliptune','','','','','','','0120t000000OClMAAW');
INSERT INTO "Account" VALUES(114,'Gevee','','','','','','','0120t000000OClMAAW');
INSERT INTO "Account" VALUES(115,'Gigabox','','','','','','','0120t000000OClMAAW');
INSERT INTO "Account" VALUES(116,'Innotype','','','','','','','0120t000000OClMAAW');
INSERT INTO "Account" VALUES(117,'Jabberbean','','','','','','','0120t000000OClMAAW');
INSERT INTO "Account" VALUES(118,'Jatri','','','','','','','0120t000000OClMAAW');
INSERT INTO "Account" VALUES(119,'Jaxspan','','','','','','','0120t000000OClMAAW');
INSERT INTO "Account" VALUES(120,'Jayo','','','','','','','0120t000000OClMAAW');
INSERT INTO "Account" VALUES(121,'Kazu','','','','','','','0120t000000OClMAAW');
INSERT INTO "Account" VALUES(122,'Kwideo','','','','','','','0120t000000OClMAAW');
INSERT INTO "Account" VALUES(123,'Lajo','','','','','','','0120t000000OClMAAW');
INSERT INTO "Account" VALUES(124,'Latz','','','','','','','0120t000000OClMAAW');
INSERT INTO "Account" VALUES(125,'Layo','','','','','','','0120t000000OClMAAW');
INSERT INTO "Account" VALUES(126,'Meeveo','','','','','','','0120t000000OClMAAW');
INSERT INTO "Account" VALUES(127,'Mynte','','','','','','','0120t000000OClMAAW');
INSERT INTO "Account" VALUES(128,'Myworks','','','','','','','0120t000000OClMAAW');
INSERT INTO "Account" VALUES(129,'Ntags','','','','','','','0120t000000OClMAAW');
INSERT INTO "Account" VALUES(130,'Oloo','','','','','','','0120t000000OClMAAW');
INSERT INTO "Account" VALUES(131,'Omba','','','','','','','0120t000000OClMAAW');
INSERT INTO "Account" VALUES(132,'Oyoloo','','','','','','','0120t000000OClMAAW');
INSERT INTO "Account" VALUES(133,'Podcat','','','','','','','0120t000000OClMAAW');
INSERT INTO "Account" VALUES(134,'Quimm','','','','','','','0120t000000OClMAAW');
INSERT INTO "Account" VALUES(135,'Realblab','','','','','','','0120t000000OClMAAW');
INSERT INTO "Account" VALUES(136,'Realpoint','','','','','','','0120t000000OClMAAW');
INSERT INTO "Account" VALUES(137,'Rhynyx','','','','','','','0120t000000OClMAAW');
INSERT INTO "Account" VALUES(138,'Roodel','','','','','','','0120t000000OClMAAW');
INSERT INTO "Account" VALUES(139,'Skibox','','','','','','','0120t000000OClMAAW');
INSERT INTO "Account" VALUES(140,'Skidoo','','','','','','','0120t000000OClMAAW');
INSERT INTO "Account" VALUES(141,'Skimia','','','','','','','0120t000000OClMAAW');
INSERT INTO "Account" VALUES(142,'Skinder','','','','','','','0120t000000OClMAAW');
INSERT INTO "Account" VALUES(143,'Skinte','','','','','','','0120t000000OClMAAW');
INSERT INTO "Account" VALUES(144,'Skyba','','','','','','','0120t000000OClMAAW');
INSERT INTO "Account" VALUES(145,'Tagchat','','','','','','','0120t000000OClMAAW');
INSERT INTO "Account" VALUES(146,'Tagtune','','','','','','','0120t000000OClMAAW');
INSERT INTO "Account" VALUES(147,'Talane','','','','','','','0120t000000OClMAAW');
INSERT INTO "Account" VALUES(148,'Tambee','','','','','','','0120t000000OClMAAW');
INSERT INTO "Account" VALUES(149,'Tavu','','','','','','','0120t000000OClMAAW');
INSERT INTO "Account" VALUES(150,'Tazzy','','','','','','','0120t000000OClMAAW');
INSERT INTO "Account" VALUES(151,'Thoughtbridge','','','','','','','0120t000000OClMAAW');
INSERT INTO "Account" VALUES(152,'Thoughtsphere','','','','','','','0120t000000OClMAAW');
INSERT INTO "Account" VALUES(153,'Trilia','','','','','','','0120t000000OClMAAW');
INSERT INTO "Account" VALUES(154,'Twinte','','','','','','','0120t000000OClMAAW');
INSERT INTO "Account" VALUES(155,'Twitternation','','','','','','','0120t000000OClMAAW');
INSERT INTO "Account" VALUES(156,'Twitterwire','','','','','','','0120t000000OClMAAW');
INSERT INTO "Account" VALUES(157,'Voolith','','','','','','','0120t000000OClMAAW');
INSERT INTO "Account" VALUES(158,'Voonix','','','','','','','0120t000000OClMAAW');
INSERT INTO "Account" VALUES(159,'Wikivu','','','','','','','0120t000000OClMAAW');
INSERT INTO "Account" VALUES(160,'Wordtune','','','','','','','0120t000000OClMAAW');
INSERT INTO "Account" VALUES(161,'Yata','','','','','','','0120t000000OClMAAW');
INSERT INTO "Account" VALUES(162,'Yombu','','','','','','','0120t000000OClMAAW');
INSERT INTO "Account" VALUES(163,'Youopia','','','','','','','0120t000000OClMAAW');
INSERT INTO "Account" VALUES(164,'Yozio','','','','','','','0120t000000OClMAAW');
INSERT INTO "Account" VALUES(165,'Zazio','','','','','','','0120t000000OClMAAW');
INSERT INTO "Account" VALUES(166,'Zoomlounge','','','','','','','0120t000000OClMAAW');
CREATE TABLE "Account_rt_mapping" (
	record_type_id VARCHAR(18) NOT NULL, 
	developer_name VARCHAR(255), 
	PRIMARY KEY (record_type_id)
);
INSERT INTO "Account_rt_mapping" VALUES('0120t000000OClLAAW','HH_Account');
INSERT INTO "Account_rt_mapping" VALUES('0120t000000OClMAAW','Organization');
CREATE TABLE "Address__c" (
	id INTEGER NOT NULL, 
	"MailingCountry__c" VARCHAR(255), 
	"MailingStreet__c" VARCHAR(255), 
	"MailingState__c" VARCHAR(255), 
	"MailingCity__c" VARCHAR(255), 
	"MailingPostalCode__c" VARCHAR(255), 
	"Seasonal_Start_Month__c" VARCHAR(255), 
	"Seasonal_Start_Day__c" VARCHAR(255), 
	"Seasonal_End_Month__c" VARCHAR(255), 
	"Seasonal_End_Day__c" VARCHAR(255), 
	household_account__c VARCHAR(255), 
	PRIMARY KEY (id)
);
INSERT INTO "Address__c" VALUES(1,'Colombia','2 Mccormick Drive','','Arboleda','','','','','','33');
INSERT INTO "Address__c" VALUES(2,'Czech Republic','230 Veith Place','','Želiv','','','','','','33');
INSERT INTO "Address__c" VALUES(3,'Czech Republic','59 Mosinee Drive','','Dřiteň','','','','','','33');
INSERT INTO "Address__c" VALUES(4,'Czech Republic','65 Maywood Drive','','Hošťka','','','','','','33');
INSERT INTO "Address__c" VALUES(5,'Czech Republic','82 Lukken Terrace','','Sedlice','','','','','','33');
INSERT INTO "Address__c" VALUES(6,'Czech Republic','9407 Dottie Street','','Žirovnice','','','','','','33');
INSERT INTO "Address__c" VALUES(7,'Ecuador','67 Milwaukee Parkway','','Montalvo','','','','','','33');
INSERT INTO "Address__c" VALUES(8,'Finland','8 Loomis Alley','','Muhos','','','','','','33');
INSERT INTO "Address__c" VALUES(9,'France','4564 Victoria Parkway','Rhône-Alpes','Meylan','38244 CEDEX','','','','','33');
INSERT INTO "Address__c" VALUES(10,'France','5 Burning Wood Alley','Poitou-Charentes','Royan','17209 CEDEX','','','','','33');
INSERT INTO "Address__c" VALUES(11,'France','861 Dahle Street','Centre','Orléans','45933 CEDEX 9','','','','','33');
INSERT INTO "Address__c" VALUES(12,'France','87 Cambridge Hill','Picardie','Amiens','80891 CEDEX 3','','','','','33');
INSERT INTO "Address__c" VALUES(13,'France','97798 Green Trail','Aquitaine','Boé','47555 CEDEX','','','','','33');
INSERT INTO "Address__c" VALUES(14,'Greece','0 Carpenter Lane','','Markópoulo Oropoú','','','','','','33');
INSERT INTO "Address__c" VALUES(15,'Greece','18113 Helena Place','','Kariaí','','','','','','33');
INSERT INTO "Address__c" VALUES(16,'Greece','7589 Pennsylvania Junction','','Kassándreia','','','','','','33');
INSERT INTO "Address__c" VALUES(17,'Indonesia','075 High Crossing Center','','Kajanan','','','','','','33');
INSERT INTO "Address__c" VALUES(18,'Indonesia','2 Chinook Road','','Sumberdangdang','','','','','','33');
INSERT INTO "Address__c" VALUES(19,'Indonesia','402 Loomis Lane','','Cileunyi','','','','','','33');
INSERT INTO "Address__c" VALUES(20,'Philippines','309 Basil Junction','','Sexmoan','','','','','','33');
INSERT INTO "Address__c" VALUES(21,'Philippines','4026 Monument Terrace','','Lais','','','','','','33');
INSERT INTO "Address__c" VALUES(22,'Philippines','75 Ramsey Pass','','Bantacan','','','','','','33');
INSERT INTO "Address__c" VALUES(23,'Philippines','909 Alpine Avenue','','Lumbang','','','','','','33');
INSERT INTO "Address__c" VALUES(24,'Philippines','92336 Bunker Hill Drive','','Mambago','','','','','','33');
INSERT INTO "Address__c" VALUES(25,'Poland','0 Darwin Lane','','Kowale','','','','','','33');
INSERT INTO "Address__c" VALUES(26,'Poland','098 Scoville Point','','Przecław','','','','','','33');
INSERT INTO "Address__c" VALUES(27,'Poland','13 Crownhardt Point','','Wilkowice','','','','','','33');
INSERT INTO "Address__c" VALUES(28,'Poland','843 Cottonwood Lane','','Świnna','','','','','','33');
INSERT INTO "Address__c" VALUES(29,'Poland','942 Vidon Hill','','Kiełczów','','','','','','33');
INSERT INTO "Address__c" VALUES(30,'Portugal','0 Shopko Avenue','Lisboa','Aldeia de Juzo','2750-015','','','','','33');
INSERT INTO "Address__c" VALUES(31,'Portugal','49997 Oakridge Pass','Coimbra','Ribeira','3360-257','','','','','33');
INSERT INTO "Address__c" VALUES(32,'Russia','0747 Drewry Crossing','','Staropyshminsk','','','','','','33');
INSERT INTO "Address__c" VALUES(33,'Russia','4 Lillian Trail','','Slyudyanka','','','','','','33');
INSERT INTO "Address__c" VALUES(34,'Russia','755 Thierer Place','','Uchkulan','','','','','','33');
INSERT INTO "Address__c" VALUES(35,'Russia','8 Transport Plaza','','Peresvet','','','','','','33');
INSERT INTO "Address__c" VALUES(36,'Russia','93 Eastlawn Crossing','','Bolgar','','','','','','33');
INSERT INTO "Address__c" VALUES(37,'Sierra Leone','484 Londonderry Plaza','','Kayima','','','','','','33');
INSERT INTO "Address__c" VALUES(38,'South Korea','701 Waubesa Crossing','','Enjitsu','','','','','','33');
INSERT INTO "Address__c" VALUES(39,'Sweden','62 Graedel Center','Stockholm','Sundbyberg','172 69','','','','','33');
INSERT INTO "Address__c" VALUES(40,'Syria','24609 Thompson Parkway','','Tasīl','','','','','','33');
INSERT INTO "Address__c" VALUES(41,'Thailand','1 Basil Circle','','Bueng Samakkhi','','','','','','33');
INSERT INTO "Address__c" VALUES(42,'Thailand','4328 Hoffman Road','','Kamalasai','','','','','','33');
INSERT INTO "Address__c" VALUES(43,'Thailand','5730 International Lane','','Phuket','','','','','','33');
INSERT INTO "Address__c" VALUES(44,'Ukraine','2072 Hayes Plaza','','Rybache','','','','','','33');
INSERT INTO "Address__c" VALUES(45,'Ukraine','39955 Canary Avenue','','Truskavets','','','','','','33');
INSERT INTO "Address__c" VALUES(46,'United States','07050 Doe Crossing Plaza','Minnesota','Saint Paul','55108','','','','','33');
INSERT INTO "Address__c" VALUES(47,'United States','36055 Maple Hill','Connecticut','Waterbury','06705','','','','','33');
INSERT INTO "Address__c" VALUES(48,'United States','50 Cherokee Way','Louisiana','Baton Rouge','70894','','','','','33');
INSERT INTO "Address__c" VALUES(49,'France','87 Cambridge Hill','Picardie','Amiens','80891 CEDEX 3','6','15','8','30','40');
INSERT INTO "Address__c" VALUES(50,'New Zealand','535 Susan Trail','','Red Hill','','6','15','8','30','53');
INSERT INTO "Address__c" VALUES(51,'Poland','0 Darwin Lane','','Kowale','','6','15','8','30','64');
INSERT INTO "Address__c" VALUES(52,'China','02 Golf View Pass','','Xindu','','6','15','8','30','9');
INSERT INTO "Address__c" VALUES(53,'Argentina','26 Blackbird Junction','','La Banda','','6','15','8','30','1');
INSERT INTO "Address__c" VALUES(54,'Argentina','26 Blackbird Junction','','La Banda','','','','','','33');
INSERT INTO "Address__c" VALUES(55,'Argentina','392 Mariners Cove Street','','La Falda','','','','','','33');
INSERT INTO "Address__c" VALUES(56,'Brazil','01 Corry Park','','Irati','','','','','','33');
INSERT INTO "Address__c" VALUES(57,'Brazil','10 Butterfield Place','','Açucena','','','','','','33');
INSERT INTO "Address__c" VALUES(58,'Brazil','20 Oakridge Circle','','Guaratuba','','','','','','33');
INSERT INTO "Address__c" VALUES(59,'Brazil','3170 Mitchell Parkway','','Campinas','','','','','','33');
INSERT INTO "Address__c" VALUES(60,'Brazil','405 Sunbrook Terrace','','Codajás','','','','','','33');
INSERT INTO "Address__c" VALUES(61,'Canada','819 Sycamore Avenue','','Dollard-Des Ormeaux','','','','','','33');
INSERT INTO "Address__c" VALUES(62,'China','02 Golf View Pass','','Xindu','','','','','','33');
INSERT INTO "Address__c" VALUES(63,'China','03 Arapahoe Hill','','Jiangxi','','','','','','33');
INSERT INTO "Address__c" VALUES(64,'China','0377 Shasta Trail','','Panzhou','','','','','','33');
INSERT INTO "Address__c" VALUES(65,'China','1056 Corscot Center','','Guanzhou','','','','','','33');
INSERT INTO "Address__c" VALUES(66,'China','18 Drewry Street','','Yangshufang','','','','','','33');
INSERT INTO "Address__c" VALUES(67,'China','18 Twin Pines Circle','','Laojiangjunjie','','','','','','33');
INSERT INTO "Address__c" VALUES(68,'China','2 Victoria Point','','Liquan Chengguanzhen','','','','','','33');
INSERT INTO "Address__c" VALUES(69,'China','26 Annamark Alley','','Hatu Buh','','','','','','33');
INSERT INTO "Address__c" VALUES(70,'China','3 Buena Vista Road','','Yonghe','','','','','','33');
INSERT INTO "Address__c" VALUES(71,'China','428 Katie Court','','Jiangning','','','','','','33');
INSERT INTO "Address__c" VALUES(72,'China','491 Lerdahl Pass','','Shangjiangxu','','','','','','33');
INSERT INTO "Address__c" VALUES(73,'China','57 Mitchell Circle','','Gaotuo','','','','','','33');
INSERT INTO "Address__c" VALUES(74,'China','59 Sheridan Avenue','','Xiaowuzhan','','','','','','33');
INSERT INTO "Address__c" VALUES(75,'China','612 Almo Hill','','Shuidong','','','','','','33');
INSERT INTO "Address__c" VALUES(76,'China','67377 Memorial Road','','Baikui','','','','','','33');
INSERT INTO "Address__c" VALUES(77,'China','73 Browning Junction','','Licheng','','','','','','33');
INSERT INTO "Address__c" VALUES(78,'China','8193 Dunning Point','','Gangnan','','','','','','33');
INSERT INTO "Address__c" VALUES(79,'China','82521 Pond Terrace','','Bailang','','','','','','33');
INSERT INTO "Address__c" VALUES(80,'China','90472 Montana Center','','Tangqian','','','','','','33');
INSERT INTO "Address__c" VALUES(81,'China','9068 Clove Pass','','Xinfeng','','','','','','33');
INSERT INTO "Address__c" VALUES(82,'Indonesia','52 Mifflin Circle','','Tempaling','','','','','','33');
INSERT INTO "Address__c" VALUES(83,'Italy','2 Old Gate Parkway','Sicilia','Messina','98146','','','','','33');
INSERT INTO "Address__c" VALUES(84,'Japan','9 Carpenter Trail','','Jōetsu','','','','','','33');
INSERT INTO "Address__c" VALUES(85,'Kazakhstan','0491 La Follette Crossing','','Taldyqorghan','','','','','','33');
INSERT INTO "Address__c" VALUES(86,'Kazakhstan','1902 Randy Alley','','Kokshetau','','','','','','33');
INSERT INTO "Address__c" VALUES(87,'New Zealand','535 Susan Trail','','Red Hill','','','','','','33');
INSERT INTO "Address__c" VALUES(88,'Nigeria','7060 Marcy Center','','Tegina','','','','','','33');
INSERT INTO "Address__c" VALUES(89,'Philippines','0087 Russell Pass','','Takub','','','','','','33');
INSERT INTO "Address__c" VALUES(90,'Philippines','0990 Mayfield Hill','','Calaba','','','','','','33');
INSERT INTO "Address__c" VALUES(91,'Philippines','1 Oriole Parkway','','Hermosa','','','','','','33');
INSERT INTO "Address__c" VALUES(92,'Philippines','126 Morningstar Park','','Bantacan','','','','','','33');
INSERT INTO "Address__c" VALUES(93,'Argentina','26 Blackbird Junction','','La Banda','','','','','','1');
INSERT INTO "Address__c" VALUES(94,'Argentina','392 Mariners Cove Street','','La Falda','','','','','','2');
INSERT INTO "Address__c" VALUES(95,'Brazil','01 Corry Park','','Irati','','','','','','3');
INSERT INTO "Address__c" VALUES(96,'Brazil','10 Butterfield Place','','Açucena','','','','','','4');
INSERT INTO "Address__c" VALUES(97,'Brazil','20 Oakridge Circle','','Guaratuba','','','','','','5');
INSERT INTO "Address__c" VALUES(98,'Brazil','3170 Mitchell Parkway','','Campinas','','','','','','6');
INSERT INTO "Address__c" VALUES(99,'Brazil','405 Sunbrook Terrace','','Codajás','','','','','','7');
INSERT INTO "Address__c" VALUES(100,'Canada','819 Sycamore Avenue','','Dollard-Des Ormeaux','','','','','','8');
INSERT INTO "Address__c" VALUES(101,'China','02 Golf View Pass','','Xindu','','','','','','9');
INSERT INTO "Address__c" VALUES(102,'China','03 Arapahoe Hill','','Jiangxi','','','','','','10');
INSERT INTO "Address__c" VALUES(103,'China','0377 Shasta Trail','','Panzhou','','','','','','11');
INSERT INTO "Address__c" VALUES(104,'China','1056 Corscot Center','','Guanzhou','','','','','','12');
INSERT INTO "Address__c" VALUES(105,'China','18 Drewry Street','','Yangshufang','','','','','','13');
INSERT INTO "Address__c" VALUES(106,'China','18 Twin Pines Circle','','Laojiangjunjie','','','','','','14');
INSERT INTO "Address__c" VALUES(107,'China','2 Victoria Point','','Liquan Chengguanzhen','','','','','','15');
INSERT INTO "Address__c" VALUES(108,'China','26 Annamark Alley','','Hatu Buh','','','','','','16');
INSERT INTO "Address__c" VALUES(109,'China','3 Buena Vista Road','','Yonghe','','','','','','17');
INSERT INTO "Address__c" VALUES(110,'China','428 Katie Court','','Jiangning','','','','','','18');
INSERT INTO "Address__c" VALUES(111,'China','491 Lerdahl Pass','','Shangjiangxu','','','','','','19');
INSERT INTO "Address__c" VALUES(112,'China','57 Mitchell Circle','','Gaotuo','','','','','','20');
INSERT INTO "Address__c" VALUES(113,'China','59 Sheridan Avenue','','Xiaowuzhan','','','','','','21');
INSERT INTO "Address__c" VALUES(114,'China','612 Almo Hill','','Shuidong','','','','','','22');
INSERT INTO "Address__c" VALUES(115,'China','67377 Memorial Road','','Baikui','','','','','','23');
INSERT INTO "Address__c" VALUES(116,'China','73 Browning Junction','','Licheng','','','','','','24');
INSERT INTO "Address__c" VALUES(117,'China','8193 Dunning Point','','Gangnan','','','','','','25');
INSERT INTO "Address__c" VALUES(118,'China','82521 Pond Terrace','','Bailang','','','','','','26');
INSERT INTO "Address__c" VALUES(119,'China','90472 Montana Center','','Tangqian','','','','','','27');
INSERT INTO "Address__c" VALUES(120,'China','9068 Clove Pass','','Xinfeng','','','','','','28');
INSERT INTO "Address__c" VALUES(121,'Colombia','2 Mccormick Drive','','Arboleda','','','','','','29');
INSERT INTO "Address__c" VALUES(122,'Czech Republic','230 Veith Place','','Želiv','','','','','','30');
INSERT INTO "Address__c" VALUES(123,'Czech Republic','59 Mosinee Drive','','Dřiteň','','','','','','31');
INSERT INTO "Address__c" VALUES(124,'Czech Republic','65 Maywood Drive','','Hošťka','','','','','','32');
INSERT INTO "Address__c" VALUES(125,'Czech Republic','82 Lukken Terrace','','Sedlice','','','','','','33');
INSERT INTO "Address__c" VALUES(126,'Czech Republic','9407 Dottie Street','','Žirovnice','','','','','','34');
INSERT INTO "Address__c" VALUES(127,'Ecuador','67 Milwaukee Parkway','','Montalvo','','','','','','35');
INSERT INTO "Address__c" VALUES(128,'Finland','8 Loomis Alley','','Muhos','','','','','','36');
INSERT INTO "Address__c" VALUES(129,'France','4564 Victoria Parkway','Rhône-Alpes','Meylan','38244 CEDEX','','','','','37');
INSERT INTO "Address__c" VALUES(130,'France','5 Burning Wood Alley','Poitou-Charentes','Royan','17209 CEDEX','','','','','38');
INSERT INTO "Address__c" VALUES(131,'France','861 Dahle Street','Centre','Orléans','45933 CEDEX 9','','','','','39');
INSERT INTO "Address__c" VALUES(132,'France','87 Cambridge Hill','Picardie','Amiens','80891 CEDEX 3','','','','','40');
INSERT INTO "Address__c" VALUES(133,'France','97798 Green Trail','Aquitaine','Boé','47555 CEDEX','','','','','41');
INSERT INTO "Address__c" VALUES(134,'Greece','0 Carpenter Lane','','Markópoulo Oropoú','','','','','','42');
INSERT INTO "Address__c" VALUES(135,'Greece','18113 Helena Place','','Kariaí','','','','','','43');
INSERT INTO "Address__c" VALUES(136,'Greece','7589 Pennsylvania Junction','','Kassándreia','','','','','','44');
INSERT INTO "Address__c" VALUES(137,'Indonesia','075 High Crossing Center','','Kajanan','','','','','','45');
INSERT INTO "Address__c" VALUES(138,'Indonesia','2 Chinook Road','','Sumberdangdang','','','','','','46');
INSERT INTO "Address__c" VALUES(139,'Indonesia','402 Loomis Lane','','Cileunyi','','','','','','47');
INSERT INTO "Address__c" VALUES(140,'Indonesia','52 Mifflin Circle','','Tempaling','','','','','','48');
INSERT INTO "Address__c" VALUES(141,'Italy','2 Old Gate Parkway','Sicilia','Messina','98146','','','','','49');
INSERT INTO "Address__c" VALUES(142,'Japan','9 Carpenter Trail','','Jōetsu','','','','','','50');
INSERT INTO "Address__c" VALUES(143,'Kazakhstan','0491 La Follette Crossing','','Taldyqorghan','','','','','','51');
INSERT INTO "Address__c" VALUES(144,'Kazakhstan','1902 Randy Alley','','Kokshetau','','','','','','52');
INSERT INTO "Address__c" VALUES(145,'New Zealand','535 Susan Trail','','Red Hill','','','','','','53');
INSERT INTO "Address__c" VALUES(146,'Nigeria','7060 Marcy Center','','Tegina','','','','','','54');
INSERT INTO "Address__c" VALUES(147,'Philippines','0087 Russell Pass','','Takub','','','','','','55');
INSERT INTO "Address__c" VALUES(148,'Philippines','0990 Mayfield Hill','','Calaba','','','','','','56');
INSERT INTO "Address__c" VALUES(149,'Philippines','1 Oriole Parkway','','Hermosa','','','','','','57');
INSERT INTO "Address__c" VALUES(150,'Philippines','126 Morningstar Park','','Bantacan','','','','','','58');
INSERT INTO "Address__c" VALUES(151,'Philippines','309 Basil Junction','','Sexmoan','','','','','','59');
INSERT INTO "Address__c" VALUES(152,'Philippines','4026 Monument Terrace','','Lais','','','','','','60');
INSERT INTO "Address__c" VALUES(153,'Philippines','75 Ramsey Pass','','Bantacan','','','','','','61');
INSERT INTO "Address__c" VALUES(154,'Philippines','909 Alpine Avenue','','Lumbang','','','','','','62');
INSERT INTO "Address__c" VALUES(155,'Philippines','92336 Bunker Hill Drive','','Mambago','','','','','','63');
INSERT INTO "Address__c" VALUES(156,'Poland','0 Darwin Lane','','Kowale','','','','','','64');
INSERT INTO "Address__c" VALUES(157,'Poland','098 Scoville Point','','Przecław','','','','','','65');
INSERT INTO "Address__c" VALUES(158,'Poland','13 Crownhardt Point','','Wilkowice','','','','','','66');
INSERT INTO "Address__c" VALUES(159,'Poland','843 Cottonwood Lane','','Świnna','','','','','','67');
INSERT INTO "Address__c" VALUES(160,'Poland','942 Vidon Hill','','Kiełczów','','','','','','68');
INSERT INTO "Address__c" VALUES(161,'Portugal','0 Shopko Avenue','Lisboa','Aldeia de Juzo','2750-015','','','','','69');
INSERT INTO "Address__c" VALUES(162,'Portugal','49997 Oakridge Pass','Coimbra','Ribeira','3360-257','','','','','70');
INSERT INTO "Address__c" VALUES(163,'Russia','0747 Drewry Crossing','','Staropyshminsk','','','','','','71');
INSERT INTO "Address__c" VALUES(164,'Russia','4 Lillian Trail','','Slyudyanka','','','','','','72');
INSERT INTO "Address__c" VALUES(165,'Russia','755 Thierer Place','','Uchkulan','','','','','','73');
INSERT INTO "Address__c" VALUES(166,'Russia','8 Transport Plaza','','Peresvet','','','','','','74');
INSERT INTO "Address__c" VALUES(167,'Russia','93 Eastlawn Crossing','','Bolgar','','','','','','75');
INSERT INTO "Address__c" VALUES(168,'Sierra Leone','484 Londonderry Plaza','','Kayima','','','','','','76');
INSERT INTO "Address__c" VALUES(169,'South Korea','701 Waubesa Crossing','','Enjitsu','','','','','','77');
INSERT INTO "Address__c" VALUES(170,'Sweden','62 Graedel Center','Stockholm','Sundbyberg','172 69','','','','','78');
INSERT INTO "Address__c" VALUES(171,'Syria','24609 Thompson Parkway','','Tasīl','','','','','','79');
INSERT INTO "Address__c" VALUES(172,'Thailand','1 Basil Circle','','Bueng Samakkhi','','','','','','80');
INSERT INTO "Address__c" VALUES(173,'Thailand','4328 Hoffman Road','','Kamalasai','','','','','','81');
INSERT INTO "Address__c" VALUES(174,'Thailand','5730 International Lane','','Phuket','','','','','','82');
INSERT INTO "Address__c" VALUES(175,'Ukraine','2072 Hayes Plaza','','Rybache','','','','','','83');
INSERT INTO "Address__c" VALUES(176,'Ukraine','39955 Canary Avenue','','Truskavets','','','','','','84');
INSERT INTO "Address__c" VALUES(177,'United States','07050 Doe Crossing Plaza','Minnesota','Saint Paul','55108','','','','','85');
INSERT INTO "Address__c" VALUES(178,'United States','36055 Maple Hill','Connecticut','Waterbury','06705','','','','','86');
INSERT INTO "Address__c" VALUES(179,'United States','50 Cherokee Way','Louisiana','Baton Rouge','70894','','','','','87');
CREATE TABLE "Allocation__c" (
	id INTEGER NOT NULL, 
	"Percent__c" VARCHAR(255), 
	opportunity__c VARCHAR(255), 
	general_accounting_unit__c VARCHAR(255), 
	PRIMARY KEY (id)
);
INSERT INTO "Allocation__c" VALUES(1,'10.0','49','17');
INSERT INTO "Allocation__c" VALUES(2,'10.0','49','30');
INSERT INTO "Allocation__c" VALUES(3,'10.0','49','38');
INSERT INTO "Allocation__c" VALUES(4,'10.0','49','41');
INSERT INTO "Allocation__c" VALUES(5,'10.0','49','42');
INSERT INTO "Allocation__c" VALUES(6,'10.0','49','50');
INSERT INTO "Allocation__c" VALUES(7,'10.0','49','1');
INSERT INTO "Allocation__c" VALUES(8,'10.0','49','2');
INSERT INTO "Allocation__c" VALUES(9,'10.0','49','12');
INSERT INTO "Allocation__c" VALUES(10,'10.0','49','14');
INSERT INTO "Allocation__c" VALUES(11,'10.0','50','17');
INSERT INTO "Allocation__c" VALUES(12,'10.0','50','25');
INSERT INTO "Allocation__c" VALUES(13,'10.0','50','29');
INSERT INTO "Allocation__c" VALUES(14,'10.0','50','39');
INSERT INTO "Allocation__c" VALUES(15,'10.0','50','50');
INSERT INTO "Allocation__c" VALUES(16,'10.0','50','5');
INSERT INTO "Allocation__c" VALUES(17,'10.0','50','9');
INSERT INTO "Allocation__c" VALUES(18,'10.0','50','10');
INSERT INTO "Allocation__c" VALUES(19,'10.0','50','12');
INSERT INTO "Allocation__c" VALUES(20,'10.0','50','15');
INSERT INTO "Allocation__c" VALUES(21,'10.0','123','17');
INSERT INTO "Allocation__c" VALUES(22,'10.0','123','24');
INSERT INTO "Allocation__c" VALUES(23,'10.0','123','40');
INSERT INTO "Allocation__c" VALUES(24,'10.0','123','42');
INSERT INTO "Allocation__c" VALUES(25,'10.0','123','48');
INSERT INTO "Allocation__c" VALUES(26,'10.0','123','50');
INSERT INTO "Allocation__c" VALUES(27,'10.0','123','50');
INSERT INTO "Allocation__c" VALUES(28,'10.0','123','9');
INSERT INTO "Allocation__c" VALUES(29,'10.0','123','10');
INSERT INTO "Allocation__c" VALUES(30,'10.0','123','12');
INSERT INTO "Allocation__c" VALUES(31,'10.0','222','18');
INSERT INTO "Allocation__c" VALUES(32,'10.0','222','19');
INSERT INTO "Allocation__c" VALUES(33,'10.0','222','19');
INSERT INTO "Allocation__c" VALUES(34,'10.0','222','33');
INSERT INTO "Allocation__c" VALUES(35,'10.0','222','34');
INSERT INTO "Allocation__c" VALUES(36,'10.0','222','35');
INSERT INTO "Allocation__c" VALUES(37,'10.0','222','44');
INSERT INTO "Allocation__c" VALUES(38,'10.0','222','9');
INSERT INTO "Allocation__c" VALUES(39,'10.0','222','11');
INSERT INTO "Allocation__c" VALUES(40,'10.0','222','13');
INSERT INTO "Allocation__c" VALUES(41,'10.0','172','21');
INSERT INTO "Allocation__c" VALUES(42,'10.0','172','23');
INSERT INTO "Allocation__c" VALUES(43,'10.0','172','28');
INSERT INTO "Allocation__c" VALUES(44,'10.0','172','30');
INSERT INTO "Allocation__c" VALUES(45,'10.0','172','32');
INSERT INTO "Allocation__c" VALUES(46,'10.0','172','37');
INSERT INTO "Allocation__c" VALUES(47,'10.0','172','37');
INSERT INTO "Allocation__c" VALUES(48,'10.0','172','46');
INSERT INTO "Allocation__c" VALUES(49,'10.0','172','49');
INSERT INTO "Allocation__c" VALUES(50,'10.0','172','15');
INSERT INTO "Allocation__c" VALUES(51,'10.0','187','28');
INSERT INTO "Allocation__c" VALUES(52,'10.0','187','33');
INSERT INTO "Allocation__c" VALUES(53,'10.0','187','33');
INSERT INTO "Allocation__c" VALUES(54,'10.0','187','36');
INSERT INTO "Allocation__c" VALUES(55,'10.0','187','45');
INSERT INTO "Allocation__c" VALUES(56,'10.0','187','48');
INSERT INTO "Allocation__c" VALUES(57,'10.0','187','9');
INSERT INTO "Allocation__c" VALUES(58,'10.0','187','11');
INSERT INTO "Allocation__c" VALUES(59,'10.0','187','12');
INSERT INTO "Allocation__c" VALUES(60,'10.0','187','14');
INSERT INTO "Allocation__c" VALUES(61,'10.0','117','16');
INSERT INTO "Allocation__c" VALUES(62,'10.0','117','24');
INSERT INTO "Allocation__c" VALUES(63,'10.0','117','27');
INSERT INTO "Allocation__c" VALUES(64,'10.0','117','45');
INSERT INTO "Allocation__c" VALUES(65,'10.0','117','45');
INSERT INTO "Allocation__c" VALUES(66,'10.0','117','4');
INSERT INTO "Allocation__c" VALUES(67,'10.0','117','6');
INSERT INTO "Allocation__c" VALUES(68,'10.0','117','9');
INSERT INTO "Allocation__c" VALUES(69,'10.0','117','9');
INSERT INTO "Allocation__c" VALUES(70,'10.0','117','15');
INSERT INTO "Allocation__c" VALUES(71,'10.0','21','16');
INSERT INTO "Allocation__c" VALUES(72,'10.0','21','21');
INSERT INTO "Allocation__c" VALUES(73,'10.0','21','22');
INSERT INTO "Allocation__c" VALUES(74,'10.0','21','31');
INSERT INTO "Allocation__c" VALUES(75,'10.0','21','42');
INSERT INTO "Allocation__c" VALUES(76,'10.0','21','42');
INSERT INTO "Allocation__c" VALUES(77,'10.0','21','49');
INSERT INTO "Allocation__c" VALUES(78,'10.0','21','5');
INSERT INTO "Allocation__c" VALUES(79,'10.0','21','7');
INSERT INTO "Allocation__c" VALUES(80,'10.0','21','8');
INSERT INTO "Allocation__c" VALUES(81,'10.0','151','19');
INSERT INTO "Allocation__c" VALUES(82,'10.0','151','22');
INSERT INTO "Allocation__c" VALUES(83,'10.0','151','23');
INSERT INTO "Allocation__c" VALUES(84,'10.0','151','31');
INSERT INTO "Allocation__c" VALUES(85,'10.0','151','36');
INSERT INTO "Allocation__c" VALUES(86,'10.0','151','40');
INSERT INTO "Allocation__c" VALUES(87,'10.0','151','43');
INSERT INTO "Allocation__c" VALUES(88,'10.0','151','46');
INSERT INTO "Allocation__c" VALUES(89,'10.0','151','3');
INSERT INTO "Allocation__c" VALUES(90,'10.0','151','5');
INSERT INTO "Allocation__c" VALUES(91,'10.0','155','20');
INSERT INTO "Allocation__c" VALUES(92,'10.0','155','25');
INSERT INTO "Allocation__c" VALUES(93,'10.0','155','26');
INSERT INTO "Allocation__c" VALUES(94,'10.0','155','29');
INSERT INTO "Allocation__c" VALUES(95,'10.0','155','35');
INSERT INTO "Allocation__c" VALUES(96,'10.0','155','39');
INSERT INTO "Allocation__c" VALUES(97,'10.0','155','47');
INSERT INTO "Allocation__c" VALUES(98,'10.0','155','49');
INSERT INTO "Allocation__c" VALUES(99,'10.0','155','2');
INSERT INTO "Allocation__c" VALUES(100,'10.0','155','13');
CREATE TABLE "Campaign" (
	id INTEGER NOT NULL, 
	name VARCHAR(255), 
	PRIMARY KEY (id)
);
INSERT INTO "Campaign" VALUES(1,'Jan 2015 Meeting');
INSERT INTO "Campaign" VALUES(2,'Feb 2015 Meeting');
INSERT INTO "Campaign" VALUES(3,'Mar 2015 Meeting');
INSERT INTO "Campaign" VALUES(4,'Apr 2015 Meeting');
INSERT INTO "Campaign" VALUES(5,'May 2015 Meeting');
INSERT INTO "Campaign" VALUES(6,'Jun 2015 Meeting');
INSERT INTO "Campaign" VALUES(7,'Jul 2015 Meeting');
INSERT INTO "Campaign" VALUES(8,'Aug 2015 Meeting');
INSERT INTO "Campaign" VALUES(9,'Sept 2015 Meeting');
INSERT INTO "Campaign" VALUES(10,'Oct 2015 Meeting');
INSERT INTO "Campaign" VALUES(11,'Nov 2015 Meeting');
INSERT INTO "Campaign" VALUES(12,'Dec 2015 Meeting');
INSERT INTO "Campaign" VALUES(13,'All Contacts');
CREATE TABLE "CampaignMember" (
	id INTEGER NOT NULL, 
	status VARCHAR(255), 
	contact_id VARCHAR(255), 
	campaign_id VARCHAR(255), 
	PRIMARY KEY (id)
);
INSERT INTO "CampaignMember" VALUES(1,'Sent','58','1');
INSERT INTO "CampaignMember" VALUES(2,'Sent','58','3');
INSERT INTO "CampaignMember" VALUES(3,'Sent','58','4');
INSERT INTO "CampaignMember" VALUES(4,'Sent','58','5');
INSERT INTO "CampaignMember" VALUES(5,'Sent','58','6');
INSERT INTO "CampaignMember" VALUES(6,'Sent','58','7');
INSERT INTO "CampaignMember" VALUES(7,'Sent','58','8');
INSERT INTO "CampaignMember" VALUES(8,'Sent','58','9');
INSERT INTO "CampaignMember" VALUES(9,'Sent','58','10');
INSERT INTO "CampaignMember" VALUES(10,'Sent','58','11');
INSERT INTO "CampaignMember" VALUES(11,'Sent','58','12');
INSERT INTO "CampaignMember" VALUES(12,'Sent','58','13');
INSERT INTO "CampaignMember" VALUES(13,'Sent','2','13');
INSERT INTO "CampaignMember" VALUES(14,'Sent','76','1');
INSERT INTO "CampaignMember" VALUES(15,'Sent','76','2');
INSERT INTO "CampaignMember" VALUES(16,'Sent','76','3');
INSERT INTO "CampaignMember" VALUES(17,'Sent','76','4');
INSERT INTO "CampaignMember" VALUES(18,'Sent','76','5');
INSERT INTO "CampaignMember" VALUES(19,'Sent','76','6');
INSERT INTO "CampaignMember" VALUES(20,'Sent','76','7');
INSERT INTO "CampaignMember" VALUES(21,'Sent','76','8');
INSERT INTO "CampaignMember" VALUES(22,'Sent','76','9');
INSERT INTO "CampaignMember" VALUES(23,'Sent','76','10');
INSERT INTO "CampaignMember" VALUES(24,'Sent','76','11');
INSERT INTO "CampaignMember" VALUES(25,'Sent','76','12');
INSERT INTO "CampaignMember" VALUES(26,'Sent','76','13');
INSERT INTO "CampaignMember" VALUES(27,'Sent','80','13');
INSERT INTO "CampaignMember" VALUES(28,'Sent','40','13');
INSERT INTO "CampaignMember" VALUES(29,'Sent','99','13');
INSERT INTO "CampaignMember" VALUES(30,'Sent','89','2');
INSERT INTO "CampaignMember" VALUES(31,'Sent','89','13');
INSERT INTO "CampaignMember" VALUES(32,'Sent','51','13');
INSERT INTO "CampaignMember" VALUES(33,'Sent','33','13');
INSERT INTO "CampaignMember" VALUES(34,'Sent','27','13');
INSERT INTO "CampaignMember" VALUES(35,'Sent','64','13');
INSERT INTO "CampaignMember" VALUES(36,'Sent','18','2');
INSERT INTO "CampaignMember" VALUES(37,'Sent','18','13');
INSERT INTO "CampaignMember" VALUES(38,'Sent','44','2');
INSERT INTO "CampaignMember" VALUES(39,'Sent','44','13');
INSERT INTO "CampaignMember" VALUES(40,'Sent','26','13');
INSERT INTO "CampaignMember" VALUES(41,'Sent','20','13');
INSERT INTO "CampaignMember" VALUES(42,'Sent','69','13');
INSERT INTO "CampaignMember" VALUES(43,'Sent','15','13');
INSERT INTO "CampaignMember" VALUES(44,'Sent','34','2');
INSERT INTO "CampaignMember" VALUES(45,'Sent','34','13');
INSERT INTO "CampaignMember" VALUES(46,'Sent','12','13');
INSERT INTO "CampaignMember" VALUES(47,'Sent','43','13');
INSERT INTO "CampaignMember" VALUES(48,'Sent','11','13');
INSERT INTO "CampaignMember" VALUES(49,'Sent','23','13');
INSERT INTO "CampaignMember" VALUES(50,'Sent','86','13');
INSERT INTO "CampaignMember" VALUES(51,'Sent','74','13');
INSERT INTO "CampaignMember" VALUES(52,'Sent','29','13');
INSERT INTO "CampaignMember" VALUES(53,'Sent','75','13');
INSERT INTO "CampaignMember" VALUES(54,'Sent','3','13');
INSERT INTO "CampaignMember" VALUES(55,'Sent','46','13');
INSERT INTO "CampaignMember" VALUES(56,'Sent','9','13');
INSERT INTO "CampaignMember" VALUES(57,'Sent','6','13');
INSERT INTO "CampaignMember" VALUES(58,'Sent','8','13');
INSERT INTO "CampaignMember" VALUES(59,'Sent','41','13');
INSERT INTO "CampaignMember" VALUES(60,'Sent','100','13');
INSERT INTO "CampaignMember" VALUES(61,'Sent','28','13');
INSERT INTO "CampaignMember" VALUES(62,'Sent','67','13');
INSERT INTO "CampaignMember" VALUES(63,'Sent','77','13');
INSERT INTO "CampaignMember" VALUES(64,'Sent','10','13');
INSERT INTO "CampaignMember" VALUES(65,'Sent','90','13');
INSERT INTO "CampaignMember" VALUES(66,'Sent','42','13');
INSERT INTO "CampaignMember" VALUES(67,'Sent','31','13');
INSERT INTO "CampaignMember" VALUES(68,'Sent','85','13');
INSERT INTO "CampaignMember" VALUES(69,'Sent','66','13');
INSERT INTO "CampaignMember" VALUES(70,'Sent','47','13');
INSERT INTO "CampaignMember" VALUES(71,'Sent','22','13');
INSERT INTO "CampaignMember" VALUES(72,'Sent','35','13');
INSERT INTO "CampaignMember" VALUES(73,'Sent','98','13');
INSERT INTO "CampaignMember" VALUES(74,'Sent','78','13');
INSERT INTO "CampaignMember" VALUES(75,'Sent','48','13');
INSERT INTO "CampaignMember" VALUES(76,'Sent','95','2');
INSERT INTO "CampaignMember" VALUES(77,'Sent','95','13');
INSERT INTO "CampaignMember" VALUES(78,'Sent','24','1');
INSERT INTO "CampaignMember" VALUES(79,'Sent','24','3');
INSERT INTO "CampaignMember" VALUES(80,'Sent','24','4');
INSERT INTO "CampaignMember" VALUES(81,'Sent','24','5');
INSERT INTO "CampaignMember" VALUES(82,'Sent','24','6');
INSERT INTO "CampaignMember" VALUES(83,'Sent','24','7');
INSERT INTO "CampaignMember" VALUES(84,'Sent','24','8');
INSERT INTO "CampaignMember" VALUES(85,'Sent','24','9');
INSERT INTO "CampaignMember" VALUES(86,'Sent','24','10');
INSERT INTO "CampaignMember" VALUES(87,'Sent','24','11');
INSERT INTO "CampaignMember" VALUES(88,'Sent','24','12');
INSERT INTO "CampaignMember" VALUES(89,'Sent','24','13');
INSERT INTO "CampaignMember" VALUES(90,'Sent','72','13');
INSERT INTO "CampaignMember" VALUES(91,'Sent','82','13');
INSERT INTO "CampaignMember" VALUES(92,'Sent','19','13');
INSERT INTO "CampaignMember" VALUES(93,'Sent','49','13');
INSERT INTO "CampaignMember" VALUES(94,'Sent','4','13');
INSERT INTO "CampaignMember" VALUES(95,'Sent','14','1');
INSERT INTO "CampaignMember" VALUES(96,'Sent','14','3');
INSERT INTO "CampaignMember" VALUES(97,'Sent','14','4');
INSERT INTO "CampaignMember" VALUES(98,'Sent','14','5');
INSERT INTO "CampaignMember" VALUES(99,'Sent','14','6');
INSERT INTO "CampaignMember" VALUES(100,'Sent','14','7');
INSERT INTO "CampaignMember" VALUES(101,'Sent','14','8');
INSERT INTO "CampaignMember" VALUES(102,'Sent','14','9');
INSERT INTO "CampaignMember" VALUES(103,'Sent','14','10');
INSERT INTO "CampaignMember" VALUES(104,'Sent','14','11');
INSERT INTO "CampaignMember" VALUES(105,'Sent','14','12');
INSERT INTO "CampaignMember" VALUES(106,'Sent','14','13');
INSERT INTO "CampaignMember" VALUES(107,'Sent','65','13');
INSERT INTO "CampaignMember" VALUES(108,'Sent','60','13');
INSERT INTO "CampaignMember" VALUES(109,'Sent','32','13');
INSERT INTO "CampaignMember" VALUES(110,'Sent','30','13');
INSERT INTO "CampaignMember" VALUES(111,'Sent','92','13');
INSERT INTO "CampaignMember" VALUES(112,'Sent','94','13');
INSERT INTO "CampaignMember" VALUES(113,'Sent','93','13');
INSERT INTO "CampaignMember" VALUES(114,'Sent','59','13');
INSERT INTO "CampaignMember" VALUES(115,'Sent','81','2');
INSERT INTO "CampaignMember" VALUES(116,'Sent','81','13');
INSERT INTO "CampaignMember" VALUES(117,'Sent','5','13');
INSERT INTO "CampaignMember" VALUES(118,'Sent','39','13');
INSERT INTO "CampaignMember" VALUES(119,'Sent','52','13');
INSERT INTO "CampaignMember" VALUES(120,'Sent','70','13');
INSERT INTO "CampaignMember" VALUES(121,'Sent','38','13');
INSERT INTO "CampaignMember" VALUES(122,'Sent','91','13');
INSERT INTO "CampaignMember" VALUES(123,'Sent','17','2');
INSERT INTO "CampaignMember" VALUES(124,'Sent','17','13');
INSERT INTO "CampaignMember" VALUES(125,'Sent','53','13');
INSERT INTO "CampaignMember" VALUES(126,'Sent','16','1');
INSERT INTO "CampaignMember" VALUES(127,'Sent','16','3');
INSERT INTO "CampaignMember" VALUES(128,'Sent','16','4');
INSERT INTO "CampaignMember" VALUES(129,'Sent','16','5');
INSERT INTO "CampaignMember" VALUES(130,'Sent','16','6');
INSERT INTO "CampaignMember" VALUES(131,'Sent','16','7');
INSERT INTO "CampaignMember" VALUES(132,'Sent','16','8');
INSERT INTO "CampaignMember" VALUES(133,'Sent','16','9');
INSERT INTO "CampaignMember" VALUES(134,'Sent','16','10');
INSERT INTO "CampaignMember" VALUES(135,'Sent','16','11');
INSERT INTO "CampaignMember" VALUES(136,'Sent','16','12');
INSERT INTO "CampaignMember" VALUES(137,'Sent','16','13');
INSERT INTO "CampaignMember" VALUES(138,'Sent','57','13');
INSERT INTO "CampaignMember" VALUES(139,'Sent','7','13');
INSERT INTO "CampaignMember" VALUES(140,'Sent','1','13');
INSERT INTO "CampaignMember" VALUES(141,'Sent','37','13');
INSERT INTO "CampaignMember" VALUES(142,'Sent','73','13');
INSERT INTO "CampaignMember" VALUES(143,'Sent','45','13');
INSERT INTO "CampaignMember" VALUES(144,'Sent','68','13');
INSERT INTO "CampaignMember" VALUES(145,'Sent','21','13');
INSERT INTO "CampaignMember" VALUES(146,'Sent','97','13');
INSERT INTO "CampaignMember" VALUES(147,'Sent','83','2');
INSERT INTO "CampaignMember" VALUES(148,'Sent','83','13');
INSERT INTO "CampaignMember" VALUES(149,'Sent','84','13');
INSERT INTO "CampaignMember" VALUES(150,'Sent','79','13');
INSERT INTO "CampaignMember" VALUES(151,'Sent','87','13');
INSERT INTO "CampaignMember" VALUES(152,'Sent','61','13');
INSERT INTO "CampaignMember" VALUES(153,'Sent','96','13');
INSERT INTO "CampaignMember" VALUES(154,'Sent','62','13');
INSERT INTO "CampaignMember" VALUES(155,'Sent','36','13');
INSERT INTO "CampaignMember" VALUES(156,'Sent','13','13');
INSERT INTO "CampaignMember" VALUES(157,'Sent','50','13');
INSERT INTO "CampaignMember" VALUES(158,'Sent','25','13');
INSERT INTO "CampaignMember" VALUES(159,'Sent','54','13');
INSERT INTO "CampaignMember" VALUES(160,'Sent','63','13');
INSERT INTO "CampaignMember" VALUES(161,'Sent','55','13');
INSERT INTO "CampaignMember" VALUES(162,'Sent','88','13');
INSERT INTO "CampaignMember" VALUES(163,'Sent','56','13');
INSERT INTO "CampaignMember" VALUES(164,'Sent','71','2');
INSERT INTO "CampaignMember" VALUES(165,'Sent','71','13');
CREATE TABLE "Contact" (
	id INTEGER NOT NULL, 
	"Salutation" VARCHAR(255), 
	"FirstName" VARCHAR(255), 
	"LastName" VARCHAR(255), 
	"Email" VARCHAR(255), 
	"Phone" VARCHAR(255), 
	"Title" VARCHAR(255), 
	account_id VARCHAR(255), 
	primary_affiliation__c VARCHAR(255), 
	PRIMARY KEY (id)
);
INSERT INTO "Contact" VALUES(1,'Ms','Alice','Patterson','','1-(266)195-4611','Financial Analyst','1','98');
INSERT INTO "Contact" VALUES(2,'Rev','Billy','Bradley','','5-(546)327-8049','Assistant Manager','2','148');
INSERT INTO "Contact" VALUES(3,'Mrs','Jerry','Harper','','','Account Representative II','3','112');
INSERT INTO "Contact" VALUES(4,'Mrs','Jeffrey','Thompson','','1-(503)051-4278','','4','96');
INSERT INTO "Contact" VALUES(5,'','Kathryn','Williams','','','','5','138');
INSERT INTO "Contact" VALUES(6,'Mr','Carl','Harvey','','5-(233)156-4659','','6','106');
INSERT INTO "Contact" VALUES(7,'Mr','Kathryn','Patterson','kpattersone@vkontakte.ru','5-(310)993-7204','','7','136');
INSERT INTO "Contact" VALUES(8,'','George','Hawkins','ghawkins2q@typepad.com','6-(759)496-9987','Desktop Support Technician','8','124');
INSERT INTO "Contact" VALUES(9,'Mr','Gloria','Hart','','7-(709)961-7856','','8','156');
INSERT INTO "Contact" VALUES(10,'Ms','Gloria','Howell','','','','9','104');
INSERT INTO "Contact" VALUES(11,'Honorable','Kevin','Gilbert','','','Registered Nurse','10','109');
INSERT INTO "Contact" VALUES(12,'Ms','Jean','Gardner','jgardner8@linkedin.com','2-(361)757-2109','Business Systems Development Analyst','11','146');
INSERT INTO "Contact" VALUES(13,'Honorable','Mary','Ross','','','Recruiter','12','141');
INSERT INTO "Contact" VALUES(14,'Honorable','Janice','Black','jblack1s@goodreads.com','9-(505)154-9220','Operator','13','128');
INSERT INTO "Contact" VALUES(15,'Ms','Helen','Frazier','hfrazier5@time.com','','Paralegal','14','116');
INSERT INTO "Contact" VALUES(16,'','Phyllis','Nichols','','','','15','117');
INSERT INTO "Contact" VALUES(17,'Mr','Lori','Murray','','','','15','121');
INSERT INTO "Contact" VALUES(18,'','Jose','Flores','jfloresf@usgs.gov','','Administrative Officer','16','93');
INSERT INTO "Contact" VALUES(19,'Dr','Pamela','Long','plong22@salon.com','0-(126)286-3604','','17','129');
INSERT INTO "Contact" VALUES(20,'','Joyce','Fowler','jfowler1z@bbb.org','9-(390)341-9013','','18','115');
INSERT INTO "Contact" VALUES(21,'Mr','Mary','Pierce','mpierce19@narod.ru','2-(217)899-8081','Human Resources Assistant I','19','97');
INSERT INTO "Contact" VALUES(22,'Dr','Rebecca','Johnston','','','Chief Design Engineer','20','88');
INSERT INTO "Contact" VALUES(23,'Rev','Ashley','Gomez','agomez6@guardian.co.uk','1-(509)186-1014','','21','94');
INSERT INTO "Contact" VALUES(24,'Mrs','Debra','Knight','','','','22','107');
INSERT INTO "Contact" VALUES(25,'Honorable','Ruth','Sanders','','','Administrative Assistant I','23','118');
INSERT INTO "Contact" VALUES(26,'Ms','Lillian','Flores','','','','24','119');
INSERT INTO "Contact" VALUES(27,'Honorable','Andrew','Fernandez','afernandez2n@comcast.net','6-(663)655-4163','','25','127');
INSERT INTO "Contact" VALUES(28,'','Robin','Hicks','','9-(233)213-5568','','26','108');
INSERT INTO "Contact" VALUES(29,'Dr','Jessica','Grant','','1-(952)559-8782','','30','152');
INSERT INTO "Contact" VALUES(30,'Honorable','Diane','Ward','','1-(271)207-4341','Payment Adjustment Coordinator','31','163');
INSERT INTO "Contact" VALUES(31,'','Cheryl','James','','5-(045)740-1346','Information Systems Manager','32','147');
INSERT INTO "Contact" VALUES(32,'Mr','Matthew','Wallace','','7-(656)377-5745','Biostatistician II','33','89');
INSERT INTO "Contact" VALUES(33,'Mr','Ann','Chapman','','','Food Chemist','34','102');
INSERT INTO "Contact" VALUES(34,'Honorable','Judith','Fuller','','9-(162)417-5819','','35','101');
INSERT INTO "Contact" VALUES(35,'Mr','Catherine','Jones','','4-(912)166-3558','','36','149');
INSERT INTO "Contact" VALUES(36,'','Jeremy','Banks','jbankso@edublogs.org','3-(121)796-1312','','37','141');
INSERT INTO "Contact" VALUES(37,'Rev','Randy','Perkins','rperkins23@furl.net','5-(314)277-1500','','38','103');
INSERT INTO "Contact" VALUES(38,'Ms','Joshua','Morales','jmorales2l@nbcnews.com','','Executive Secretary','39','120');
INSERT INTO "Contact" VALUES(39,'Ms','Robert','Medina','rmedina2k@amazon.co.uk','2-(601)920-7404','Nurse Practicioner','39','122');
INSERT INTO "Contact" VALUES(40,'Honorable','Arthur','Burton','aburtonq@hostgator.com','4-(245)684-4705','','40','146');
INSERT INTO "Contact" VALUES(41,'Ms','Evelyn','Hayes','','','','41','155');
INSERT INTO "Contact" VALUES(42,'Honorable','Eugene','Hunt','ehuntz@toplist.cz','2-(568)222-2673','','42','153');
INSERT INTO "Contact" VALUES(43,'Ms','Billy','Garrett','','0-(853)323-8778','Administrative Officer','43','98');
INSERT INTO "Contact" VALUES(44,'Dr','Raymond','Alvarez','','','Research Associate','44','166');
INSERT INTO "Contact" VALUES(45,'Dr','Stephanie','Bailey','','2-(434)350-2344','Programmer IV','44','166');
INSERT INTO "Contact" VALUES(46,'','Samuel','Harrison','','4-(604)044-0141','Software Consultant','44','166');
INSERT INTO "Contact" VALUES(47,'Honorable','David','Johnson','djohnson2b@scribd.com','2-(993)514-8842','','44','166');
INSERT INTO "Contact" VALUES(48,'Mr','Angela','Kelly','akelly2i@miitbeian.gov.cn','','','44','166');
INSERT INTO "Contact" VALUES(49,'Mrs','Chris','Medina','cmedina2a@networkadvertising.org','2-(128)916-8821','Quality Engineer','44','166');
INSERT INTO "Contact" VALUES(50,'Ms','Barbara','Russell','','2-(745)944-4149','Registered Nurse','44','166');
INSERT INTO "Contact" VALUES(51,'Mr','Marilyn','Chapman','','1-(487)342-6350','Programmer Analyst IV','27','123');
INSERT INTO "Contact" VALUES(52,'Mr','Pamela','Mills','pmills1q@reverbnation.com','9-(851)323-6414','Senior Editor','28','150');
INSERT INTO "Contact" VALUES(53,'Mr','Frances','Nelson','','2-(685)755-1269','Sales Representative','29','154');
INSERT INTO "Contact" VALUES(54,'Mrs','Ernest','Smith','','','','44','166');
INSERT INTO "Contact" VALUES(55,'','Albert','Stone','astone2g@dot.gov','','','44','166');
INSERT INTO "Contact" VALUES(56,'Honorable','Gary','Taylor','','','','44','166');
INSERT INTO "Contact" VALUES(57,'Mrs','Ruby','Oliver','','1-(926)682-2565','Staff Accountant I','45','158');
INSERT INTO "Contact" VALUES(58,'','Phyllis','Alvarez','','4-(935)637-3713','','46','133');
INSERT INTO "Contact" VALUES(59,'Mrs','Dorothy','Watson','dwatson13@virginia.edu','3-(843)452-8728','Senior Quality Engineer','47','130');
INSERT INTO "Contact" VALUES(60,'Rev','Shawn','Wallace','swallace7@ftc.gov','','','48','98');
INSERT INTO "Contact" VALUES(61,'Dr','Donna','Riley','drileyu@ed.gov','7-(161)939-6638','','49','113');
INSERT INTO "Contact" VALUES(62,'Honorable','Jacqueline','Rivera','jrivera1n@wikispaces.com','','Design Engineer','50','164');
INSERT INTO "Contact" VALUES(63,'Mrs','Eugene','Stephens','estephensx@bizjournals.com','','Administrative Officer','51','128');
INSERT INTO "Contact" VALUES(64,'Dr','Anthony','Fisher','afisher9@yale.edu','4-(323)334-2796','Human Resources Manager','52','139');
INSERT INTO "Contact" VALUES(65,'Mr','Andrea','Torres','','8-(792)543-6916','','53','126');
INSERT INTO "Contact" VALUES(66,'Rev','Brenda','Jenkins','bjenkins1d@sfgate.com','','','54','92');
INSERT INTO "Contact" VALUES(67,'Honorable','Jason','Anderson','','','Social Worker','55','132');
INSERT INTO "Contact" VALUES(68,'Mrs','Phillip','Perry','','','','56','99');
INSERT INTO "Contact" VALUES(69,'Mrs','Timothy','Franklin','tfranklin1j@seesaa.net','','','60','161');
INSERT INTO "Contact" VALUES(70,'Dr','Joe','Bailey','','1-(495)461-4170','','61','114');
INSERT INTO "Contact" VALUES(71,'Rev','Russell','Thomas','rthomas2m@e-recht24.de','','Web Developer IV','62','110');
INSERT INTO "Contact" VALUES(72,'Ms','Joseph','Lane','','8-(234)380-1727','Paralegal','63','105');
INSERT INTO "Contact" VALUES(73,'','George','Perry','','','','64','111');
INSERT INTO "Contact" VALUES(74,'Honorable','Sara','Anderson','','2-(803)151-8520','','65','90');
INSERT INTO "Contact" VALUES(75,'Ms','Martha','Hansen','mhanseny@t-online.de','','Software Engineer I','66','137');
INSERT INTO "Contact" VALUES(76,'Ms','Mildred','Willis','','3-(474)705-1693','','67','95');
INSERT INTO "Contact" VALUES(77,'Ms','Roy','Holmes','rholmes1r@digg.com','5-(595)114-1672','Legal Assistant','68','162');
INSERT INTO "Contact" VALUES(78,'','Mildred','Kelly','','7-(629)659-4669','Occupational Therapist','69','162');
INSERT INTO "Contact" VALUES(79,'Rev','Ryan','Reyes','','','','70','144');
INSERT INTO "Contact" VALUES(80,'Mrs','Howard','Burke','hburke1e@yandex.ru','','Chief Design Engineer','71','112');
INSERT INTO "Contact" VALUES(81,'','Melissa','Webb','','0-(411)456-7376','Accountant I','72','126');
INSERT INTO "Contact" VALUES(82,'Mrs','Kathy','Long','','8-(902)778-4158','','73','135');
INSERT INTO "Contact" VALUES(83,'Rev','Walter','Powell','','4-(668)963-5868','','74','154');
INSERT INTO "Contact" VALUES(84,'','Russell','Powell','rpowell1h@redcross.org','','Clinical Specialist','75','141');
INSERT INTO "Contact" VALUES(85,'Mr','Harry','Jenkins','hjenkinsh@typepad.com','5-(956)554-4923','Automation Specialist IV','76','157');
INSERT INTO "Contact" VALUES(86,'Rev','Rose','Gonzales','','','VP Product Management','77','134');
INSERT INTO "Contact" VALUES(87,'','Matthew','Richards','','','','78','160');
INSERT INTO "Contact" VALUES(88,'Mrs','Gerald','Sullivan','','9-(806)552-8308','','79','144');
INSERT INTO "Contact" VALUES(89,'Ms','Nicole','Chapman','nchapman0@europa.eu','3-(472)603-5084','','80','91');
INSERT INTO "Contact" VALUES(90,'','Kevin','Hudson','','','','81','151');
INSERT INTO "Contact" VALUES(91,'Ms','Julia','Morrison','','','','57','140');
INSERT INTO "Contact" VALUES(92,'Rev','Ryan','Ward','','','','58','145');
INSERT INTO "Contact" VALUES(93,'Dr','Craig','Washington','cwashington1i@miitbeian.gov.cn','3-(227)090-2681','','59','159');
INSERT INTO "Contact" VALUES(94,'Dr','Judith','Warren','jwarren26@linkedin.com','','Senior Editor','82','100');
INSERT INTO "Contact" VALUES(95,'Mr','Nicholas','King','','1-(068)662-5765','','83','125');
INSERT INTO "Contact" VALUES(96,'Honorable','Julie','Riley','','','','84','143');
INSERT INTO "Contact" VALUES(97,'Dr','Rebecca','Porter','','4-(706)074-7847','Assistant Manager','85','165');
INSERT INTO "Contact" VALUES(98,'Dr','Christopher','Austin','','','','86','131');
INSERT INTO "Contact" VALUES(99,'','Maria','Carr','','2-(078)409-0982','','87','142');
INSERT INTO "Contact" VALUES(100,'Honorable','Lois','Hernandez','','','Research Nurse','126','');
CREATE TABLE "General_Accounting_Unit__c" (
	id INTEGER NOT NULL, 
	name VARCHAR(255), 
	PRIMARY KEY (id)
);
INSERT INTO "General_Accounting_Unit__c" VALUES(1,'The ut Fund');
INSERT INTO "General_Accounting_Unit__c" VALUES(2,'The velit Fund');
INSERT INTO "General_Accounting_Unit__c" VALUES(3,'The nulla integer Fund');
INSERT INTO "General_Accounting_Unit__c" VALUES(4,'The consequat lectus Fund');
INSERT INTO "General_Accounting_Unit__c" VALUES(5,'The hac habitasse Fund');
INSERT INTO "General_Accounting_Unit__c" VALUES(6,'The sit Fund');
INSERT INTO "General_Accounting_Unit__c" VALUES(7,'The nam Fund');
INSERT INTO "General_Accounting_Unit__c" VALUES(8,'The id Fund');
INSERT INTO "General_Accounting_Unit__c" VALUES(9,'The quam sollicitudin Fund');
INSERT INTO "General_Accounting_Unit__c" VALUES(10,'The est phasellus Fund');
INSERT INTO "General_Accounting_Unit__c" VALUES(11,'The in Fund');
INSERT INTO "General_Accounting_Unit__c" VALUES(12,'The lacus at Fund');
INSERT INTO "General_Accounting_Unit__c" VALUES(13,'The dui nec Fund');
INSERT INTO "General_Accounting_Unit__c" VALUES(14,'The sociis Fund');
INSERT INTO "General_Accounting_Unit__c" VALUES(15,'The ut at Fund');
INSERT INTO "General_Accounting_Unit__c" VALUES(16,'The et Fund');
INSERT INTO "General_Accounting_Unit__c" VALUES(17,'The ultrices Fund');
INSERT INTO "General_Accounting_Unit__c" VALUES(18,'The pellentesque viverra Fund');
INSERT INTO "General_Accounting_Unit__c" VALUES(19,'The adipiscing elit Fund');
INSERT INTO "General_Accounting_Unit__c" VALUES(20,'The donec dapibus Fund');
INSERT INTO "General_Accounting_Unit__c" VALUES(21,'The non Fund');
INSERT INTO "General_Accounting_Unit__c" VALUES(22,'The id sapien Fund');
INSERT INTO "General_Accounting_Unit__c" VALUES(23,'The purus phasellus Fund');
INSERT INTO "General_Accounting_Unit__c" VALUES(24,'The in Fund');
INSERT INTO "General_Accounting_Unit__c" VALUES(25,'The in Fund');
INSERT INTO "General_Accounting_Unit__c" VALUES(26,'The elit Fund');
INSERT INTO "General_Accounting_Unit__c" VALUES(27,'The pretium nisl Fund');
INSERT INTO "General_Accounting_Unit__c" VALUES(28,'The a Fund');
INSERT INTO "General_Accounting_Unit__c" VALUES(29,'The integer aliquet Fund');
INSERT INTO "General_Accounting_Unit__c" VALUES(30,'The magna Fund');
INSERT INTO "General_Accounting_Unit__c" VALUES(31,'The consequat Fund');
INSERT INTO "General_Accounting_Unit__c" VALUES(32,'The dapibus Fund');
INSERT INTO "General_Accounting_Unit__c" VALUES(33,'The ipsum Fund');
INSERT INTO "General_Accounting_Unit__c" VALUES(34,'The sit Fund');
INSERT INTO "General_Accounting_Unit__c" VALUES(35,'The et Fund');
INSERT INTO "General_Accounting_Unit__c" VALUES(36,'The nulla Fund');
INSERT INTO "General_Accounting_Unit__c" VALUES(37,'The nullam Fund');
INSERT INTO "General_Accounting_Unit__c" VALUES(38,'The proin eu Fund');
INSERT INTO "General_Accounting_Unit__c" VALUES(39,'The erat Fund');
INSERT INTO "General_Accounting_Unit__c" VALUES(40,'The eget Fund');
INSERT INTO "General_Accounting_Unit__c" VALUES(41,'The eleifend pede Fund');
INSERT INTO "General_Accounting_Unit__c" VALUES(42,'The felis eu Fund');
INSERT INTO "General_Accounting_Unit__c" VALUES(43,'The tempus sit Fund');
INSERT INTO "General_Accounting_Unit__c" VALUES(44,'The lobortis sapien Fund');
INSERT INTO "General_Accounting_Unit__c" VALUES(45,'The augue quam Fund');
INSERT INTO "General_Accounting_Unit__c" VALUES(46,'The orci nullam Fund');
INSERT INTO "General_Accounting_Unit__c" VALUES(47,'The parturient Fund');
INSERT INTO "General_Accounting_Unit__c" VALUES(48,'The curabitur convallis Fund');
INSERT INTO "General_Accounting_Unit__c" VALUES(49,'The sit Fund');
INSERT INTO "General_Accounting_Unit__c" VALUES(50,'The semper Fund');
CREATE TABLE "Opportunity" (
	id INTEGER NOT NULL, 
	name VARCHAR(255), 
	amount VARCHAR(255), 
	stage_name VARCHAR(255), 
	close_date VARCHAR(255), 
	dont_create_payments VARCHAR(255), 
	account_id VARCHAR(255), 
	primary_contact__c VARCHAR(255), 
	npe03__recurring_donation__c VARCHAR(255), 
	PRIMARY KEY (id)
);
INSERT INTO "Opportunity" VALUES(1,'Eugene Stephens: $782','782.0','Closed Won','2015-03-21','false','51','63','');
INSERT INTO "Opportunity" VALUES(2,'Eugene Stephens: $314','314.0','Closed Won','2016-12-27','false','51','63','');
INSERT INTO "Opportunity" VALUES(3,'Eugene Stephens: $436','436.0','Closed Won','2017-01-04','false','51','63','');
INSERT INTO "Opportunity" VALUES(4,'Eugene Stephens: $157','157.0','Closed Won','2014-12-28','false','51','63','');
INSERT INTO "Opportunity" VALUES(5,'Anthony Fisher: $377','377.0','Closed Won','2016-06-16','false','52','64','');
INSERT INTO "Opportunity" VALUES(6,'Anthony Fisher: $654','654.0','Closed Won','2014-03-02','false','52','64','');
INSERT INTO "Opportunity" VALUES(7,'Anthony Fisher: $926','926.0','Closed Won','2015-01-18','false','52','64','');
INSERT INTO "Opportunity" VALUES(8,'Anthony Fisher: $838','838.0','Closed Won','2015-07-29','false','52','64','');
INSERT INTO "Opportunity" VALUES(9,'Anthony Fisher: $46','46.0','Closed Won','2016-07-03','false','52','64','');
INSERT INTO "Opportunity" VALUES(10,'Anthony Fisher: $440','440.0','Closed Won','2014-12-12','false','52','64','');
INSERT INTO "Opportunity" VALUES(11,'Anthony Fisher: $353','353.0','Closed Won','2016-07-09','false','52','64','');
INSERT INTO "Opportunity" VALUES(12,'Anthony Fisher: $338','338.0','Closed Won','2014-08-31','false','52','64','');
INSERT INTO "Opportunity" VALUES(13,'Anthony Fisher: $546','546.0','Closed Won','2015-04-10','false','52','64','');
INSERT INTO "Opportunity" VALUES(14,'Anthony Fisher: $316','316.0','Closed Won','2016-10-07','false','52','64','');
INSERT INTO "Opportunity" VALUES(15,'Carl Harvey: $245 Monthly','245.0','Closed Won','2016-02-04','false','6','6','1');
INSERT INTO "Opportunity" VALUES(16,'Carl Harvey: $245 Monthly','245.0','Closed Won','2016-03-04','false','6','6','1');
INSERT INTO "Opportunity" VALUES(17,'Carl Harvey: $245 Monthly','245.0','Closed Won','2016-04-04','false','6','6','1');
INSERT INTO "Opportunity" VALUES(18,'Carl Harvey: $245 Monthly','245.0','Closed Won','2016-05-04','false','6','6','1');
INSERT INTO "Opportunity" VALUES(19,'Carl Harvey: $245 Monthly','245.0','Closed Won','2016-06-04','false','6','6','1');
INSERT INTO "Opportunity" VALUES(20,'Carl Harvey: $245 Monthly','245.0','Closed Won','2016-07-04','false','6','6','1');
INSERT INTO "Opportunity" VALUES(21,'Carl Harvey: $245 Monthly','245.0','Closed Won','2016-08-04','false','6','6','1');
INSERT INTO "Opportunity" VALUES(22,'Carl Harvey: $245 Monthly','245.0','Closed Won','2016-09-04','false','6','6','1');
INSERT INTO "Opportunity" VALUES(23,'Carl Harvey: $245 Monthly','245.0','Closed Won','2016-10-04','false','6','6','1');
INSERT INTO "Opportunity" VALUES(24,'Carl Harvey: $245 Monthly','245.0','Closed Won','2016-11-04','false','6','6','1');
INSERT INTO "Opportunity" VALUES(25,'Carl Harvey: $245 Monthly','245.0','Closed Won','2016-12-04','false','6','6','1');
INSERT INTO "Opportunity" VALUES(26,'Carl Harvey: $245 Monthly','245.0','Closed Won','2017-01-04','false','6','6','1');
INSERT INTO "Opportunity" VALUES(27,'Carl Harvey: $750','750.0','Closed Won','2015-09-03','false','6','6','');
INSERT INTO "Opportunity" VALUES(28,'Carl Harvey: $976','976.0','Closed Won','2014-06-01','false','6','6','');
INSERT INTO "Opportunity" VALUES(29,'Carl Harvey: $22','22.0','Closed Won','2014-03-06','false','6','6','');
INSERT INTO "Opportunity" VALUES(30,'Carl Harvey: $627','627.0','Closed Won','2016-10-08','false','6','6','');
INSERT INTO "Opportunity" VALUES(31,'Carl Harvey: $965','965.0','Closed Won','2016-01-01','false','6','6','');
INSERT INTO "Opportunity" VALUES(32,'Carl Harvey: $116','116.0','Closed Won','2016-05-15','false','6','6','');
INSERT INTO "Opportunity" VALUES(33,'Carl Harvey: $260','260.0','Closed Won','2016-12-06','false','6','6','');
INSERT INTO "Opportunity" VALUES(34,'Carl Harvey: $365','365.0','Closed Won','2016-08-07','false','6','6','');
INSERT INTO "Opportunity" VALUES(35,'Carl Harvey: $550','550.0','Closed Won','2016-06-25','false','6','6','');
INSERT INTO "Opportunity" VALUES(36,'Carl Harvey: $131','131.0','Closed Won','2017-06-02','true','6','6','');
INSERT INTO "Opportunity" VALUES(37,'Carl Harvey: $631','631.0','Closed Won','2014-07-21','false','6','6','');
INSERT INTO "Opportunity" VALUES(38,'Carl Harvey: $970','970.0','Closed Won','2016-09-15','false','6','6','');
INSERT INTO "Opportunity" VALUES(39,'Carl Harvey: $59','59.0','Closed Won','2016-06-07','false','6','6','');
INSERT INTO "Opportunity" VALUES(40,'Carl Harvey: $253','253.0','Closed Won','2016-11-20','false','6','6','');
INSERT INTO "Opportunity" VALUES(41,'Carl Harvey: $421','421.0','Closed Won','2014-04-23','false','6','6','');
INSERT INTO "Opportunity" VALUES(42,'Carl Harvey: $743','743.0','Closed Won','2016-09-03','false','6','6','');
INSERT INTO "Opportunity" VALUES(43,'Carl Harvey: $37','37.0','Closed Won','2015-11-19','false','6','6','');
INSERT INTO "Opportunity" VALUES(44,'Carl Harvey: $409','409.0','Closed Won','2015-03-29','false','6','6','');
INSERT INTO "Opportunity" VALUES(45,'Carl Harvey: $858','858.0','Closed Won','2016-03-05','false','6','6','');
INSERT INTO "Opportunity" VALUES(46,'Carl Harvey: $146','146.0','Closed Won','2015-11-27','false','6','6','');
INSERT INTO "Opportunity" VALUES(47,'Carl Harvey: $657','657.0','Closed Won','2014-09-08','false','6','6','');
INSERT INTO "Opportunity" VALUES(48,'Carl Harvey: $36','36.0','Closed Won','2014-09-02','false','6','6','');
INSERT INTO "Opportunity" VALUES(49,'Carl Harvey: $393','393.0','Closed Won','2016-03-18','true','6','6','');
INSERT INTO "Opportunity" VALUES(50,'Carl Harvey: $643','643.0','Closed Won','2017-11-24','true','6','6','');
INSERT INTO "Opportunity" VALUES(51,'Carl Harvey: $813','813.0','Closed Won','2015-04-10','false','6','6','');
INSERT INTO "Opportunity" VALUES(52,'Carl Harvey: $557','557.0','Closed Won','2015-12-02','false','6','6','');
INSERT INTO "Opportunity" VALUES(53,'Carl Harvey: $926','926.0','Closed Won','2016-11-10','false','6','6','');
INSERT INTO "Opportunity" VALUES(54,'Jean Gardner: $457','457.0','Closed Won','2015-08-27','false','11','12','');
INSERT INTO "Opportunity" VALUES(55,'Jean Gardner: $13','13.0','Closed Won','2015-01-19','false','11','12','');
INSERT INTO "Opportunity" VALUES(56,'Jean Gardner: $234','234.0','Closed Won','2015-11-04','false','11','12','');
INSERT INTO "Opportunity" VALUES(57,'Jean Gardner: $84','84.0','Closed Won','2014-05-05','false','11','12','');
INSERT INTO "Opportunity" VALUES(58,'Jean Gardner: $952','952.0','Closed Won','2016-11-16','false','11','12','');
INSERT INTO "Opportunity" VALUES(59,'Jean Gardner: $3','3.0','Closed Won','2015-04-20','false','11','12','');
INSERT INTO "Opportunity" VALUES(60,'Jean Gardner: $521','521.0','Closed Won','2014-09-22','false','11','12','');
INSERT INTO "Opportunity" VALUES(61,'Jean Gardner: $567','567.0','Closed Won','2014-02-26','false','11','12','');
INSERT INTO "Opportunity" VALUES(62,'Lori Murray: $504','504.0','Closed Won','2015-03-01','false','15','17','');
INSERT INTO "Opportunity" VALUES(63,'Lori Murray: $109','109.0','Closed Won','2017-02-07','false','15','17','');
INSERT INTO "Opportunity" VALUES(64,'Lori Murray: $479','479.0','Closed Won','2015-08-07','false','15','17','');
INSERT INTO "Opportunity" VALUES(65,'Lori Murray: $270','270.0','Closed Won','2014-10-28','false','15','17','');
INSERT INTO "Opportunity" VALUES(66,'Lori Murray: $31','31.0','Closed Won','2017-01-20','false','15','17','');
INSERT INTO "Opportunity" VALUES(67,'Lori Murray: $157','157.0','Closed Won','2016-04-24','false','15','17','');
INSERT INTO "Opportunity" VALUES(68,'Lori Murray: $31','31.0','Closed Won','2015-09-28','false','15','17','');
INSERT INTO "Opportunity" VALUES(69,'Lori Murray: $836','836.0','Closed Won','2017-01-12','false','15','17','');
INSERT INTO "Opportunity" VALUES(70,'Lori Murray: $984','984.0','Closed Won','2014-03-20','false','15','17','');
INSERT INTO "Opportunity" VALUES(71,'Lori Murray: $862','862.0','Closed Won','2015-08-04','false','15','17','');
INSERT INTO "Opportunity" VALUES(72,'Robin Hicks: $433','433.0','Closed Won','2016-01-22','false','26','28','');
INSERT INTO "Opportunity" VALUES(73,'Robin Hicks: $794','794.0','Closed Won','2016-05-02','false','26','28','');
INSERT INTO "Opportunity" VALUES(74,'Robin Hicks: $6','6.0','Closed Won','2016-04-27','false','26','28','');
INSERT INTO "Opportunity" VALUES(75,'Robin Hicks: $87','87.0','Closed Won','2015-07-30','false','26','28','');
INSERT INTO "Opportunity" VALUES(76,'Robin Hicks: $641','641.0','Closed Won','2016-10-05','false','26','28','');
INSERT INTO "Opportunity" VALUES(77,'Robin Hicks: $29','29.0','Closed Won','2015-04-01','false','26','28','');
INSERT INTO "Opportunity" VALUES(78,'Robin Hicks: $915','915.0','Closed Won','2014-07-21','false','26','28','');
INSERT INTO "Opportunity" VALUES(79,'Robin Hicks: $907','907.0','Closed Won','2016-12-19','false','26','28','');
INSERT INTO "Opportunity" VALUES(80,'Robin Hicks: $905','905.0','Closed Won','2015-09-13','false','26','28','');
INSERT INTO "Opportunity" VALUES(81,'Robin Hicks: $957','957.0','Closed Won','2014-11-01','false','26','28','');
INSERT INTO "Opportunity" VALUES(82,'Ann Chapman: $547','547.0','Closed Won','2015-09-16','false','34','33','');
INSERT INTO "Opportunity" VALUES(83,'Ann Chapman: $235','235.0','Closed Won','2015-07-08','false','34','33','');
INSERT INTO "Opportunity" VALUES(84,'Ann Chapman: $502','502.0','Closed Won','2015-12-11','false','34','33','');
INSERT INTO "Opportunity" VALUES(85,'Ann Chapman: $635','635.0','Closed Won','2016-05-04','false','34','33','');
INSERT INTO "Opportunity" VALUES(86,'Ann Chapman: $514','514.0','Closed Won','2015-08-28','false','34','33','');
INSERT INTO "Opportunity" VALUES(87,'Ann Chapman: $70','70.0','Closed Won','2016-07-06','false','34','33','');
INSERT INTO "Opportunity" VALUES(88,'Ann Chapman: $401','401.0','Closed Won','2014-04-13','false','34','33','');
INSERT INTO "Opportunity" VALUES(89,'Ann Chapman: $466','466.0','Closed Won','2014-12-10','false','34','33','');
INSERT INTO "Opportunity" VALUES(90,'Ann Chapman: $344','344.0','Closed Won','2016-01-07','false','34','33','');
INSERT INTO "Opportunity" VALUES(91,'Ann Chapman: $110','110.0','Closed Won','2015-05-08','false','34','33','');
INSERT INTO "Opportunity" VALUES(92,'Raymond Alvarez: $820','820.0','Closed Won','2016-01-26','false','44','44','');
INSERT INTO "Opportunity" VALUES(93,'Raymond Alvarez: $492','492.0','Closed Won','2016-09-09','false','44','44','');
INSERT INTO "Opportunity" VALUES(94,'Raymond Alvarez: $892','892.0','Closed Won','2016-10-25','false','44','44','');
INSERT INTO "Opportunity" VALUES(95,'Raymond Alvarez: $798','798.0','Closed Won','2015-05-13','false','44','44','');
INSERT INTO "Opportunity" VALUES(96,'Raymond Alvarez: $265','265.0','Closed Won','2014-04-17','false','44','44','');
INSERT INTO "Opportunity" VALUES(97,'Raymond Alvarez: $934','934.0','Closed Won','2016-04-23','false','44','44','');
INSERT INTO "Opportunity" VALUES(98,'Raymond Alvarez: $599','599.0','Closed Won','2014-11-23','false','44','44','');
INSERT INTO "Opportunity" VALUES(99,'Raymond Alvarez: $538','538.0','Closed Won','2016-10-03','false','44','44','');
INSERT INTO "Opportunity" VALUES(100,'Raymond Alvarez: $993','993.0','Closed Won','2014-04-21','false','44','44','');
INSERT INTO "Opportunity" VALUES(101,'Raymond Alvarez: $4','4.0','Closed Won','2015-04-22','false','44','44','');
INSERT INTO "Opportunity" VALUES(102,'Eugene Stephens: $685','685.0','Closed Won','2015-08-07','false','51','63','');
INSERT INTO "Opportunity" VALUES(103,'Eugene Stephens: $974','974.0','Closed Won','2015-07-18','false','51','63','');
INSERT INTO "Opportunity" VALUES(104,'Eugene Stephens: $751','751.0','Closed Won','2017-01-30','false','51','63','');
INSERT INTO "Opportunity" VALUES(105,'Eugene Stephens: $449','449.0','Closed Won','2014-10-17','false','51','63','');
INSERT INTO "Opportunity" VALUES(106,'Eugene Stephens: $643','643.0','Closed Won','2015-09-26','false','51','63','');
INSERT INTO "Opportunity" VALUES(107,'Eugene Stephens: $127','127.0','Closed Won','2016-12-13','false','51','63','');
INSERT INTO "Opportunity" VALUES(108,'Carl Harvey Donation (1 of 1) 2/4/2016','0.0','Pledged','2016-02-04','false','6','6','1');
INSERT INTO "Opportunity" VALUES(109,'Alice Patterson: $177','177.0','Closed Won','2016-11-23','false','1','1','');
INSERT INTO "Opportunity" VALUES(110,'Alice Patterson: $208','208.0','Closed Won','2016-01-20','false','1','1','');
INSERT INTO "Opportunity" VALUES(111,'Alice Patterson: $553','553.0','Closed Won','2015-10-15','false','1','1','');
INSERT INTO "Opportunity" VALUES(112,'Alice Patterson: $565','565.0','Closed Won','2016-09-06','false','1','1','');
INSERT INTO "Opportunity" VALUES(113,'Alice Patterson: $310','310.0','Closed Won','2016-02-02','false','1','1','');
INSERT INTO "Opportunity" VALUES(114,'Alice Patterson: $483','483.0','Closed Won','2014-06-11','false','1','1','');
INSERT INTO "Opportunity" VALUES(115,'Alice Patterson: $151','151.0','Closed Won','2016-02-20','false','1','1','');
INSERT INTO "Opportunity" VALUES(116,'Alice Patterson: $537','537.0','Closed Won','2014-05-31','false','1','1','');
INSERT INTO "Opportunity" VALUES(117,'Edgeify: $4965','4965.0','Closed Won','2015-11-02','true','106','','');
INSERT INTO "Opportunity" VALUES(118,'Edgeify: $5297','5297.0','Closed Won','2015-11-27','false','106','','');
INSERT INTO "Opportunity" VALUES(119,'Edgeify: $6258','6258.0','Closed Won','2014-07-24','false','106','','');
INSERT INTO "Opportunity" VALUES(120,'Edgeify: $2804','2804.0','Closed Won','2014-03-12','false','106','','');
INSERT INTO "Opportunity" VALUES(121,'Edgeify: $7164','7164.0','Closed Won','2014-03-09','false','106','','');
INSERT INTO "Opportunity" VALUES(122,'Edgeify: $6989','6989.0','Closed Won','2016-08-29','false','106','','');
INSERT INTO "Opportunity" VALUES(123,'Edgeify: $7858','7858.0','Closed Won','2015-01-04','true','106','','');
INSERT INTO "Opportunity" VALUES(124,'Edgeify: $181','181.0','Closed Won','2014-12-04','false','106','','');
INSERT INTO "Opportunity" VALUES(125,'Edgeify: $3422','3422.0','Closed Won','2015-01-31','false','106','','');
INSERT INTO "Opportunity" VALUES(126,'Edgeify: $2434','2434.0','Closed Won','2014-11-02','false','106','','');
INSERT INTO "Opportunity" VALUES(127,'Skidoo: $3738','3738.0','Closed Won','2015-08-02','false','140','','');
INSERT INTO "Opportunity" VALUES(128,'Skidoo: $6351','6351.0','Closed Won','2015-12-29','false','140','','');
INSERT INTO "Opportunity" VALUES(129,'Skidoo: $2233','2233.0','Closed Won','2015-05-18','false','140','','');
INSERT INTO "Opportunity" VALUES(130,'Skidoo: $3361','3361.0','Closed Won','2014-09-08','false','140','','');
INSERT INTO "Opportunity" VALUES(131,'Skidoo: $3124','3124.0','Closed Won','2016-05-15','false','140','','');
INSERT INTO "Opportunity" VALUES(132,'Skidoo: $2909','2909.0','Closed Won','2016-05-16','false','140','','');
INSERT INTO "Opportunity" VALUES(133,'Skidoo: $1824','1824.0','Closed Won','2015-07-30','false','140','','');
INSERT INTO "Opportunity" VALUES(134,'Skidoo: $4670','4670.0','Closed Won','2014-09-17','false','140','','');
INSERT INTO "Opportunity" VALUES(135,'Skidoo: $5400','5400.0','Closed Won','2015-03-22','false','140','','');
INSERT INTO "Opportunity" VALUES(136,'Skidoo: $9404','9404.0','Closed Won','2014-02-15','false','140','','');
INSERT INTO "Opportunity" VALUES(137,'Alice Patterson: $218','218.0','Closed Won','2016-11-23','false','1','1','');
INSERT INTO "Opportunity" VALUES(138,'Alice Patterson: $376','376.0','Closed Won','2016-10-13','false','1','1','');
INSERT INTO "Opportunity" VALUES(139,'Jean Gardner: $744','744.0','Closed Won','2016-04-26','false','11','12','');
INSERT INTO "Opportunity" VALUES(140,'Jean Gardner: $619','619.0','Closed Won','2014-09-11','false','11','12','');
INSERT INTO "Opportunity" VALUES(141,'Carl Harvey: $13','13.0','Closed Won','2016-02-28','false','6','6','');
INSERT INTO "Opportunity" VALUES(142,'Carl Harvey: $609','609.0','Closed Won','2014-12-18','false','6','6','');
INSERT INTO "Opportunity" VALUES(143,'Carl Harvey: $962','962.0','Closed Won','2016-01-28','false','6','6','');
INSERT INTO "Opportunity" VALUES(144,'Carl Harvey: $204','204.0','Closed Won','2015-12-25','false','6','6','');
INSERT INTO "Opportunity" VALUES(145,'Carl Harvey: $153','153.0','Closed Won','2015-06-01','false','6','6','');
INSERT INTO "Opportunity" VALUES(146,'Carl Harvey: $89','89.0','Closed Won','2016-01-23','false','6','6','');
INSERT INTO "Opportunity" VALUES(147,'Carl Harvey: $331','331.0','Closed Won','2016-01-26','false','6','6','');
INSERT INTO "Opportunity" VALUES(148,'Joseph Lane: $272','272.0','Closed Won','2014-12-10','false','63','72','');
INSERT INTO "Opportunity" VALUES(149,'Joseph Lane: $261','261.0','Closed Won','2016-06-06','false','63','72','');
INSERT INTO "Opportunity" VALUES(150,'Joseph Lane: $921','921.0','Closed Won','2016-05-04','false','63','72','');
INSERT INTO "Opportunity" VALUES(151,'Joseph Lane: $757','757.0','Closed Won','2015-06-28','true','63','72','');
INSERT INTO "Opportunity" VALUES(152,'Joseph Lane: $375','375.0','Closed Won','2014-09-04','false','63','72','');
INSERT INTO "Opportunity" VALUES(153,'Joseph Lane: $698','698.0','Closed Won','2014-03-23','false','63','72','');
INSERT INTO "Opportunity" VALUES(154,'Joseph Lane: $892','892.0','Closed Won','2015-04-20','false','63','72','');
INSERT INTO "Opportunity" VALUES(155,'Joseph Lane: $85','85.0','Closed Won','2016-06-30','true','63','72','');
INSERT INTO "Opportunity" VALUES(156,'Joseph Lane: $830','830.0','Closed Won','2015-01-05','false','63','72','');
INSERT INTO "Opportunity" VALUES(157,'Joseph Lane: $656','656.0','Closed Won','2016-01-15','false','63','72','');
INSERT INTO "Opportunity" VALUES(158,'Carl Harvey: $842','842.0','Closed Won','2015-07-29','false','6','6','');
INSERT INTO "Opportunity" VALUES(159,'Carl Harvey: $736','736.0','Closed Won','2014-09-14','false','6','6','');
INSERT INTO "Opportunity" VALUES(160,'Carl Harvey: $978','978.0','Closed Won','2014-03-20','false','6','6','');
INSERT INTO "Opportunity" VALUES(161,'Carl Harvey: $927','927.0','Closed Won','2015-04-24','false','6','6','');
INSERT INTO "Opportunity" VALUES(162,'Carl Harvey: $321','321.0','Closed Won','2014-05-17','false','6','6','');
INSERT INTO "Opportunity" VALUES(163,'Carl Harvey: $282','282.0','Closed Won','2014-02-04','false','6','6','');
INSERT INTO "Opportunity" VALUES(164,'Carl Harvey: $750','750.0','Closed Won','2014-02-21','false','6','6','');
INSERT INTO "Opportunity" VALUES(165,'Carl Harvey: $996','996.0','Closed Won','2014-06-16','false','6','6','');
INSERT INTO "Opportunity" VALUES(166,'Carl Harvey: $536','536.0','Closed Won','2017-01-14','false','6','6','');
INSERT INTO "Opportunity" VALUES(167,'Carl Harvey: $756','756.0','Closed Won','2016-11-10','false','6','6','');
INSERT INTO "Opportunity" VALUES(168,'Carl Harvey: $119','119.0','Closed Won','2016-04-03','false','6','6','');
INSERT INTO "Opportunity" VALUES(169,'Carl Harvey: $309','309.0','Closed Won','2014-11-01','false','6','6','');
INSERT INTO "Opportunity" VALUES(170,'Carl Harvey: $230','230.0','Closed Won','2015-10-06','false','6','6','');
INSERT INTO "Opportunity" VALUES(171,'Carl Harvey: $118','118.0','Closed Won','2015-04-18','false','6','6','');
INSERT INTO "Opportunity" VALUES(172,'Carl Harvey: $327','327.0','Closed Won','2015-01-23','true','6','6','');
INSERT INTO "Opportunity" VALUES(173,'Carl Harvey: $557','557.0','Closed Won','2016-01-07','false','6','6','');
INSERT INTO "Opportunity" VALUES(174,'Carl Harvey: $642','642.0','Closed Won','2016-02-08','false','6','6','');
INSERT INTO "Opportunity" VALUES(175,'Carl Harvey: $782','782.0','Closed Won','2015-04-19','false','6','6','');
INSERT INTO "Opportunity" VALUES(176,'Carl Harvey: $409','409.0','Closed Won','2015-05-21','false','6','6','');
INSERT INTO "Opportunity" VALUES(177,'Carl Harvey: $501','501.0','Closed Won','2014-11-30','false','6','6','');
INSERT INTO "Opportunity" VALUES(178,'Carl Harvey: $998','998.0','Closed Won','2015-08-18','false','6','6','');
INSERT INTO "Opportunity" VALUES(179,'Carl Harvey: $338','338.0','Closed Won','2015-01-01','false','6','6','');
INSERT INTO "Opportunity" VALUES(180,'Carl Harvey: $737','737.0','Closed Won','2016-12-15','false','6','6','');
INSERT INTO "Opportunity" VALUES(181,'Carl Harvey: $410','410.0','Closed Won','2016-04-12','false','6','6','');
INSERT INTO "Opportunity" VALUES(182,'Carl Harvey: $202','202.0','Closed Won','2016-10-16','false','6','6','');
INSERT INTO "Opportunity" VALUES(183,'Carl Harvey: $997','997.0','Closed Won','2017-01-29','false','6','6','');
INSERT INTO "Opportunity" VALUES(184,'Carl Harvey: $609','609.0','Closed Won','2014-06-09','false','6','6','');
INSERT INTO "Opportunity" VALUES(185,'Carl Harvey: $952','952.0','Closed Won','2016-06-15','false','6','6','');
INSERT INTO "Opportunity" VALUES(186,'Carl Harvey: $734','734.0','Closed Won','2015-02-01','false','6','6','');
INSERT INTO "Opportunity" VALUES(187,'Carl Harvey: $540','540.0','Closed Won','2017-06-28','true','6','6','');
INSERT INTO "Opportunity" VALUES(188,'Carl Harvey: $507','507.0','Closed Won','2015-04-23','false','6','6','');
INSERT INTO "Opportunity" VALUES(189,'Carl Harvey: $976','976.0','Closed Won','2015-11-07','false','6','6','');
INSERT INTO "Opportunity" VALUES(190,'Carl Harvey: $973','973.0','Closed Won','2015-11-20','false','6','6','');
INSERT INTO "Opportunity" VALUES(191,'Carl Harvey: $837','837.0','Closed Won','2016-03-22','false','6','6','');
INSERT INTO "Opportunity" VALUES(192,'Carl Harvey: $871','871.0','Closed Won','2016-09-25','false','6','6','');
INSERT INTO "Opportunity" VALUES(193,'Carl Harvey: $839','839.0','Closed Won','2016-11-11','false','6','6','');
INSERT INTO "Opportunity" VALUES(194,'Carl Harvey: $451','451.0','Closed Won','2016-06-22','false','6','6','');
INSERT INTO "Opportunity" VALUES(195,'Carl Harvey: $236','236.0','Closed Won','2017-01-18','false','6','6','');
INSERT INTO "Opportunity" VALUES(196,'Carl Harvey: $504','504.0','Closed Won','2015-06-15','false','6','6','');
INSERT INTO "Opportunity" VALUES(197,'Carl Harvey: $234','234.0','Closed Won','2015-12-20','false','6','6','');
INSERT INTO "Opportunity" VALUES(198,'Carl Harvey: $762','762.0','Closed Won','2014-03-31','false','6','6','');
INSERT INTO "Opportunity" VALUES(199,'Carl Harvey: $357','357.0','Closed Won','2015-10-24','false','6','6','');
INSERT INTO "Opportunity" VALUES(200,'Carl Harvey: $992','992.0','Closed Won','2016-02-28','false','6','6','');
INSERT INTO "Opportunity" VALUES(201,'Carl Harvey: $666','666.0','Closed Won','2014-07-19','false','6','6','');
INSERT INTO "Opportunity" VALUES(202,'Carl Harvey: $128','128.0','Closed Won','2015-04-22','false','6','6','');
INSERT INTO "Opportunity" VALUES(203,'Carl Harvey: $111','111.0','Closed Won','2014-10-31','false','6','6','');
INSERT INTO "Opportunity" VALUES(204,'Carl Harvey: $719','719.0','Closed Won','2014-06-10','false','6','6','');
INSERT INTO "Opportunity" VALUES(205,'Carl Harvey: $22','22.0','Closed Won','2016-06-07','false','6','6','');
INSERT INTO "Opportunity" VALUES(206,'Carl Harvey: $844','844.0','Closed Won','2015-05-30','false','6','6','');
INSERT INTO "Opportunity" VALUES(207,'Carl Harvey: $989','989.0','Closed Won','2015-10-02','false','6','6','');
INSERT INTO "Opportunity" VALUES(208,'Carl Harvey: $368','368.0','Closed Won','2015-09-04','false','6','6','');
INSERT INTO "Opportunity" VALUES(209,'Carl Harvey: $896','896.0','Closed Won','2014-03-07','false','6','6','');
INSERT INTO "Opportunity" VALUES(210,'Carl Harvey: $108','108.0','Closed Won','2016-07-01','false','6','6','');
INSERT INTO "Opportunity" VALUES(211,'Carl Harvey: $911','911.0','Closed Won','2015-08-17','false','6','6','');
INSERT INTO "Opportunity" VALUES(212,'Carl Harvey: $834','834.0','Closed Won','2015-04-08','false','6','6','');
INSERT INTO "Opportunity" VALUES(213,'Carl Harvey: $45','45.0','Closed Won','2014-12-31','false','6','6','');
INSERT INTO "Opportunity" VALUES(214,'Carl Harvey: $99','99.0','Closed Won','2015-11-25','false','6','6','');
INSERT INTO "Opportunity" VALUES(215,'Carl Harvey: $971','971.0','Closed Won','2014-10-07','false','6','6','');
INSERT INTO "Opportunity" VALUES(216,'Carl Harvey: $639','639.0','Closed Won','2016-08-19','false','6','6','');
INSERT INTO "Opportunity" VALUES(217,'Carl Harvey: $919','919.0','Closed Won','2016-01-13','false','6','6','');
INSERT INTO "Opportunity" VALUES(218,'Carl Harvey: $476','476.0','Closed Won','2014-03-22','false','6','6','');
INSERT INTO "Opportunity" VALUES(219,'Carl Harvey: $321','321.0','Closed Won','2015-03-19','false','6','6','');
INSERT INTO "Opportunity" VALUES(220,'Carl Harvey: $585','585.0','Closed Won','2016-08-25','false','6','6','');
INSERT INTO "Opportunity" VALUES(221,'Carl Harvey: $546','546.0','Closed Won','2015-08-29','false','6','6','');
INSERT INTO "Opportunity" VALUES(222,'Carl Harvey: $485','485.0','Closed Won','2015-04-29','true','6','6','');
INSERT INTO "Opportunity" VALUES(223,'Carl Harvey: $329','329.0','Closed Won','2016-09-18','false','6','6','');
CREATE TABLE "OpportunityContactRole" (
	id INTEGER NOT NULL, 
	"Role" VARCHAR(255), 
	"IsPrimary" VARCHAR(255), 
	contact_id VARCHAR(255), 
	opportunity_id VARCHAR(255), 
	PRIMARY KEY (id)
);
INSERT INTO "OpportunityContactRole" VALUES(1,'Soft Credit','false','49','6');
INSERT INTO "OpportunityContactRole" VALUES(2,'Soft Credit','false','39','6');
INSERT INTO "OpportunityContactRole" VALUES(3,'Soft Credit','false','52','6');
INSERT INTO "OpportunityContactRole" VALUES(4,'Soft Credit','false','38','6');
INSERT INTO "OpportunityContactRole" VALUES(5,'Soft Credit','false','91','6');
INSERT INTO "OpportunityContactRole" VALUES(6,'Soft Credit','false','17','6');
INSERT INTO "OpportunityContactRole" VALUES(7,'Soft Credit','false','53','6');
INSERT INTO "OpportunityContactRole" VALUES(8,'Soft Credit','false','16','6');
INSERT INTO "OpportunityContactRole" VALUES(9,'Soft Credit','false','57','6');
INSERT INTO "OpportunityContactRole" VALUES(10,'Soft Credit','false','7','6');
INSERT INTO "OpportunityContactRole" VALUES(11,'Soft Credit','false','1','6');
INSERT INTO "OpportunityContactRole" VALUES(12,'Soft Credit','false','37','6');
INSERT INTO "OpportunityContactRole" VALUES(13,'Soft Credit','false','73','6');
INSERT INTO "OpportunityContactRole" VALUES(14,'Soft Credit','false','68','6');
INSERT INTO "OpportunityContactRole" VALUES(15,'Soft Credit','false','21','6');
INSERT INTO "OpportunityContactRole" VALUES(16,'Soft Credit','false','97','6');
INSERT INTO "OpportunityContactRole" VALUES(17,'Soft Credit','false','83','6');
INSERT INTO "OpportunityContactRole" VALUES(18,'Soft Credit','false','84','6');
INSERT INTO "OpportunityContactRole" VALUES(19,'Soft Credit','false','79','6');
INSERT INTO "OpportunityContactRole" VALUES(20,'Soft Credit','false','87','6');
INSERT INTO "OpportunityContactRole" VALUES(21,'Soft Credit','false','61','6');
INSERT INTO "OpportunityContactRole" VALUES(22,'Soft Credit','false','96','6');
INSERT INTO "OpportunityContactRole" VALUES(23,'Soft Credit','false','62','6');
INSERT INTO "OpportunityContactRole" VALUES(24,'Soft Credit','false','13','6');
INSERT INTO "OpportunityContactRole" VALUES(25,'Soft Credit','false','50','6');
INSERT INTO "OpportunityContactRole" VALUES(26,'Soft Credit','false','25','6');
INSERT INTO "OpportunityContactRole" VALUES(27,'Soft Credit','false','54','6');
INSERT INTO "OpportunityContactRole" VALUES(28,'Soft Credit','false','63','6');
INSERT INTO "OpportunityContactRole" VALUES(29,'Soft Credit','false','55','6');
INSERT INTO "OpportunityContactRole" VALUES(30,'Soft Credit','false','88','6');
INSERT INTO "OpportunityContactRole" VALUES(31,'Soft Credit','false','56','6');
INSERT INTO "OpportunityContactRole" VALUES(32,'Soft Credit','false','71','6');
INSERT INTO "OpportunityContactRole" VALUES(33,'Soft Credit','false','4','6');
INSERT INTO "OpportunityContactRole" VALUES(34,'Soft Credit','false','65','6');
INSERT INTO "OpportunityContactRole" VALUES(35,'Soft Credit','false','60','6');
INSERT INTO "OpportunityContactRole" VALUES(36,'Soft Credit','false','32','6');
INSERT INTO "OpportunityContactRole" VALUES(37,'Soft Credit','false','30','6');
INSERT INTO "OpportunityContactRole" VALUES(38,'Soft Credit','false','92','6');
INSERT INTO "OpportunityContactRole" VALUES(39,'Soft Credit','false','94','6');
INSERT INTO "OpportunityContactRole" VALUES(40,'Soft Credit','false','93','6');
INSERT INTO "OpportunityContactRole" VALUES(41,'Soft Credit','false','59','6');
INSERT INTO "OpportunityContactRole" VALUES(42,'Soft Credit','false','81','6');
INSERT INTO "OpportunityContactRole" VALUES(43,'Soft Credit','false','5','6');
INSERT INTO "OpportunityContactRole" VALUES(44,'Soft Credit','false','76','6');
INSERT INTO "OpportunityContactRole" VALUES(45,'Donor','true','6','108');
INSERT INTO "OpportunityContactRole" VALUES(46,'Soft Credit','false','58','6');
INSERT INTO "OpportunityContactRole" VALUES(47,'Soft Credit','false','44','6');
INSERT INTO "OpportunityContactRole" VALUES(48,'Soft Credit','false','74','6');
INSERT INTO "OpportunityContactRole" VALUES(49,'Soft Credit','false','67','6');
INSERT INTO "OpportunityContactRole" VALUES(50,'Soft Credit','false','98','6');
INSERT INTO "OpportunityContactRole" VALUES(51,'Soft Credit','false','70','6');
INSERT INTO "OpportunityContactRole" VALUES(52,'Soft Credit','false','45','6');
INSERT INTO "OpportunityContactRole" VALUES(53,'Soft Credit','false','36','6');
INSERT INTO "OpportunityContactRole" VALUES(54,'Soft Credit','false','14','6');
INSERT INTO "OpportunityContactRole" VALUES(55,'Soft Credit','false','2','6');
INSERT INTO "OpportunityContactRole" VALUES(56,'Soft Credit','false','80','6');
INSERT INTO "OpportunityContactRole" VALUES(57,'Soft Credit','false','99','6');
INSERT INTO "OpportunityContactRole" VALUES(58,'Soft Credit','false','89','6');
INSERT INTO "OpportunityContactRole" VALUES(59,'Soft Credit','false','51','6');
INSERT INTO "OpportunityContactRole" VALUES(60,'Soft Credit','false','33','6');
INSERT INTO "OpportunityContactRole" VALUES(61,'Soft Credit','false','27','6');
INSERT INTO "OpportunityContactRole" VALUES(62,'Soft Credit','false','18','6');
INSERT INTO "OpportunityContactRole" VALUES(63,'Soft Credit','false','26','6');
INSERT INTO "OpportunityContactRole" VALUES(64,'Soft Credit','false','20','6');
INSERT INTO "OpportunityContactRole" VALUES(65,'Soft Credit','false','69','6');
INSERT INTO "OpportunityContactRole" VALUES(66,'Soft Credit','false','15','6');
INSERT INTO "OpportunityContactRole" VALUES(67,'Soft Credit','false','34','6');
INSERT INTO "OpportunityContactRole" VALUES(68,'Soft Credit','false','12','6');
INSERT INTO "OpportunityContactRole" VALUES(69,'Soft Credit','false','43','6');
INSERT INTO "OpportunityContactRole" VALUES(70,'Soft Credit','false','11','6');
INSERT INTO "OpportunityContactRole" VALUES(71,'Soft Credit','false','23','6');
INSERT INTO "OpportunityContactRole" VALUES(72,'Soft Credit','false','86','6');
INSERT INTO "OpportunityContactRole" VALUES(73,'Soft Credit','false','29','6');
INSERT INTO "OpportunityContactRole" VALUES(74,'Soft Credit','false','75','6');
INSERT INTO "OpportunityContactRole" VALUES(75,'Soft Credit','false','3','6');
INSERT INTO "OpportunityContactRole" VALUES(76,'Soft Credit','false','46','6');
INSERT INTO "OpportunityContactRole" VALUES(77,'Soft Credit','false','9','6');
INSERT INTO "OpportunityContactRole" VALUES(78,'Soft Credit','false','6','6');
INSERT INTO "OpportunityContactRole" VALUES(79,'Soft Credit','false','8','6');
INSERT INTO "OpportunityContactRole" VALUES(80,'Soft Credit','false','41','6');
INSERT INTO "OpportunityContactRole" VALUES(81,'Soft Credit','false','100','6');
INSERT INTO "OpportunityContactRole" VALUES(82,'Soft Credit','false','28','6');
INSERT INTO "OpportunityContactRole" VALUES(83,'Soft Credit','false','77','6');
INSERT INTO "OpportunityContactRole" VALUES(84,'Soft Credit','false','10','6');
INSERT INTO "OpportunityContactRole" VALUES(85,'Soft Credit','false','90','6');
INSERT INTO "OpportunityContactRole" VALUES(86,'Soft Credit','false','42','6');
INSERT INTO "OpportunityContactRole" VALUES(87,'Soft Credit','false','31','6');
INSERT INTO "OpportunityContactRole" VALUES(88,'Soft Credit','false','85','6');
INSERT INTO "OpportunityContactRole" VALUES(89,'Soft Credit','false','66','6');
INSERT INTO "OpportunityContactRole" VALUES(90,'Soft Credit','false','40','6');
INSERT INTO "OpportunityContactRole" VALUES(91,'Soft Credit','false','47','6');
INSERT INTO "OpportunityContactRole" VALUES(92,'Soft Credit','false','22','6');
INSERT INTO "OpportunityContactRole" VALUES(93,'Soft Credit','false','35','6');
INSERT INTO "OpportunityContactRole" VALUES(94,'Soft Credit','false','78','6');
INSERT INTO "OpportunityContactRole" VALUES(95,'Soft Credit','false','48','6');
INSERT INTO "OpportunityContactRole" VALUES(96,'Soft Credit','false','95','6');
INSERT INTO "OpportunityContactRole" VALUES(97,'Soft Credit','false','24','6');
INSERT INTO "OpportunityContactRole" VALUES(98,'Soft Credit','false','72','6');
INSERT INTO "OpportunityContactRole" VALUES(99,'Soft Credit','false','82','6');
INSERT INTO "OpportunityContactRole" VALUES(100,'Soft Credit','false','19','6');
INSERT INTO "OpportunityContactRole" VALUES(101,'Influencer','false','58','49');
INSERT INTO "OpportunityContactRole" VALUES(102,'Influencer','false','2','49');
INSERT INTO "OpportunityContactRole" VALUES(103,'Influencer','false','76','155');
INSERT INTO "OpportunityContactRole" VALUES(104,'Influencer','false','80','117');
INSERT INTO "OpportunityContactRole" VALUES(105,'Influencer','false','40','117');
INSERT INTO "OpportunityContactRole" VALUES(106,'Influencer','false','99','117');
INSERT INTO "OpportunityContactRole" VALUES(107,'Influencer','false','89','117');
INSERT INTO "OpportunityContactRole" VALUES(108,'Influencer','false','51','117');
INSERT INTO "OpportunityContactRole" VALUES(109,'Influencer','false','33','117');
INSERT INTO "OpportunityContactRole" VALUES(110,'Influencer','false','27','117');
INSERT INTO "OpportunityContactRole" VALUES(111,'Influencer','false','64','117');
INSERT INTO "OpportunityContactRole" VALUES(112,'Influencer','false','18','117');
INSERT INTO "OpportunityContactRole" VALUES(113,'Influencer','false','44','49');
INSERT INTO "OpportunityContactRole" VALUES(114,'Influencer','false','26','117');
INSERT INTO "OpportunityContactRole" VALUES(115,'Influencer','false','20','187');
INSERT INTO "OpportunityContactRole" VALUES(116,'Influencer','false','69','187');
INSERT INTO "OpportunityContactRole" VALUES(117,'Influencer','false','15','187');
INSERT INTO "OpportunityContactRole" VALUES(118,'Influencer','false','34','187');
INSERT INTO "OpportunityContactRole" VALUES(119,'Influencer','false','12','187');
INSERT INTO "OpportunityContactRole" VALUES(120,'Influencer','false','43','187');
INSERT INTO "OpportunityContactRole" VALUES(121,'Influencer','false','11','187');
INSERT INTO "OpportunityContactRole" VALUES(122,'Influencer','false','23','187');
INSERT INTO "OpportunityContactRole" VALUES(123,'Influencer','false','86','187');
INSERT INTO "OpportunityContactRole" VALUES(124,'Influencer','false','74','49');
INSERT INTO "OpportunityContactRole" VALUES(125,'Influencer','false','29','187');
INSERT INTO "OpportunityContactRole" VALUES(126,'Influencer','false','75','151');
INSERT INTO "OpportunityContactRole" VALUES(127,'Influencer','false','3','151');
INSERT INTO "OpportunityContactRole" VALUES(128,'Influencer','false','46','151');
INSERT INTO "OpportunityContactRole" VALUES(129,'Influencer','false','9','151');
INSERT INTO "OpportunityContactRole" VALUES(130,'Influencer','false','6','151');
INSERT INTO "OpportunityContactRole" VALUES(131,'Influencer','false','8','151');
INSERT INTO "OpportunityContactRole" VALUES(132,'Influencer','false','41','151');
INSERT INTO "OpportunityContactRole" VALUES(133,'Influencer','false','100','151');
INSERT INTO "OpportunityContactRole" VALUES(134,'Influencer','false','28','151');
INSERT INTO "OpportunityContactRole" VALUES(135,'Influencer','false','67','49');
INSERT INTO "OpportunityContactRole" VALUES(136,'Influencer','false','77','151');
INSERT INTO "OpportunityContactRole" VALUES(137,'Influencer','false','10','50');
INSERT INTO "OpportunityContactRole" VALUES(138,'Influencer','false','90','50');
INSERT INTO "OpportunityContactRole" VALUES(139,'Influencer','false','42','50');
INSERT INTO "OpportunityContactRole" VALUES(140,'Influencer','false','31','50');
INSERT INTO "OpportunityContactRole" VALUES(141,'Influencer','false','85','50');
INSERT INTO "OpportunityContactRole" VALUES(142,'Influencer','false','66','50');
INSERT INTO "OpportunityContactRole" VALUES(143,'Influencer','false','47','50');
INSERT INTO "OpportunityContactRole" VALUES(144,'Influencer','false','22','50');
INSERT INTO "OpportunityContactRole" VALUES(145,'Influencer','false','35','50');
INSERT INTO "OpportunityContactRole" VALUES(146,'Influencer','false','98','49');
INSERT INTO "OpportunityContactRole" VALUES(147,'Influencer','false','78','50');
INSERT INTO "OpportunityContactRole" VALUES(148,'Influencer','false','48','172');
INSERT INTO "OpportunityContactRole" VALUES(149,'Influencer','false','95','172');
INSERT INTO "OpportunityContactRole" VALUES(150,'Influencer','false','24','172');
INSERT INTO "OpportunityContactRole" VALUES(151,'Influencer','false','72','172');
INSERT INTO "OpportunityContactRole" VALUES(152,'Influencer','false','82','172');
INSERT INTO "OpportunityContactRole" VALUES(153,'Influencer','false','19','172');
INSERT INTO "OpportunityContactRole" VALUES(154,'Influencer','false','49','172');
INSERT INTO "OpportunityContactRole" VALUES(155,'Influencer','false','39','172');
INSERT INTO "OpportunityContactRole" VALUES(156,'Influencer','false','52','172');
INSERT INTO "OpportunityContactRole" VALUES(157,'Influencer','false','70','49');
INSERT INTO "OpportunityContactRole" VALUES(158,'Influencer','false','38','172');
INSERT INTO "OpportunityContactRole" VALUES(159,'Influencer','false','91','21');
INSERT INTO "OpportunityContactRole" VALUES(160,'Influencer','false','17','21');
INSERT INTO "OpportunityContactRole" VALUES(161,'Influencer','false','53','21');
INSERT INTO "OpportunityContactRole" VALUES(162,'Influencer','false','16','21');
INSERT INTO "OpportunityContactRole" VALUES(163,'Influencer','false','57','21');
INSERT INTO "OpportunityContactRole" VALUES(164,'Influencer','false','7','21');
INSERT INTO "OpportunityContactRole" VALUES(165,'Influencer','false','1','21');
INSERT INTO "OpportunityContactRole" VALUES(166,'Influencer','false','37','21');
INSERT INTO "OpportunityContactRole" VALUES(167,'Influencer','false','73','21');
INSERT INTO "OpportunityContactRole" VALUES(168,'Influencer','false','45','49');
INSERT INTO "OpportunityContactRole" VALUES(169,'Influencer','false','68','21');
INSERT INTO "OpportunityContactRole" VALUES(170,'Influencer','false','21','222');
INSERT INTO "OpportunityContactRole" VALUES(171,'Influencer','false','97','222');
INSERT INTO "OpportunityContactRole" VALUES(172,'Influencer','false','83','222');
INSERT INTO "OpportunityContactRole" VALUES(173,'Influencer','false','84','222');
INSERT INTO "OpportunityContactRole" VALUES(174,'Influencer','false','79','222');
INSERT INTO "OpportunityContactRole" VALUES(175,'Influencer','false','87','222');
INSERT INTO "OpportunityContactRole" VALUES(176,'Influencer','false','61','222');
INSERT INTO "OpportunityContactRole" VALUES(177,'Influencer','false','96','222');
INSERT INTO "OpportunityContactRole" VALUES(178,'Influencer','false','62','222');
INSERT INTO "OpportunityContactRole" VALUES(179,'Influencer','false','36','49');
INSERT INTO "OpportunityContactRole" VALUES(180,'Influencer','false','13','222');
INSERT INTO "OpportunityContactRole" VALUES(181,'Influencer','false','50','123');
INSERT INTO "OpportunityContactRole" VALUES(182,'Influencer','false','25','123');
INSERT INTO "OpportunityContactRole" VALUES(183,'Influencer','false','54','123');
INSERT INTO "OpportunityContactRole" VALUES(184,'Influencer','false','63','123');
INSERT INTO "OpportunityContactRole" VALUES(185,'Influencer','false','55','123');
INSERT INTO "OpportunityContactRole" VALUES(186,'Influencer','false','88','123');
INSERT INTO "OpportunityContactRole" VALUES(187,'Influencer','false','56','123');
INSERT INTO "OpportunityContactRole" VALUES(188,'Influencer','false','71','123');
INSERT INTO "OpportunityContactRole" VALUES(189,'Influencer','false','4','123');
INSERT INTO "OpportunityContactRole" VALUES(190,'Influencer','false','14','49');
INSERT INTO "OpportunityContactRole" VALUES(191,'Influencer','false','65','123');
INSERT INTO "OpportunityContactRole" VALUES(192,'Influencer','false','60','155');
INSERT INTO "OpportunityContactRole" VALUES(193,'Influencer','false','32','155');
INSERT INTO "OpportunityContactRole" VALUES(194,'Influencer','false','30','155');
INSERT INTO "OpportunityContactRole" VALUES(195,'Influencer','false','92','155');
INSERT INTO "OpportunityContactRole" VALUES(196,'Influencer','false','94','155');
INSERT INTO "OpportunityContactRole" VALUES(197,'Influencer','false','93','155');
INSERT INTO "OpportunityContactRole" VALUES(198,'Influencer','false','59','155');
INSERT INTO "OpportunityContactRole" VALUES(199,'Influencer','false','81','155');
INSERT INTO "OpportunityContactRole" VALUES(200,'Influencer','false','5','155');
INSERT INTO "OpportunityContactRole" VALUES(201,'Donor','true','1','109');
INSERT INTO "OpportunityContactRole" VALUES(202,'Donor','true','1','110');
INSERT INTO "OpportunityContactRole" VALUES(203,'Donor','true','1','111');
INSERT INTO "OpportunityContactRole" VALUES(204,'Donor','true','1','112');
INSERT INTO "OpportunityContactRole" VALUES(205,'Donor','true','1','113');
INSERT INTO "OpportunityContactRole" VALUES(206,'Donor','true','1','114');
INSERT INTO "OpportunityContactRole" VALUES(207,'Donor','true','1','115');
INSERT INTO "OpportunityContactRole" VALUES(208,'Donor','true','1','116');
INSERT INTO "OpportunityContactRole" VALUES(209,'Donor','true','1','137');
INSERT INTO "OpportunityContactRole" VALUES(210,'Donor','true','1','138');
INSERT INTO "OpportunityContactRole" VALUES(211,'Donor','true','12','139');
INSERT INTO "OpportunityContactRole" VALUES(212,'Donor','true','12','140');
INSERT INTO "OpportunityContactRole" VALUES(213,'Donor','true','12','54');
INSERT INTO "OpportunityContactRole" VALUES(214,'Donor','true','12','55');
INSERT INTO "OpportunityContactRole" VALUES(215,'Donor','true','12','56');
INSERT INTO "OpportunityContactRole" VALUES(216,'Donor','true','12','57');
INSERT INTO "OpportunityContactRole" VALUES(217,'Donor','true','12','58');
INSERT INTO "OpportunityContactRole" VALUES(218,'Donor','true','12','59');
INSERT INTO "OpportunityContactRole" VALUES(219,'Donor','true','12','60');
INSERT INTO "OpportunityContactRole" VALUES(220,'Donor','true','12','61');
INSERT INTO "OpportunityContactRole" VALUES(221,'Donor','true','17','62');
INSERT INTO "OpportunityContactRole" VALUES(222,'Donor','true','17','63');
INSERT INTO "OpportunityContactRole" VALUES(223,'Donor','true','17','64');
INSERT INTO "OpportunityContactRole" VALUES(224,'Donor','true','17','65');
INSERT INTO "OpportunityContactRole" VALUES(225,'Donor','true','17','66');
INSERT INTO "OpportunityContactRole" VALUES(226,'Donor','true','17','67');
INSERT INTO "OpportunityContactRole" VALUES(227,'Donor','true','17','68');
INSERT INTO "OpportunityContactRole" VALUES(228,'Donor','true','17','69');
INSERT INTO "OpportunityContactRole" VALUES(229,'Donor','true','17','70');
INSERT INTO "OpportunityContactRole" VALUES(230,'Donor','true','17','71');
INSERT INTO "OpportunityContactRole" VALUES(231,'Donor','true','28','72');
INSERT INTO "OpportunityContactRole" VALUES(232,'Donor','true','28','73');
INSERT INTO "OpportunityContactRole" VALUES(233,'Donor','true','28','74');
INSERT INTO "OpportunityContactRole" VALUES(234,'Donor','true','28','75');
INSERT INTO "OpportunityContactRole" VALUES(235,'Donor','true','28','76');
INSERT INTO "OpportunityContactRole" VALUES(236,'Donor','true','28','77');
INSERT INTO "OpportunityContactRole" VALUES(237,'Donor','true','28','78');
INSERT INTO "OpportunityContactRole" VALUES(238,'Donor','true','28','79');
INSERT INTO "OpportunityContactRole" VALUES(239,'Donor','true','28','80');
INSERT INTO "OpportunityContactRole" VALUES(240,'Donor','true','28','81');
INSERT INTO "OpportunityContactRole" VALUES(241,'Donor','true','33','82');
INSERT INTO "OpportunityContactRole" VALUES(242,'Donor','true','33','83');
INSERT INTO "OpportunityContactRole" VALUES(243,'Donor','true','33','84');
INSERT INTO "OpportunityContactRole" VALUES(244,'Donor','true','33','85');
INSERT INTO "OpportunityContactRole" VALUES(245,'Donor','true','33','86');
INSERT INTO "OpportunityContactRole" VALUES(246,'Donor','true','33','87');
INSERT INTO "OpportunityContactRole" VALUES(247,'Donor','true','33','88');
INSERT INTO "OpportunityContactRole" VALUES(248,'Donor','true','33','89');
INSERT INTO "OpportunityContactRole" VALUES(249,'Donor','true','33','90');
INSERT INTO "OpportunityContactRole" VALUES(250,'Donor','true','33','91');
INSERT INTO "OpportunityContactRole" VALUES(251,'Donor','true','44','92');
INSERT INTO "OpportunityContactRole" VALUES(252,'Donor','true','44','93');
INSERT INTO "OpportunityContactRole" VALUES(253,'Donor','true','44','94');
INSERT INTO "OpportunityContactRole" VALUES(254,'Donor','true','44','95');
INSERT INTO "OpportunityContactRole" VALUES(255,'Donor','true','44','96');
INSERT INTO "OpportunityContactRole" VALUES(256,'Donor','true','44','97');
INSERT INTO "OpportunityContactRole" VALUES(257,'Donor','true','44','98');
INSERT INTO "OpportunityContactRole" VALUES(258,'Donor','true','44','99');
INSERT INTO "OpportunityContactRole" VALUES(259,'Donor','true','44','100');
INSERT INTO "OpportunityContactRole" VALUES(260,'Donor','true','44','101');
INSERT INTO "OpportunityContactRole" VALUES(261,'Donor','true','63','102');
INSERT INTO "OpportunityContactRole" VALUES(262,'Donor','true','63','103');
INSERT INTO "OpportunityContactRole" VALUES(263,'Donor','true','63','104');
INSERT INTO "OpportunityContactRole" VALUES(264,'Donor','true','63','105');
INSERT INTO "OpportunityContactRole" VALUES(265,'Donor','true','63','106');
INSERT INTO "OpportunityContactRole" VALUES(266,'Donor','true','63','107');
INSERT INTO "OpportunityContactRole" VALUES(267,'Donor','true','63','1');
INSERT INTO "OpportunityContactRole" VALUES(268,'Donor','true','63','2');
INSERT INTO "OpportunityContactRole" VALUES(269,'Donor','true','63','3');
INSERT INTO "OpportunityContactRole" VALUES(270,'Donor','true','63','4');
INSERT INTO "OpportunityContactRole" VALUES(271,'Donor','true','64','5');
INSERT INTO "OpportunityContactRole" VALUES(272,'Donor','true','64','6');
INSERT INTO "OpportunityContactRole" VALUES(273,'Donor','true','64','7');
INSERT INTO "OpportunityContactRole" VALUES(274,'Donor','true','64','8');
INSERT INTO "OpportunityContactRole" VALUES(275,'Donor','true','64','9');
INSERT INTO "OpportunityContactRole" VALUES(276,'Donor','true','64','10');
INSERT INTO "OpportunityContactRole" VALUES(277,'Donor','true','64','11');
INSERT INTO "OpportunityContactRole" VALUES(278,'Donor','true','64','12');
INSERT INTO "OpportunityContactRole" VALUES(279,'Donor','true','64','13');
INSERT INTO "OpportunityContactRole" VALUES(280,'Donor','true','64','14');
INSERT INTO "OpportunityContactRole" VALUES(281,'Donor','true','6','15');
INSERT INTO "OpportunityContactRole" VALUES(282,'Donor','true','6','16');
INSERT INTO "OpportunityContactRole" VALUES(283,'Donor','true','6','17');
INSERT INTO "OpportunityContactRole" VALUES(284,'Donor','true','6','18');
INSERT INTO "OpportunityContactRole" VALUES(285,'Donor','true','6','19');
INSERT INTO "OpportunityContactRole" VALUES(286,'Donor','true','6','20');
INSERT INTO "OpportunityContactRole" VALUES(287,'Donor','true','6','21');
INSERT INTO "OpportunityContactRole" VALUES(288,'Donor','true','6','22');
INSERT INTO "OpportunityContactRole" VALUES(289,'Donor','true','6','23');
INSERT INTO "OpportunityContactRole" VALUES(290,'Donor','true','6','24');
INSERT INTO "OpportunityContactRole" VALUES(291,'Donor','true','6','25');
INSERT INTO "OpportunityContactRole" VALUES(292,'Donor','true','6','26');
INSERT INTO "OpportunityContactRole" VALUES(293,'Donor','true','6','27');
INSERT INTO "OpportunityContactRole" VALUES(294,'Donor','true','6','28');
INSERT INTO "OpportunityContactRole" VALUES(295,'Donor','true','6','29');
INSERT INTO "OpportunityContactRole" VALUES(296,'Donor','true','6','30');
INSERT INTO "OpportunityContactRole" VALUES(297,'Donor','true','6','31');
INSERT INTO "OpportunityContactRole" VALUES(298,'Donor','true','6','32');
INSERT INTO "OpportunityContactRole" VALUES(299,'Donor','true','6','33');
INSERT INTO "OpportunityContactRole" VALUES(300,'Donor','true','6','34');
INSERT INTO "OpportunityContactRole" VALUES(301,'Donor','true','6','35');
INSERT INTO "OpportunityContactRole" VALUES(302,'Donor','true','6','36');
INSERT INTO "OpportunityContactRole" VALUES(303,'Donor','true','6','37');
INSERT INTO "OpportunityContactRole" VALUES(304,'Donor','true','6','38');
INSERT INTO "OpportunityContactRole" VALUES(305,'Donor','true','6','39');
INSERT INTO "OpportunityContactRole" VALUES(306,'Donor','true','6','40');
INSERT INTO "OpportunityContactRole" VALUES(307,'Donor','true','6','41');
INSERT INTO "OpportunityContactRole" VALUES(308,'Donor','true','6','42');
INSERT INTO "OpportunityContactRole" VALUES(309,'Donor','true','6','43');
INSERT INTO "OpportunityContactRole" VALUES(310,'Donor','true','6','44');
INSERT INTO "OpportunityContactRole" VALUES(311,'Donor','true','6','45');
INSERT INTO "OpportunityContactRole" VALUES(312,'Donor','true','6','46');
INSERT INTO "OpportunityContactRole" VALUES(313,'Donor','true','6','47');
INSERT INTO "OpportunityContactRole" VALUES(314,'Donor','true','6','48');
INSERT INTO "OpportunityContactRole" VALUES(315,'Donor','true','6','49');
INSERT INTO "OpportunityContactRole" VALUES(316,'Donor','true','6','50');
INSERT INTO "OpportunityContactRole" VALUES(317,'Donor','true','6','51');
INSERT INTO "OpportunityContactRole" VALUES(318,'Donor','true','6','52');
INSERT INTO "OpportunityContactRole" VALUES(319,'Donor','true','6','53');
INSERT INTO "OpportunityContactRole" VALUES(320,'Donor','true','6','214');
INSERT INTO "OpportunityContactRole" VALUES(321,'Donor','true','6','215');
INSERT INTO "OpportunityContactRole" VALUES(322,'Donor','true','6','216');
INSERT INTO "OpportunityContactRole" VALUES(323,'Donor','true','6','217');
INSERT INTO "OpportunityContactRole" VALUES(324,'Donor','true','6','218');
INSERT INTO "OpportunityContactRole" VALUES(325,'Donor','true','6','219');
INSERT INTO "OpportunityContactRole" VALUES(326,'Donor','true','6','220');
INSERT INTO "OpportunityContactRole" VALUES(327,'Donor','true','6','221');
INSERT INTO "OpportunityContactRole" VALUES(328,'Donor','true','6','212');
INSERT INTO "OpportunityContactRole" VALUES(329,'Donor','true','6','213');
INSERT INTO "OpportunityContactRole" VALUES(330,'Donor','true','6','222');
INSERT INTO "OpportunityContactRole" VALUES(331,'Donor','true','6','223');
INSERT INTO "OpportunityContactRole" VALUES(332,'Donor','true','6','158');
INSERT INTO "OpportunityContactRole" VALUES(333,'Donor','true','6','159');
INSERT INTO "OpportunityContactRole" VALUES(334,'Donor','true','6','160');
INSERT INTO "OpportunityContactRole" VALUES(335,'Donor','true','6','161');
INSERT INTO "OpportunityContactRole" VALUES(336,'Donor','true','6','162');
INSERT INTO "OpportunityContactRole" VALUES(337,'Donor','true','6','163');
INSERT INTO "OpportunityContactRole" VALUES(338,'Donor','true','6','164');
INSERT INTO "OpportunityContactRole" VALUES(339,'Donor','true','6','165');
INSERT INTO "OpportunityContactRole" VALUES(340,'Donor','true','6','166');
INSERT INTO "OpportunityContactRole" VALUES(341,'Donor','true','6','167');
INSERT INTO "OpportunityContactRole" VALUES(342,'Donor','true','6','168');
INSERT INTO "OpportunityContactRole" VALUES(343,'Donor','true','6','169');
INSERT INTO "OpportunityContactRole" VALUES(344,'Donor','true','6','170');
INSERT INTO "OpportunityContactRole" VALUES(345,'Donor','true','6','171');
INSERT INTO "OpportunityContactRole" VALUES(346,'Donor','true','6','172');
INSERT INTO "OpportunityContactRole" VALUES(347,'Donor','true','6','173');
INSERT INTO "OpportunityContactRole" VALUES(348,'Donor','true','6','174');
INSERT INTO "OpportunityContactRole" VALUES(349,'Donor','true','6','175');
INSERT INTO "OpportunityContactRole" VALUES(350,'Donor','true','6','176');
INSERT INTO "OpportunityContactRole" VALUES(351,'Donor','true','6','177');
INSERT INTO "OpportunityContactRole" VALUES(352,'Donor','true','6','178');
INSERT INTO "OpportunityContactRole" VALUES(353,'Donor','true','6','179');
INSERT INTO "OpportunityContactRole" VALUES(354,'Donor','true','6','180');
INSERT INTO "OpportunityContactRole" VALUES(355,'Donor','true','6','181');
INSERT INTO "OpportunityContactRole" VALUES(356,'Donor','true','6','182');
INSERT INTO "OpportunityContactRole" VALUES(357,'Donor','true','6','183');
INSERT INTO "OpportunityContactRole" VALUES(358,'Donor','true','6','184');
INSERT INTO "OpportunityContactRole" VALUES(359,'Donor','true','6','185');
INSERT INTO "OpportunityContactRole" VALUES(360,'Donor','true','6','186');
INSERT INTO "OpportunityContactRole" VALUES(361,'Donor','true','6','187');
INSERT INTO "OpportunityContactRole" VALUES(362,'Donor','true','6','188');
INSERT INTO "OpportunityContactRole" VALUES(363,'Donor','true','6','189');
INSERT INTO "OpportunityContactRole" VALUES(364,'Donor','true','6','190');
INSERT INTO "OpportunityContactRole" VALUES(365,'Donor','true','6','191');
INSERT INTO "OpportunityContactRole" VALUES(366,'Donor','true','6','192');
INSERT INTO "OpportunityContactRole" VALUES(367,'Donor','true','6','193');
INSERT INTO "OpportunityContactRole" VALUES(368,'Donor','true','6','194');
INSERT INTO "OpportunityContactRole" VALUES(369,'Donor','true','6','195');
INSERT INTO "OpportunityContactRole" VALUES(370,'Donor','true','6','196');
INSERT INTO "OpportunityContactRole" VALUES(371,'Donor','true','6','197');
INSERT INTO "OpportunityContactRole" VALUES(372,'Donor','true','6','198');
INSERT INTO "OpportunityContactRole" VALUES(373,'Donor','true','6','199');
INSERT INTO "OpportunityContactRole" VALUES(374,'Donor','true','6','200');
INSERT INTO "OpportunityContactRole" VALUES(375,'Donor','true','6','201');
INSERT INTO "OpportunityContactRole" VALUES(376,'Donor','true','6','202');
INSERT INTO "OpportunityContactRole" VALUES(377,'Donor','true','6','203');
INSERT INTO "OpportunityContactRole" VALUES(378,'Donor','true','6','204');
INSERT INTO "OpportunityContactRole" VALUES(379,'Donor','true','6','205');
INSERT INTO "OpportunityContactRole" VALUES(380,'Donor','true','6','206');
INSERT INTO "OpportunityContactRole" VALUES(381,'Donor','true','6','207');
INSERT INTO "OpportunityContactRole" VALUES(382,'Donor','true','6','208');
INSERT INTO "OpportunityContactRole" VALUES(383,'Donor','true','6','209');
INSERT INTO "OpportunityContactRole" VALUES(384,'Donor','true','6','210');
INSERT INTO "OpportunityContactRole" VALUES(385,'Donor','true','6','211');
INSERT INTO "OpportunityContactRole" VALUES(386,'Donor','true','6','141');
INSERT INTO "OpportunityContactRole" VALUES(387,'Donor','true','6','142');
INSERT INTO "OpportunityContactRole" VALUES(388,'Donor','true','6','143');
INSERT INTO "OpportunityContactRole" VALUES(389,'Donor','true','6','144');
INSERT INTO "OpportunityContactRole" VALUES(390,'Donor','true','6','145');
INSERT INTO "OpportunityContactRole" VALUES(391,'Donor','true','6','146');
INSERT INTO "OpportunityContactRole" VALUES(392,'Donor','true','6','147');
INSERT INTO "OpportunityContactRole" VALUES(393,'Donor','true','72','148');
INSERT INTO "OpportunityContactRole" VALUES(394,'Donor','true','72','149');
INSERT INTO "OpportunityContactRole" VALUES(395,'Donor','true','72','150');
INSERT INTO "OpportunityContactRole" VALUES(396,'Donor','true','72','151');
INSERT INTO "OpportunityContactRole" VALUES(397,'Donor','true','72','152');
INSERT INTO "OpportunityContactRole" VALUES(398,'Donor','true','72','153');
INSERT INTO "OpportunityContactRole" VALUES(399,'Donor','true','72','154');
INSERT INTO "OpportunityContactRole" VALUES(400,'Donor','true','72','155');
INSERT INTO "OpportunityContactRole" VALUES(401,'Household Member','false','16','62');
INSERT INTO "OpportunityContactRole" VALUES(402,'Household Member','false','16','63');
INSERT INTO "OpportunityContactRole" VALUES(403,'Household Member','false','16','64');
INSERT INTO "OpportunityContactRole" VALUES(404,'Household Member','false','16','65');
INSERT INTO "OpportunityContactRole" VALUES(405,'Household Member','false','16','66');
INSERT INTO "OpportunityContactRole" VALUES(406,'Household Member','false','16','67');
INSERT INTO "OpportunityContactRole" VALUES(407,'Household Member','false','16','68');
INSERT INTO "OpportunityContactRole" VALUES(408,'Household Member','false','16','69');
INSERT INTO "OpportunityContactRole" VALUES(409,'Household Member','false','16','70');
INSERT INTO "OpportunityContactRole" VALUES(410,'Household Member','false','16','71');
INSERT INTO "OpportunityContactRole" VALUES(411,'Household Member','false','45','92');
INSERT INTO "OpportunityContactRole" VALUES(412,'Household Member','false','46','92');
INSERT INTO "OpportunityContactRole" VALUES(413,'Household Member','false','47','92');
INSERT INTO "OpportunityContactRole" VALUES(414,'Household Member','false','48','92');
INSERT INTO "OpportunityContactRole" VALUES(415,'Household Member','false','49','92');
INSERT INTO "OpportunityContactRole" VALUES(416,'Household Member','false','50','92');
INSERT INTO "OpportunityContactRole" VALUES(417,'Household Member','false','54','92');
INSERT INTO "OpportunityContactRole" VALUES(418,'Household Member','false','55','92');
INSERT INTO "OpportunityContactRole" VALUES(419,'Household Member','false','56','92');
INSERT INTO "OpportunityContactRole" VALUES(420,'Household Member','false','45','93');
INSERT INTO "OpportunityContactRole" VALUES(421,'Household Member','false','46','93');
INSERT INTO "OpportunityContactRole" VALUES(422,'Household Member','false','47','93');
INSERT INTO "OpportunityContactRole" VALUES(423,'Household Member','false','48','93');
INSERT INTO "OpportunityContactRole" VALUES(424,'Household Member','false','49','93');
INSERT INTO "OpportunityContactRole" VALUES(425,'Household Member','false','50','93');
INSERT INTO "OpportunityContactRole" VALUES(426,'Household Member','false','54','93');
INSERT INTO "OpportunityContactRole" VALUES(427,'Household Member','false','55','93');
INSERT INTO "OpportunityContactRole" VALUES(428,'Household Member','false','56','93');
INSERT INTO "OpportunityContactRole" VALUES(429,'Household Member','false','45','94');
INSERT INTO "OpportunityContactRole" VALUES(430,'Household Member','false','46','94');
INSERT INTO "OpportunityContactRole" VALUES(431,'Household Member','false','47','94');
INSERT INTO "OpportunityContactRole" VALUES(432,'Household Member','false','48','94');
INSERT INTO "OpportunityContactRole" VALUES(433,'Household Member','false','49','94');
INSERT INTO "OpportunityContactRole" VALUES(434,'Household Member','false','50','94');
INSERT INTO "OpportunityContactRole" VALUES(435,'Household Member','false','54','94');
INSERT INTO "OpportunityContactRole" VALUES(436,'Household Member','false','55','94');
INSERT INTO "OpportunityContactRole" VALUES(437,'Household Member','false','56','94');
INSERT INTO "OpportunityContactRole" VALUES(438,'Household Member','false','45','95');
INSERT INTO "OpportunityContactRole" VALUES(439,'Household Member','false','46','95');
INSERT INTO "OpportunityContactRole" VALUES(440,'Household Member','false','47','95');
INSERT INTO "OpportunityContactRole" VALUES(441,'Household Member','false','48','95');
INSERT INTO "OpportunityContactRole" VALUES(442,'Household Member','false','49','95');
INSERT INTO "OpportunityContactRole" VALUES(443,'Household Member','false','50','95');
INSERT INTO "OpportunityContactRole" VALUES(444,'Household Member','false','54','95');
INSERT INTO "OpportunityContactRole" VALUES(445,'Household Member','false','55','95');
INSERT INTO "OpportunityContactRole" VALUES(446,'Household Member','false','56','95');
INSERT INTO "OpportunityContactRole" VALUES(447,'Household Member','false','45','96');
INSERT INTO "OpportunityContactRole" VALUES(448,'Household Member','false','46','96');
INSERT INTO "OpportunityContactRole" VALUES(449,'Household Member','false','47','96');
INSERT INTO "OpportunityContactRole" VALUES(450,'Household Member','false','48','96');
INSERT INTO "OpportunityContactRole" VALUES(451,'Household Member','false','49','96');
INSERT INTO "OpportunityContactRole" VALUES(452,'Household Member','false','50','96');
INSERT INTO "OpportunityContactRole" VALUES(453,'Household Member','false','54','96');
INSERT INTO "OpportunityContactRole" VALUES(454,'Household Member','false','55','96');
INSERT INTO "OpportunityContactRole" VALUES(455,'Household Member','false','56','96');
INSERT INTO "OpportunityContactRole" VALUES(456,'Household Member','false','45','97');
INSERT INTO "OpportunityContactRole" VALUES(457,'Household Member','false','46','97');
INSERT INTO "OpportunityContactRole" VALUES(458,'Household Member','false','47','97');
INSERT INTO "OpportunityContactRole" VALUES(459,'Household Member','false','48','97');
INSERT INTO "OpportunityContactRole" VALUES(460,'Household Member','false','49','97');
INSERT INTO "OpportunityContactRole" VALUES(461,'Household Member','false','50','97');
INSERT INTO "OpportunityContactRole" VALUES(462,'Household Member','false','54','97');
INSERT INTO "OpportunityContactRole" VALUES(463,'Household Member','false','55','97');
INSERT INTO "OpportunityContactRole" VALUES(464,'Household Member','false','56','97');
INSERT INTO "OpportunityContactRole" VALUES(465,'Household Member','false','45','98');
INSERT INTO "OpportunityContactRole" VALUES(466,'Household Member','false','46','98');
INSERT INTO "OpportunityContactRole" VALUES(467,'Household Member','false','47','98');
INSERT INTO "OpportunityContactRole" VALUES(468,'Household Member','false','48','98');
INSERT INTO "OpportunityContactRole" VALUES(469,'Household Member','false','49','98');
INSERT INTO "OpportunityContactRole" VALUES(470,'Household Member','false','50','98');
INSERT INTO "OpportunityContactRole" VALUES(471,'Household Member','false','54','98');
INSERT INTO "OpportunityContactRole" VALUES(472,'Household Member','false','55','98');
INSERT INTO "OpportunityContactRole" VALUES(473,'Household Member','false','56','98');
INSERT INTO "OpportunityContactRole" VALUES(474,'Household Member','false','45','99');
INSERT INTO "OpportunityContactRole" VALUES(475,'Household Member','false','46','99');
INSERT INTO "OpportunityContactRole" VALUES(476,'Household Member','false','47','99');
INSERT INTO "OpportunityContactRole" VALUES(477,'Household Member','false','48','99');
INSERT INTO "OpportunityContactRole" VALUES(478,'Household Member','false','49','99');
INSERT INTO "OpportunityContactRole" VALUES(479,'Household Member','false','50','99');
INSERT INTO "OpportunityContactRole" VALUES(480,'Household Member','false','54','99');
INSERT INTO "OpportunityContactRole" VALUES(481,'Household Member','false','55','99');
INSERT INTO "OpportunityContactRole" VALUES(482,'Household Member','false','56','99');
INSERT INTO "OpportunityContactRole" VALUES(483,'Household Member','false','45','100');
INSERT INTO "OpportunityContactRole" VALUES(484,'Household Member','false','46','100');
INSERT INTO "OpportunityContactRole" VALUES(485,'Household Member','false','47','100');
INSERT INTO "OpportunityContactRole" VALUES(486,'Household Member','false','48','100');
INSERT INTO "OpportunityContactRole" VALUES(487,'Household Member','false','49','100');
INSERT INTO "OpportunityContactRole" VALUES(488,'Household Member','false','50','100');
INSERT INTO "OpportunityContactRole" VALUES(489,'Household Member','false','54','100');
INSERT INTO "OpportunityContactRole" VALUES(490,'Household Member','false','55','100');
INSERT INTO "OpportunityContactRole" VALUES(491,'Household Member','false','56','100');
INSERT INTO "OpportunityContactRole" VALUES(492,'Household Member','false','45','101');
INSERT INTO "OpportunityContactRole" VALUES(493,'Household Member','false','46','101');
INSERT INTO "OpportunityContactRole" VALUES(494,'Household Member','false','47','101');
INSERT INTO "OpportunityContactRole" VALUES(495,'Household Member','false','48','101');
INSERT INTO "OpportunityContactRole" VALUES(496,'Household Member','false','49','101');
INSERT INTO "OpportunityContactRole" VALUES(497,'Household Member','false','50','101');
INSERT INTO "OpportunityContactRole" VALUES(498,'Household Member','false','54','101');
INSERT INTO "OpportunityContactRole" VALUES(499,'Household Member','false','55','101');
INSERT INTO "OpportunityContactRole" VALUES(500,'Household Member','false','56','101');
INSERT INTO "OpportunityContactRole" VALUES(501,'Donor','true','72','156');
INSERT INTO "OpportunityContactRole" VALUES(502,'Donor','true','72','157');
CREATE TABLE "Partial_Soft_Credit__c" (
	id INTEGER NOT NULL, 
	"Role_Name__c" VARCHAR(255), 
	"Amount__c" VARCHAR(255), 
	contact__c VARCHAR(255), 
	opportunity__c VARCHAR(255), 
	PRIMARY KEY (id)
);
INSERT INTO "Partial_Soft_Credit__c" VALUES(1,'Soft Credit','1.0','99','6');
INSERT INTO "Partial_Soft_Credit__c" VALUES(2,'Soft Credit','1.0','89','6');
INSERT INTO "Partial_Soft_Credit__c" VALUES(3,'Soft Credit','1.0','51','6');
INSERT INTO "Partial_Soft_Credit__c" VALUES(4,'Soft Credit','1.0','33','6');
INSERT INTO "Partial_Soft_Credit__c" VALUES(5,'Soft Credit','1.0','27','6');
INSERT INTO "Partial_Soft_Credit__c" VALUES(6,'Soft Credit','1.0','64','6');
INSERT INTO "Partial_Soft_Credit__c" VALUES(7,'Soft Credit','1.0','18','6');
INSERT INTO "Partial_Soft_Credit__c" VALUES(8,'Soft Credit','1.0','26','6');
INSERT INTO "Partial_Soft_Credit__c" VALUES(9,'Soft Credit','1.0','20','6');
INSERT INTO "Partial_Soft_Credit__c" VALUES(10,'Soft Credit','1.0','69','6');
INSERT INTO "Partial_Soft_Credit__c" VALUES(11,'Soft Credit','1.0','15','6');
INSERT INTO "Partial_Soft_Credit__c" VALUES(12,'Soft Credit','1.0','34','6');
INSERT INTO "Partial_Soft_Credit__c" VALUES(13,'Soft Credit','1.0','12','6');
INSERT INTO "Partial_Soft_Credit__c" VALUES(14,'Soft Credit','1.0','43','6');
INSERT INTO "Partial_Soft_Credit__c" VALUES(15,'Soft Credit','1.0','11','6');
INSERT INTO "Partial_Soft_Credit__c" VALUES(16,'Soft Credit','1.0','23','6');
INSERT INTO "Partial_Soft_Credit__c" VALUES(17,'Soft Credit','1.0','86','6');
INSERT INTO "Partial_Soft_Credit__c" VALUES(18,'Soft Credit','1.0','29','6');
INSERT INTO "Partial_Soft_Credit__c" VALUES(19,'Soft Credit','1.0','75','6');
INSERT INTO "Partial_Soft_Credit__c" VALUES(20,'Soft Credit','1.0','3','6');
INSERT INTO "Partial_Soft_Credit__c" VALUES(21,'Soft Credit','1.0','46','6');
INSERT INTO "Partial_Soft_Credit__c" VALUES(22,'Soft Credit','1.0','9','6');
INSERT INTO "Partial_Soft_Credit__c" VALUES(23,'Soft Credit','1.0','6','6');
INSERT INTO "Partial_Soft_Credit__c" VALUES(24,'Soft Credit','1.0','8','6');
INSERT INTO "Partial_Soft_Credit__c" VALUES(25,'Soft Credit','1.0','41','6');
INSERT INTO "Partial_Soft_Credit__c" VALUES(26,'Soft Credit','1.0','100','6');
INSERT INTO "Partial_Soft_Credit__c" VALUES(27,'Soft Credit','1.0','28','6');
INSERT INTO "Partial_Soft_Credit__c" VALUES(28,'Soft Credit','1.0','77','6');
INSERT INTO "Partial_Soft_Credit__c" VALUES(29,'Soft Credit','1.0','10','6');
INSERT INTO "Partial_Soft_Credit__c" VALUES(30,'Soft Credit','1.0','90','6');
INSERT INTO "Partial_Soft_Credit__c" VALUES(31,'Soft Credit','1.0','42','6');
INSERT INTO "Partial_Soft_Credit__c" VALUES(32,'Soft Credit','1.0','31','6');
INSERT INTO "Partial_Soft_Credit__c" VALUES(33,'Soft Credit','1.0','24','6');
INSERT INTO "Partial_Soft_Credit__c" VALUES(34,'Soft Credit','1.0','72','6');
INSERT INTO "Partial_Soft_Credit__c" VALUES(35,'Soft Credit','1.0','82','6');
INSERT INTO "Partial_Soft_Credit__c" VALUES(36,'Soft Credit','1.0','19','6');
INSERT INTO "Partial_Soft_Credit__c" VALUES(37,'Soft Credit','1.0','49','6');
INSERT INTO "Partial_Soft_Credit__c" VALUES(38,'Soft Credit','1.0','39','6');
INSERT INTO "Partial_Soft_Credit__c" VALUES(39,'Soft Credit','1.0','52','6');
INSERT INTO "Partial_Soft_Credit__c" VALUES(40,'Soft Credit','1.0','38','6');
INSERT INTO "Partial_Soft_Credit__c" VALUES(41,'Soft Credit','1.0','91','6');
INSERT INTO "Partial_Soft_Credit__c" VALUES(42,'Soft Credit','1.0','17','6');
INSERT INTO "Partial_Soft_Credit__c" VALUES(43,'Soft Credit','1.0','53','6');
INSERT INTO "Partial_Soft_Credit__c" VALUES(44,'Soft Credit','1.0','16','6');
INSERT INTO "Partial_Soft_Credit__c" VALUES(45,'Soft Credit','1.0','57','6');
INSERT INTO "Partial_Soft_Credit__c" VALUES(46,'Soft Credit','1.0','7','6');
INSERT INTO "Partial_Soft_Credit__c" VALUES(47,'Soft Credit','1.0','1','6');
INSERT INTO "Partial_Soft_Credit__c" VALUES(48,'Soft Credit','1.0','37','6');
INSERT INTO "Partial_Soft_Credit__c" VALUES(49,'Soft Credit','1.0','73','6');
INSERT INTO "Partial_Soft_Credit__c" VALUES(50,'Soft Credit','1.0','68','6');
INSERT INTO "Partial_Soft_Credit__c" VALUES(51,'Soft Credit','1.0','21','6');
INSERT INTO "Partial_Soft_Credit__c" VALUES(52,'Soft Credit','1.0','97','6');
INSERT INTO "Partial_Soft_Credit__c" VALUES(53,'Soft Credit','1.0','83','6');
INSERT INTO "Partial_Soft_Credit__c" VALUES(54,'Soft Credit','1.0','84','6');
INSERT INTO "Partial_Soft_Credit__c" VALUES(55,'Soft Credit','1.0','79','6');
INSERT INTO "Partial_Soft_Credit__c" VALUES(56,'Soft Credit','1.0','87','6');
INSERT INTO "Partial_Soft_Credit__c" VALUES(57,'Soft Credit','1.0','61','6');
INSERT INTO "Partial_Soft_Credit__c" VALUES(58,'Soft Credit','1.0','96','6');
INSERT INTO "Partial_Soft_Credit__c" VALUES(59,'Soft Credit','1.0','62','6');
INSERT INTO "Partial_Soft_Credit__c" VALUES(60,'Soft Credit','1.0','85','6');
INSERT INTO "Partial_Soft_Credit__c" VALUES(61,'Soft Credit','1.0','66','6');
INSERT INTO "Partial_Soft_Credit__c" VALUES(62,'Soft Credit','1.0','47','6');
INSERT INTO "Partial_Soft_Credit__c" VALUES(63,'Soft Credit','1.0','22','6');
INSERT INTO "Partial_Soft_Credit__c" VALUES(64,'Soft Credit','1.0','35','6');
INSERT INTO "Partial_Soft_Credit__c" VALUES(65,'Soft Credit','1.0','78','6');
INSERT INTO "Partial_Soft_Credit__c" VALUES(66,'Soft Credit','1.0','48','6');
INSERT INTO "Partial_Soft_Credit__c" VALUES(67,'Soft Credit','1.0','95','6');
INSERT INTO "Partial_Soft_Credit__c" VALUES(68,'Soft Credit','1.0','58','6');
INSERT INTO "Partial_Soft_Credit__c" VALUES(69,'Soft Credit','1.0','44','6');
INSERT INTO "Partial_Soft_Credit__c" VALUES(70,'Soft Credit','1.0','74','6');
INSERT INTO "Partial_Soft_Credit__c" VALUES(71,'Soft Credit','1.0','67','6');
INSERT INTO "Partial_Soft_Credit__c" VALUES(72,'Soft Credit','1.0','98','6');
INSERT INTO "Partial_Soft_Credit__c" VALUES(73,'Soft Credit','1.0','70','6');
INSERT INTO "Partial_Soft_Credit__c" VALUES(74,'Soft Credit','1.0','45','6');
INSERT INTO "Partial_Soft_Credit__c" VALUES(75,'Soft Credit','1.0','36','6');
INSERT INTO "Partial_Soft_Credit__c" VALUES(76,'Soft Credit','1.0','14','6');
INSERT INTO "Partial_Soft_Credit__c" VALUES(77,'Soft Credit','1.0','2','6');
INSERT INTO "Partial_Soft_Credit__c" VALUES(78,'Soft Credit','1.0','80','6');
INSERT INTO "Partial_Soft_Credit__c" VALUES(79,'Soft Credit','1.0','40','6');
INSERT INTO "Partial_Soft_Credit__c" VALUES(80,'Soft Credit','1.0','13','6');
INSERT INTO "Partial_Soft_Credit__c" VALUES(81,'Soft Credit','1.0','50','6');
INSERT INTO "Partial_Soft_Credit__c" VALUES(82,'Soft Credit','1.0','25','6');
INSERT INTO "Partial_Soft_Credit__c" VALUES(83,'Soft Credit','1.0','54','6');
INSERT INTO "Partial_Soft_Credit__c" VALUES(84,'Soft Credit','1.0','63','6');
INSERT INTO "Partial_Soft_Credit__c" VALUES(85,'Soft Credit','1.0','55','6');
INSERT INTO "Partial_Soft_Credit__c" VALUES(86,'Soft Credit','1.0','88','6');
INSERT INTO "Partial_Soft_Credit__c" VALUES(87,'Soft Credit','1.0','56','6');
INSERT INTO "Partial_Soft_Credit__c" VALUES(88,'Soft Credit','1.0','71','6');
INSERT INTO "Partial_Soft_Credit__c" VALUES(89,'Soft Credit','1.0','4','6');
INSERT INTO "Partial_Soft_Credit__c" VALUES(90,'Soft Credit','1.0','65','6');
INSERT INTO "Partial_Soft_Credit__c" VALUES(91,'Soft Credit','1.0','60','6');
INSERT INTO "Partial_Soft_Credit__c" VALUES(92,'Soft Credit','1.0','32','6');
INSERT INTO "Partial_Soft_Credit__c" VALUES(93,'Soft Credit','1.0','30','6');
INSERT INTO "Partial_Soft_Credit__c" VALUES(94,'Soft Credit','1.0','92','6');
INSERT INTO "Partial_Soft_Credit__c" VALUES(95,'Soft Credit','1.0','94','6');
INSERT INTO "Partial_Soft_Credit__c" VALUES(96,'Soft Credit','1.0','93','6');
INSERT INTO "Partial_Soft_Credit__c" VALUES(97,'Soft Credit','1.0','59','6');
INSERT INTO "Partial_Soft_Credit__c" VALUES(98,'Soft Credit','1.0','81','6');
INSERT INTO "Partial_Soft_Credit__c" VALUES(99,'Soft Credit','1.0','5','6');
INSERT INTO "Partial_Soft_Credit__c" VALUES(100,'Soft Credit','1.0','76','6');
CREATE TABLE "npe01__OppPayment__c" (
	id INTEGER NOT NULL, 
	"npe01__Payment_Amount__c" VARCHAR(255), 
	"npe01__Payment_Date__c" VARCHAR(255), 
	npe01__opportunity__c VARCHAR(255), 
	PRIMARY KEY (id)
);
INSERT INTO "npe01__OppPayment__c" VALUES(1,'892.0','2016-10-25','94');
INSERT INTO "npe01__OppPayment__c" VALUES(2,'798.0','2015-05-13','95');
INSERT INTO "npe01__OppPayment__c" VALUES(3,'265.0','2014-04-17','96');
INSERT INTO "npe01__OppPayment__c" VALUES(4,'934.0','2016-04-23','97');
INSERT INTO "npe01__OppPayment__c" VALUES(5,'599.0','2014-11-23','98');
INSERT INTO "npe01__OppPayment__c" VALUES(6,'538.0','2016-10-03','99');
INSERT INTO "npe01__OppPayment__c" VALUES(7,'993.0','2014-04-21','100');
INSERT INTO "npe01__OppPayment__c" VALUES(8,'4.0','2015-04-22','101');
INSERT INTO "npe01__OppPayment__c" VALUES(9,'685.0','2015-08-07','102');
INSERT INTO "npe01__OppPayment__c" VALUES(10,'974.0','2015-07-18','103');
INSERT INTO "npe01__OppPayment__c" VALUES(11,'751.0','2017-01-30','104');
INSERT INTO "npe01__OppPayment__c" VALUES(12,'449.0','2014-10-17','105');
INSERT INTO "npe01__OppPayment__c" VALUES(13,'643.0','2015-09-26','106');
INSERT INTO "npe01__OppPayment__c" VALUES(14,'127.0','2016-12-13','107');
INSERT INTO "npe01__OppPayment__c" VALUES(15,'782.0','2015-03-21','1');
INSERT INTO "npe01__OppPayment__c" VALUES(16,'314.0','2016-12-27','2');
INSERT INTO "npe01__OppPayment__c" VALUES(17,'436.0','2017-01-04','3');
INSERT INTO "npe01__OppPayment__c" VALUES(18,'157.0','2014-12-28','4');
INSERT INTO "npe01__OppPayment__c" VALUES(19,'377.0','2016-06-16','5');
INSERT INTO "npe01__OppPayment__c" VALUES(20,'654.0','2014-03-02','6');
INSERT INTO "npe01__OppPayment__c" VALUES(21,'926.0','2015-01-18','7');
INSERT INTO "npe01__OppPayment__c" VALUES(22,'838.0','2015-07-29','8');
INSERT INTO "npe01__OppPayment__c" VALUES(23,'46.0','2016-07-03','9');
INSERT INTO "npe01__OppPayment__c" VALUES(24,'440.0','2014-12-12','10');
INSERT INTO "npe01__OppPayment__c" VALUES(25,'353.0','2016-07-09','11');
INSERT INTO "npe01__OppPayment__c" VALUES(26,'338.0','2014-08-31','12');
INSERT INTO "npe01__OppPayment__c" VALUES(27,'546.0','2015-04-10','13');
INSERT INTO "npe01__OppPayment__c" VALUES(28,'316.0','2016-10-07','14');
INSERT INTO "npe01__OppPayment__c" VALUES(29,'245.0','2016-02-04','15');
INSERT INTO "npe01__OppPayment__c" VALUES(30,'245.0','2016-03-04','16');
INSERT INTO "npe01__OppPayment__c" VALUES(31,'245.0','2016-04-04','17');
INSERT INTO "npe01__OppPayment__c" VALUES(32,'245.0','2016-05-04','18');
INSERT INTO "npe01__OppPayment__c" VALUES(33,'245.0','2016-06-04','19');
INSERT INTO "npe01__OppPayment__c" VALUES(34,'245.0','2016-07-04','20');
INSERT INTO "npe01__OppPayment__c" VALUES(35,'245.0','2016-08-04','21');
INSERT INTO "npe01__OppPayment__c" VALUES(36,'245.0','2016-09-04','22');
INSERT INTO "npe01__OppPayment__c" VALUES(37,'245.0','2016-10-04','23');
INSERT INTO "npe01__OppPayment__c" VALUES(38,'245.0','2016-11-04','24');
INSERT INTO "npe01__OppPayment__c" VALUES(39,'245.0','2016-12-04','25');
INSERT INTO "npe01__OppPayment__c" VALUES(40,'245.0','2017-01-04','26');
INSERT INTO "npe01__OppPayment__c" VALUES(41,'750.0','2015-09-03','27');
INSERT INTO "npe01__OppPayment__c" VALUES(42,'976.0','2014-06-01','28');
INSERT INTO "npe01__OppPayment__c" VALUES(43,'22.0','2014-03-06','29');
INSERT INTO "npe01__OppPayment__c" VALUES(44,'627.0','2016-10-08','30');
INSERT INTO "npe01__OppPayment__c" VALUES(45,'965.0','2016-01-01','31');
INSERT INTO "npe01__OppPayment__c" VALUES(46,'116.0','2016-05-15','32');
INSERT INTO "npe01__OppPayment__c" VALUES(47,'260.0','2016-12-06','33');
INSERT INTO "npe01__OppPayment__c" VALUES(48,'365.0','2016-08-07','34');
INSERT INTO "npe01__OppPayment__c" VALUES(49,'550.0','2016-06-25','35');
INSERT INTO "npe01__OppPayment__c" VALUES(50,'631.0','2014-07-21','37');
INSERT INTO "npe01__OppPayment__c" VALUES(51,'970.0','2016-09-15','38');
INSERT INTO "npe01__OppPayment__c" VALUES(52,'59.0','2016-06-07','39');
INSERT INTO "npe01__OppPayment__c" VALUES(53,'253.0','2016-11-20','40');
INSERT INTO "npe01__OppPayment__c" VALUES(54,'421.0','2014-04-23','41');
INSERT INTO "npe01__OppPayment__c" VALUES(55,'743.0','2016-09-03','42');
INSERT INTO "npe01__OppPayment__c" VALUES(56,'37.0','2015-11-19','43');
INSERT INTO "npe01__OppPayment__c" VALUES(57,'409.0','2015-03-29','44');
INSERT INTO "npe01__OppPayment__c" VALUES(58,'858.0','2016-03-05','45');
INSERT INTO "npe01__OppPayment__c" VALUES(59,'146.0','2015-11-27','46');
INSERT INTO "npe01__OppPayment__c" VALUES(60,'657.0','2014-09-08','47');
INSERT INTO "npe01__OppPayment__c" VALUES(61,'36.0','2014-09-02','48');
INSERT INTO "npe01__OppPayment__c" VALUES(62,'813.0','2015-04-10','51');
INSERT INTO "npe01__OppPayment__c" VALUES(63,'557.0','2015-12-02','52');
INSERT INTO "npe01__OppPayment__c" VALUES(64,'926.0','2016-11-10','53');
INSERT INTO "npe01__OppPayment__c" VALUES(65,'99.0','2015-11-25','214');
INSERT INTO "npe01__OppPayment__c" VALUES(66,'971.0','2014-10-07','215');
INSERT INTO "npe01__OppPayment__c" VALUES(67,'639.0','2016-08-19','216');
INSERT INTO "npe01__OppPayment__c" VALUES(68,'919.0','2016-01-13','217');
INSERT INTO "npe01__OppPayment__c" VALUES(69,'476.0','2014-03-22','218');
INSERT INTO "npe01__OppPayment__c" VALUES(70,'321.0','2015-03-19','219');
INSERT INTO "npe01__OppPayment__c" VALUES(71,'585.0','2016-08-25','220');
INSERT INTO "npe01__OppPayment__c" VALUES(72,'546.0','2015-08-29','221');
INSERT INTO "npe01__OppPayment__c" VALUES(73,'834.0','2015-04-08','212');
INSERT INTO "npe01__OppPayment__c" VALUES(74,'45.0','2014-12-31','213');
INSERT INTO "npe01__OppPayment__c" VALUES(75,'329.0','2016-09-18','223');
INSERT INTO "npe01__OppPayment__c" VALUES(76,'842.0','2015-07-29','158');
INSERT INTO "npe01__OppPayment__c" VALUES(77,'736.0','2014-09-14','159');
INSERT INTO "npe01__OppPayment__c" VALUES(78,'978.0','2014-03-20','160');
INSERT INTO "npe01__OppPayment__c" VALUES(79,'927.0','2015-04-24','161');
INSERT INTO "npe01__OppPayment__c" VALUES(80,'321.0','2014-05-17','162');
INSERT INTO "npe01__OppPayment__c" VALUES(81,'282.0','2014-02-04','163');
INSERT INTO "npe01__OppPayment__c" VALUES(82,'750.0','2014-02-21','164');
INSERT INTO "npe01__OppPayment__c" VALUES(83,'996.0','2014-06-16','165');
INSERT INTO "npe01__OppPayment__c" VALUES(84,'536.0','2017-01-14','166');
INSERT INTO "npe01__OppPayment__c" VALUES(85,'756.0','2016-11-10','167');
INSERT INTO "npe01__OppPayment__c" VALUES(86,'119.0','2016-04-03','168');
INSERT INTO "npe01__OppPayment__c" VALUES(87,'309.0','2014-11-01','169');
INSERT INTO "npe01__OppPayment__c" VALUES(88,'230.0','2015-10-06','170');
INSERT INTO "npe01__OppPayment__c" VALUES(89,'118.0','2015-04-18','171');
INSERT INTO "npe01__OppPayment__c" VALUES(90,'557.0','2016-01-07','173');
INSERT INTO "npe01__OppPayment__c" VALUES(91,'642.0','2016-02-08','174');
INSERT INTO "npe01__OppPayment__c" VALUES(92,'782.0','2015-04-19','175');
INSERT INTO "npe01__OppPayment__c" VALUES(93,'409.0','2015-05-21','176');
INSERT INTO "npe01__OppPayment__c" VALUES(94,'501.0','2014-11-30','177');
INSERT INTO "npe01__OppPayment__c" VALUES(95,'998.0','2015-08-18','178');
INSERT INTO "npe01__OppPayment__c" VALUES(96,'338.0','2015-01-01','179');
INSERT INTO "npe01__OppPayment__c" VALUES(97,'737.0','2016-12-15','180');
INSERT INTO "npe01__OppPayment__c" VALUES(98,'410.0','2016-04-12','181');
INSERT INTO "npe01__OppPayment__c" VALUES(99,'202.0','2016-10-16','182');
INSERT INTO "npe01__OppPayment__c" VALUES(100,'997.0','2017-01-29','183');
INSERT INTO "npe01__OppPayment__c" VALUES(101,'609.0','2014-06-09','184');
INSERT INTO "npe01__OppPayment__c" VALUES(102,'952.0','2016-06-15','185');
INSERT INTO "npe01__OppPayment__c" VALUES(103,'734.0','2015-02-01','186');
INSERT INTO "npe01__OppPayment__c" VALUES(104,'507.0','2015-04-23','188');
INSERT INTO "npe01__OppPayment__c" VALUES(105,'976.0','2015-11-07','189');
INSERT INTO "npe01__OppPayment__c" VALUES(106,'973.0','2015-11-20','190');
INSERT INTO "npe01__OppPayment__c" VALUES(107,'837.0','2016-03-22','191');
INSERT INTO "npe01__OppPayment__c" VALUES(108,'871.0','2016-09-25','192');
INSERT INTO "npe01__OppPayment__c" VALUES(109,'839.0','2016-11-11','193');
INSERT INTO "npe01__OppPayment__c" VALUES(110,'451.0','2016-06-22','194');
INSERT INTO "npe01__OppPayment__c" VALUES(111,'236.0','2017-01-18','195');
INSERT INTO "npe01__OppPayment__c" VALUES(112,'504.0','2015-06-15','196');
INSERT INTO "npe01__OppPayment__c" VALUES(113,'234.0','2015-12-20','197');
INSERT INTO "npe01__OppPayment__c" VALUES(114,'762.0','2014-03-31','198');
INSERT INTO "npe01__OppPayment__c" VALUES(115,'357.0','2015-10-24','199');
INSERT INTO "npe01__OppPayment__c" VALUES(116,'992.0','2016-02-28','200');
INSERT INTO "npe01__OppPayment__c" VALUES(117,'666.0','2014-07-19','201');
INSERT INTO "npe01__OppPayment__c" VALUES(118,'128.0','2015-04-22','202');
INSERT INTO "npe01__OppPayment__c" VALUES(119,'111.0','2014-10-31','203');
INSERT INTO "npe01__OppPayment__c" VALUES(120,'719.0','2014-06-10','204');
INSERT INTO "npe01__OppPayment__c" VALUES(121,'22.0','2016-06-07','205');
INSERT INTO "npe01__OppPayment__c" VALUES(122,'844.0','2015-05-30','206');
INSERT INTO "npe01__OppPayment__c" VALUES(123,'989.0','2015-10-02','207');
INSERT INTO "npe01__OppPayment__c" VALUES(124,'368.0','2015-09-04','208');
INSERT INTO "npe01__OppPayment__c" VALUES(125,'896.0','2014-03-07','209');
INSERT INTO "npe01__OppPayment__c" VALUES(126,'108.0','2016-07-01','210');
INSERT INTO "npe01__OppPayment__c" VALUES(127,'911.0','2015-08-17','211');
INSERT INTO "npe01__OppPayment__c" VALUES(128,'13.0','2016-02-28','141');
INSERT INTO "npe01__OppPayment__c" VALUES(129,'609.0','2014-12-18','142');
INSERT INTO "npe01__OppPayment__c" VALUES(130,'962.0','2016-01-28','143');
INSERT INTO "npe01__OppPayment__c" VALUES(131,'204.0','2015-12-25','144');
INSERT INTO "npe01__OppPayment__c" VALUES(132,'153.0','2015-06-01','145');
INSERT INTO "npe01__OppPayment__c" VALUES(133,'89.0','2016-01-23','146');
INSERT INTO "npe01__OppPayment__c" VALUES(134,'331.0','2016-01-26','147');
INSERT INTO "npe01__OppPayment__c" VALUES(135,'272.0','2014-12-10','148');
INSERT INTO "npe01__OppPayment__c" VALUES(136,'261.0','2016-06-06','149');
INSERT INTO "npe01__OppPayment__c" VALUES(137,'921.0','2016-05-04','150');
INSERT INTO "npe01__OppPayment__c" VALUES(138,'375.0','2014-09-04','152');
INSERT INTO "npe01__OppPayment__c" VALUES(139,'698.0','2014-03-23','153');
INSERT INTO "npe01__OppPayment__c" VALUES(140,'892.0','2015-04-20','154');
INSERT INTO "npe01__OppPayment__c" VALUES(141,'830.0','2015-01-05','156');
INSERT INTO "npe01__OppPayment__c" VALUES(142,'656.0','2016-01-15','157');
INSERT INTO "npe01__OppPayment__c" VALUES(143,'177.0','2016-11-23','109');
INSERT INTO "npe01__OppPayment__c" VALUES(144,'208.0','2016-01-20','110');
INSERT INTO "npe01__OppPayment__c" VALUES(145,'553.0','2015-10-15','111');
INSERT INTO "npe01__OppPayment__c" VALUES(146,'565.0','2016-09-06','112');
INSERT INTO "npe01__OppPayment__c" VALUES(147,'310.0','2016-02-02','113');
INSERT INTO "npe01__OppPayment__c" VALUES(148,'483.0','2014-06-11','114');
INSERT INTO "npe01__OppPayment__c" VALUES(149,'151.0','2016-02-20','115');
INSERT INTO "npe01__OppPayment__c" VALUES(150,'537.0','2014-05-31','116');
INSERT INTO "npe01__OppPayment__c" VALUES(151,'218.0','2016-11-23','137');
INSERT INTO "npe01__OppPayment__c" VALUES(152,'376.0','2016-10-13','138');
INSERT INTO "npe01__OppPayment__c" VALUES(153,'744.0','2016-04-26','139');
INSERT INTO "npe01__OppPayment__c" VALUES(154,'619.0','2014-09-11','140');
INSERT INTO "npe01__OppPayment__c" VALUES(155,'457.0','2015-08-27','54');
INSERT INTO "npe01__OppPayment__c" VALUES(156,'13.0','2015-01-19','55');
INSERT INTO "npe01__OppPayment__c" VALUES(157,'234.0','2015-11-04','56');
INSERT INTO "npe01__OppPayment__c" VALUES(158,'84.0','2014-05-05','57');
INSERT INTO "npe01__OppPayment__c" VALUES(159,'952.0','2016-11-16','58');
INSERT INTO "npe01__OppPayment__c" VALUES(160,'3.0','2015-04-20','59');
INSERT INTO "npe01__OppPayment__c" VALUES(161,'521.0','2014-09-22','60');
INSERT INTO "npe01__OppPayment__c" VALUES(162,'567.0','2014-02-26','61');
INSERT INTO "npe01__OppPayment__c" VALUES(163,'504.0','2015-03-01','62');
INSERT INTO "npe01__OppPayment__c" VALUES(164,'109.0','2017-02-07','63');
INSERT INTO "npe01__OppPayment__c" VALUES(165,'479.0','2015-08-07','64');
INSERT INTO "npe01__OppPayment__c" VALUES(166,'270.0','2014-10-28','65');
INSERT INTO "npe01__OppPayment__c" VALUES(167,'31.0','2017-01-20','66');
INSERT INTO "npe01__OppPayment__c" VALUES(168,'157.0','2016-04-24','67');
INSERT INTO "npe01__OppPayment__c" VALUES(169,'31.0','2015-09-28','68');
INSERT INTO "npe01__OppPayment__c" VALUES(170,'836.0','2017-01-12','69');
INSERT INTO "npe01__OppPayment__c" VALUES(171,'984.0','2014-03-20','70');
INSERT INTO "npe01__OppPayment__c" VALUES(172,'862.0','2015-08-04','71');
INSERT INTO "npe01__OppPayment__c" VALUES(173,'433.0','2016-01-22','72');
INSERT INTO "npe01__OppPayment__c" VALUES(174,'794.0','2016-05-02','73');
INSERT INTO "npe01__OppPayment__c" VALUES(175,'6.0','2016-04-27','74');
INSERT INTO "npe01__OppPayment__c" VALUES(176,'87.0','2015-07-30','75');
INSERT INTO "npe01__OppPayment__c" VALUES(177,'641.0','2016-10-05','76');
INSERT INTO "npe01__OppPayment__c" VALUES(178,'29.0','2015-04-01','77');
INSERT INTO "npe01__OppPayment__c" VALUES(179,'915.0','2014-07-21','78');
INSERT INTO "npe01__OppPayment__c" VALUES(180,'907.0','2016-12-19','79');
INSERT INTO "npe01__OppPayment__c" VALUES(181,'905.0','2015-09-13','80');
INSERT INTO "npe01__OppPayment__c" VALUES(182,'957.0','2014-11-01','81');
INSERT INTO "npe01__OppPayment__c" VALUES(183,'547.0','2015-09-16','82');
INSERT INTO "npe01__OppPayment__c" VALUES(184,'235.0','2015-07-08','83');
INSERT INTO "npe01__OppPayment__c" VALUES(185,'502.0','2015-12-11','84');
INSERT INTO "npe01__OppPayment__c" VALUES(186,'635.0','2016-05-04','85');
INSERT INTO "npe01__OppPayment__c" VALUES(187,'514.0','2015-08-28','86');
INSERT INTO "npe01__OppPayment__c" VALUES(188,'70.0','2016-07-06','87');
INSERT INTO "npe01__OppPayment__c" VALUES(189,'401.0','2014-04-13','88');
INSERT INTO "npe01__OppPayment__c" VALUES(190,'466.0','2014-12-10','89');
INSERT INTO "npe01__OppPayment__c" VALUES(191,'344.0','2016-01-07','90');
INSERT INTO "npe01__OppPayment__c" VALUES(192,'110.0','2015-05-08','91');
INSERT INTO "npe01__OppPayment__c" VALUES(193,'820.0','2016-01-26','92');
INSERT INTO "npe01__OppPayment__c" VALUES(194,'492.0','2016-09-09','93');
INSERT INTO "npe01__OppPayment__c" VALUES(195,'13.1','2016-08-02','36');
INSERT INTO "npe01__OppPayment__c" VALUES(196,'13.1','2016-09-02','36');
INSERT INTO "npe01__OppPayment__c" VALUES(197,'13.1','2016-10-02','36');
INSERT INTO "npe01__OppPayment__c" VALUES(198,'13.1','2016-11-02','36');
INSERT INTO "npe01__OppPayment__c" VALUES(199,'13.1','2016-12-02','36');
INSERT INTO "npe01__OppPayment__c" VALUES(200,'13.1','2017-01-02','36');
INSERT INTO "npe01__OppPayment__c" VALUES(201,'13.1','2017-02-02','36');
INSERT INTO "npe01__OppPayment__c" VALUES(202,'13.1','2017-03-02','36');
INSERT INTO "npe01__OppPayment__c" VALUES(203,'13.1','2017-04-02','36');
INSERT INTO "npe01__OppPayment__c" VALUES(204,'13.1','2017-05-02','36');
INSERT INTO "npe01__OppPayment__c" VALUES(205,'39.3','2015-05-18','49');
INSERT INTO "npe01__OppPayment__c" VALUES(206,'39.3','2015-06-18','49');
INSERT INTO "npe01__OppPayment__c" VALUES(207,'39.3','2015-07-18','49');
INSERT INTO "npe01__OppPayment__c" VALUES(208,'39.3','2015-08-18','49');
INSERT INTO "npe01__OppPayment__c" VALUES(209,'39.3','2015-09-18','49');
INSERT INTO "npe01__OppPayment__c" VALUES(210,'39.3','2015-10-18','49');
INSERT INTO "npe01__OppPayment__c" VALUES(211,'39.3','2015-11-19','49');
INSERT INTO "npe01__OppPayment__c" VALUES(212,'39.3','2015-12-19','49');
INSERT INTO "npe01__OppPayment__c" VALUES(213,'39.3','2016-01-19','49');
INSERT INTO "npe01__OppPayment__c" VALUES(214,'39.3','2016-02-19','49');
INSERT INTO "npe01__OppPayment__c" VALUES(215,'64.3','2017-01-24','50');
INSERT INTO "npe01__OppPayment__c" VALUES(216,'64.3','2017-02-24','50');
INSERT INTO "npe01__OppPayment__c" VALUES(217,'64.3','2017-03-24','50');
INSERT INTO "npe01__OppPayment__c" VALUES(218,'64.3','2017-04-24','50');
INSERT INTO "npe01__OppPayment__c" VALUES(219,'64.3','2017-05-24','50');
INSERT INTO "npe01__OppPayment__c" VALUES(220,'64.3','2017-06-24','50');
INSERT INTO "npe01__OppPayment__c" VALUES(221,'64.3','2017-07-24','50');
INSERT INTO "npe01__OppPayment__c" VALUES(222,'64.3','2017-08-24','50');
INSERT INTO "npe01__OppPayment__c" VALUES(223,'64.3','2017-09-24','50');
INSERT INTO "npe01__OppPayment__c" VALUES(224,'64.3','2017-10-24','50');
INSERT INTO "npe01__OppPayment__c" VALUES(225,'785.8','2014-03-04','123');
INSERT INTO "npe01__OppPayment__c" VALUES(226,'785.8','2014-04-04','123');
INSERT INTO "npe01__OppPayment__c" VALUES(227,'785.8','2014-05-04','123');
INSERT INTO "npe01__OppPayment__c" VALUES(228,'785.8','2014-06-04','123');
INSERT INTO "npe01__OppPayment__c" VALUES(229,'785.8','2014-07-04','123');
INSERT INTO "npe01__OppPayment__c" VALUES(230,'785.8','2014-08-04','123');
INSERT INTO "npe01__OppPayment__c" VALUES(231,'785.8','2014-09-04','123');
INSERT INTO "npe01__OppPayment__c" VALUES(232,'785.8','2014-10-04','123');
INSERT INTO "npe01__OppPayment__c" VALUES(233,'785.8','2014-11-04','123');
INSERT INTO "npe01__OppPayment__c" VALUES(234,'785.8','2014-12-04','123');
INSERT INTO "npe01__OppPayment__c" VALUES(235,'48.5','2014-06-29','222');
INSERT INTO "npe01__OppPayment__c" VALUES(236,'48.5','2014-07-29','222');
INSERT INTO "npe01__OppPayment__c" VALUES(237,'48.5','2014-08-29','222');
INSERT INTO "npe01__OppPayment__c" VALUES(238,'48.5','2014-09-29','222');
INSERT INTO "npe01__OppPayment__c" VALUES(239,'48.5','2014-10-29','222');
INSERT INTO "npe01__OppPayment__c" VALUES(240,'48.5','2014-11-29','222');
INSERT INTO "npe01__OppPayment__c" VALUES(241,'48.5','2014-12-29','222');
INSERT INTO "npe01__OppPayment__c" VALUES(242,'48.5','2015-01-29','222');
INSERT INTO "npe01__OppPayment__c" VALUES(243,'48.5','2015-03-01','222');
INSERT INTO "npe01__OppPayment__c" VALUES(244,'48.5','2015-03-29','222');
INSERT INTO "npe01__OppPayment__c" VALUES(245,'32.7','2014-03-23','172');
INSERT INTO "npe01__OppPayment__c" VALUES(246,'32.7','2014-04-23','172');
INSERT INTO "npe01__OppPayment__c" VALUES(247,'32.7','2014-05-23','172');
INSERT INTO "npe01__OppPayment__c" VALUES(248,'32.7','2014-06-23','172');
INSERT INTO "npe01__OppPayment__c" VALUES(249,'32.7','2014-07-23','172');
INSERT INTO "npe01__OppPayment__c" VALUES(250,'32.7','2014-08-23','172');
INSERT INTO "npe01__OppPayment__c" VALUES(251,'32.7','2014-09-23','172');
INSERT INTO "npe01__OppPayment__c" VALUES(252,'32.7','2014-10-23','172');
INSERT INTO "npe01__OppPayment__c" VALUES(253,'32.7','2014-11-23','172');
INSERT INTO "npe01__OppPayment__c" VALUES(254,'32.7','2014-12-23','172');
INSERT INTO "npe01__OppPayment__c" VALUES(255,'54.0','2016-08-28','187');
INSERT INTO "npe01__OppPayment__c" VALUES(256,'54.0','2016-09-28','187');
INSERT INTO "npe01__OppPayment__c" VALUES(257,'54.0','2016-10-28','187');
INSERT INTO "npe01__OppPayment__c" VALUES(258,'54.0','2016-11-28','187');
INSERT INTO "npe01__OppPayment__c" VALUES(259,'54.0','2016-12-28','187');
INSERT INTO "npe01__OppPayment__c" VALUES(260,'54.0','2017-01-28','187');
INSERT INTO "npe01__OppPayment__c" VALUES(261,'54.0','2017-02-28','187');
INSERT INTO "npe01__OppPayment__c" VALUES(262,'54.0','2017-03-28','187');
INSERT INTO "npe01__OppPayment__c" VALUES(263,'54.0','2017-04-28','187');
INSERT INTO "npe01__OppPayment__c" VALUES(264,'54.0','2017-05-28','187');
INSERT INTO "npe01__OppPayment__c" VALUES(265,'496.5','2015-01-02','117');
INSERT INTO "npe01__OppPayment__c" VALUES(266,'496.5','2015-02-02','117');
INSERT INTO "npe01__OppPayment__c" VALUES(267,'496.5','2015-03-02','117');
INSERT INTO "npe01__OppPayment__c" VALUES(268,'496.5','2015-04-02','117');
INSERT INTO "npe01__OppPayment__c" VALUES(269,'496.5','2015-05-02','117');
INSERT INTO "npe01__OppPayment__c" VALUES(270,'496.5','2015-06-02','117');
INSERT INTO "npe01__OppPayment__c" VALUES(271,'496.5','2015-07-02','117');
INSERT INTO "npe01__OppPayment__c" VALUES(272,'496.5','2015-08-02','117');
INSERT INTO "npe01__OppPayment__c" VALUES(273,'496.5','2015-09-02','117');
INSERT INTO "npe01__OppPayment__c" VALUES(274,'496.5','2015-10-02','117');
INSERT INTO "npe01__OppPayment__c" VALUES(275,'75.7','2014-08-28','151');
INSERT INTO "npe01__OppPayment__c" VALUES(276,'75.7','2014-09-28','151');
INSERT INTO "npe01__OppPayment__c" VALUES(277,'75.7','2014-10-28','151');
INSERT INTO "npe01__OppPayment__c" VALUES(278,'75.7','2014-11-28','151');
INSERT INTO "npe01__OppPayment__c" VALUES(279,'75.7','2014-12-28','151');
INSERT INTO "npe01__OppPayment__c" VALUES(280,'75.7','2015-01-28','151');
INSERT INTO "npe01__OppPayment__c" VALUES(281,'75.7','2015-02-28','151');
INSERT INTO "npe01__OppPayment__c" VALUES(282,'75.7','2015-03-28','151');
INSERT INTO "npe01__OppPayment__c" VALUES(283,'75.7','2015-04-28','151');
INSERT INTO "npe01__OppPayment__c" VALUES(284,'75.7','2015-05-28','151');
INSERT INTO "npe01__OppPayment__c" VALUES(285,'8.5','2015-08-30','155');
INSERT INTO "npe01__OppPayment__c" VALUES(286,'8.5','2015-09-30','155');
INSERT INTO "npe01__OppPayment__c" VALUES(287,'8.5','2015-10-30','155');
INSERT INTO "npe01__OppPayment__c" VALUES(288,'8.5','2015-11-30','155');
INSERT INTO "npe01__OppPayment__c" VALUES(289,'8.5','2015-12-30','155');
INSERT INTO "npe01__OppPayment__c" VALUES(290,'8.5','2016-01-30','155');
INSERT INTO "npe01__OppPayment__c" VALUES(291,'8.5','2016-03-01','155');
INSERT INTO "npe01__OppPayment__c" VALUES(292,'8.5','2016-03-30','155');
INSERT INTO "npe01__OppPayment__c" VALUES(293,'8.5','2016-04-30','155');
INSERT INTO "npe01__OppPayment__c" VALUES(294,'8.5','2016-05-30','155');
INSERT INTO "npe01__OppPayment__c" VALUES(295,'5297.0','2015-11-27','118');
INSERT INTO "npe01__OppPayment__c" VALUES(296,'6258.0','2014-07-24','119');
INSERT INTO "npe01__OppPayment__c" VALUES(297,'2804.0','2014-03-12','120');
INSERT INTO "npe01__OppPayment__c" VALUES(298,'7164.0','2014-03-09','121');
INSERT INTO "npe01__OppPayment__c" VALUES(299,'6989.0','2016-08-29','122');
INSERT INTO "npe01__OppPayment__c" VALUES(300,'181.0','2014-12-04','124');
INSERT INTO "npe01__OppPayment__c" VALUES(301,'3422.0','2015-01-31','125');
INSERT INTO "npe01__OppPayment__c" VALUES(302,'2434.0','2014-11-02','126');
INSERT INTO "npe01__OppPayment__c" VALUES(303,'3738.0','2015-08-02','127');
INSERT INTO "npe01__OppPayment__c" VALUES(304,'6351.0','2015-12-29','128');
INSERT INTO "npe01__OppPayment__c" VALUES(305,'2233.0','2015-05-18','129');
INSERT INTO "npe01__OppPayment__c" VALUES(306,'3361.0','2014-09-08','130');
INSERT INTO "npe01__OppPayment__c" VALUES(307,'3124.0','2016-05-15','131');
INSERT INTO "npe01__OppPayment__c" VALUES(308,'2909.0','2016-05-16','132');
INSERT INTO "npe01__OppPayment__c" VALUES(309,'1824.0','2015-07-30','133');
INSERT INTO "npe01__OppPayment__c" VALUES(310,'4670.0','2014-09-17','134');
INSERT INTO "npe01__OppPayment__c" VALUES(311,'5400.0','2015-03-22','135');
INSERT INTO "npe01__OppPayment__c" VALUES(312,'9404.0','2014-02-15','136');
CREATE TABLE "npe03__Recurring_Donation__c" (
	id INTEGER NOT NULL, 
	"Name" VARCHAR(255), 
	"npe03__Amount__c" VARCHAR(255), 
	"npe03__Date_Established__c" VARCHAR(255), 
	"npe03__Schedule_Type__c" VARCHAR(255), 
	"npe03__Open_Ended_Status__c" VARCHAR(255), 
	npe03__contact__c VARCHAR(255), 
	PRIMARY KEY (id)
);
INSERT INTO "npe03__Recurring_Donation__c" VALUES(1,'Carl Harvey: $245 Monthly','245.0','2016-02-04','Monthly','True','6');
CREATE TABLE "npe4__Relationship__c" (
	id INTEGER NOT NULL, 
	"npe4__Type__c" VARCHAR(255), 
	npe4__contact__c VARCHAR(255), 
	npe4__related_contact__c VARCHAR(255), 
	PRIMARY KEY (id)
);
INSERT INTO "npe4__Relationship__c" VALUES(1,'Partner','44','49');
INSERT INTO "npe4__Relationship__c" VALUES(2,'Partner','44','45');
INSERT INTO "npe4__Relationship__c" VALUES(3,'Employee','44','45');
INSERT INTO "npe4__Relationship__c" VALUES(4,'Partner','44','50');
INSERT INTO "npe4__Relationship__c" VALUES(5,'Partner','44','54');
INSERT INTO "npe4__Relationship__c" VALUES(6,'Partner','44','55');
INSERT INTO "npe4__Relationship__c" VALUES(7,'Partner','44','56');
INSERT INTO "npe4__Relationship__c" VALUES(8,'Employee','26','38');
INSERT INTO "npe4__Relationship__c" VALUES(9,'Employee','20','15');
INSERT INTO "npe4__Relationship__c" VALUES(10,'Employee','69','77');
INSERT INTO "npe4__Relationship__c" VALUES(11,'Employee','12','31');
INSERT INTO "npe4__Relationship__c" VALUES(12,'Employee','43','1');
INSERT INTO "npe4__Relationship__c" VALUES(13,'Employee','23','76');
INSERT INTO "npe4__Relationship__c" VALUES(14,'Employee','86','82');
INSERT INTO "npe4__Relationship__c" VALUES(15,'Employee','74','89');
INSERT INTO "npe4__Relationship__c" VALUES(16,'Employee','29','42');
INSERT INTO "npe4__Relationship__c" VALUES(17,'Employee','46','47');
INSERT INTO "npe4__Relationship__c" VALUES(18,'Partner','9','8');
INSERT INTO "npe4__Relationship__c" VALUES(19,'Employee','6','24');
INSERT INTO "npe4__Relationship__c" VALUES(20,'Employee','41','9');
INSERT INTO "npe4__Relationship__c" VALUES(21,'Employee','28','11');
INSERT INTO "npe4__Relationship__c" VALUES(22,'Employee','67','58');
INSERT INTO "npe4__Relationship__c" VALUES(23,'Employee','10','72');
INSERT INTO "npe4__Relationship__c" VALUES(24,'Employee','85','57');
INSERT INTO "npe4__Relationship__c" VALUES(25,'Employee','66','18');
INSERT INTO "npe4__Relationship__c" VALUES(26,'Employee','22','32');
INSERT INTO "npe4__Relationship__c" VALUES(27,'Employee','78','30');
INSERT INTO "npe4__Relationship__c" VALUES(28,'Employee','48','49');
INSERT INTO "npe4__Relationship__c" VALUES(29,'Employee','95','100');
INSERT INTO "npe4__Relationship__c" VALUES(30,'Partner','39','38');
INSERT INTO "npe4__Relationship__c" VALUES(31,'Employee','52','90');
INSERT INTO "npe4__Relationship__c" VALUES(32,'Employee','91','36');
INSERT INTO "npe4__Relationship__c" VALUES(33,'Employee','17','39');
INSERT INTO "npe4__Relationship__c" VALUES(34,'Partner','17','16');
INSERT INTO "npe4__Relationship__c" VALUES(35,'Employee','53','83');
INSERT INTO "npe4__Relationship__c" VALUES(36,'Employee','16','25');
INSERT INTO "npe4__Relationship__c" VALUES(37,'Employee','7','75');
INSERT INTO "npe4__Relationship__c" VALUES(38,'Employee','84','13');
INSERT INTO "npe4__Relationship__c" VALUES(39,'Employee','79','88');
INSERT INTO "npe4__Relationship__c" VALUES(40,'Employee','61','70');
INSERT INTO "npe4__Relationship__c" VALUES(41,'Employee','62','97');
INSERT INTO "npe4__Relationship__c" VALUES(42,'Employee','50','54');
INSERT INTO "npe4__Relationship__c" VALUES(43,'Employee','63','19');
INSERT INTO "npe4__Relationship__c" VALUES(44,'Employee','55','56');
INSERT INTO "npe4__Relationship__c" VALUES(45,'Employee','71','73');
INSERT INTO "npe4__Relationship__c" VALUES(46,'Employee','4','21');
INSERT INTO "npe4__Relationship__c" VALUES(47,'Employee','65','81');
INSERT INTO "npe4__Relationship__c" VALUES(48,'Employee','60','68');
INSERT INTO "npe4__Relationship__c" VALUES(49,'Employee','92','40');
INSERT INTO "npe4__Relationship__c" VALUES(50,'Employee','94','34');
INSERT INTO "npe4__Relationship__c" VALUES(51,'Employee','93','87');
INSERT INTO "npe4__Relationship__c" VALUES(52,'Employee','59','98');
INSERT INTO "npe4__Relationship__c" VALUES(53,'Employee','5','64');
INSERT INTO "npe4__Relationship__c" VALUES(54,'Employee','35','2');
INSERT INTO "npe4__Relationship__c" VALUES(55,'Employee','3','80');
INSERT INTO "npe4__Relationship__c" VALUES(56,'Employee','96','99');
INSERT INTO "npe4__Relationship__c" VALUES(57,'Employee','8','51');
INSERT INTO "npe4__Relationship__c" VALUES(58,'Employee','37','33');
INSERT INTO "npe4__Relationship__c" VALUES(59,'Employee','14','27');
INSERT INTO "npe4__Relationship__c" VALUES(60,'Partner','46','44');
INSERT INTO "npe4__Relationship__c" VALUES(61,'Partner','47','44');
INSERT INTO "npe4__Relationship__c" VALUES(62,'Partner','48','44');
INSERT INTO "npe4__Relationship__c" VALUES(63,'Partner','49','44');
INSERT INTO "npe4__Relationship__c" VALUES(64,'Partner','45','44');
INSERT INTO "npe4__Relationship__c" VALUES(65,'Employee','45','44');
INSERT INTO "npe4__Relationship__c" VALUES(66,'Partner','50','44');
INSERT INTO "npe4__Relationship__c" VALUES(67,'Partner','54','44');
INSERT INTO "npe4__Relationship__c" VALUES(68,'Partner','55','44');
INSERT INTO "npe4__Relationship__c" VALUES(69,'Partner','56','44');
INSERT INTO "npe4__Relationship__c" VALUES(70,'Employee','38','26');
INSERT INTO "npe4__Relationship__c" VALUES(71,'Employee','15','20');
INSERT INTO "npe4__Relationship__c" VALUES(72,'Employee','77','69');
INSERT INTO "npe4__Relationship__c" VALUES(73,'Employee','31','12');
INSERT INTO "npe4__Relationship__c" VALUES(74,'Employee','1','43');
INSERT INTO "npe4__Relationship__c" VALUES(75,'Employee','76','23');
INSERT INTO "npe4__Relationship__c" VALUES(76,'Employee','82','86');
INSERT INTO "npe4__Relationship__c" VALUES(77,'Employee','89','74');
INSERT INTO "npe4__Relationship__c" VALUES(78,'Employee','42','29');
INSERT INTO "npe4__Relationship__c" VALUES(79,'Employee','47','46');
INSERT INTO "npe4__Relationship__c" VALUES(80,'Employee','68','60');
INSERT INTO "npe4__Relationship__c" VALUES(81,'Employee','40','92');
INSERT INTO "npe4__Relationship__c" VALUES(82,'Employee','34','94');
INSERT INTO "npe4__Relationship__c" VALUES(83,'Employee','87','93');
INSERT INTO "npe4__Relationship__c" VALUES(84,'Employee','98','59');
INSERT INTO "npe4__Relationship__c" VALUES(85,'Employee','64','5');
INSERT INTO "npe4__Relationship__c" VALUES(86,'Employee','2','35');
INSERT INTO "npe4__Relationship__c" VALUES(87,'Employee','80','3');
INSERT INTO "npe4__Relationship__c" VALUES(88,'Employee','99','96');
INSERT INTO "npe4__Relationship__c" VALUES(89,'Employee','51','8');
INSERT INTO "npe4__Relationship__c" VALUES(90,'Employee','33','37');
INSERT INTO "npe4__Relationship__c" VALUES(91,'Employee','27','14');
INSERT INTO "npe4__Relationship__c" VALUES(92,'Partner','44','46');
INSERT INTO "npe4__Relationship__c" VALUES(93,'Partner','44','47');
INSERT INTO "npe4__Relationship__c" VALUES(94,'Partner','44','48');
INSERT INTO "npe4__Relationship__c" VALUES(95,'Partner','8','9');
INSERT INTO "npe4__Relationship__c" VALUES(96,'Employee','24','6');
INSERT INTO "npe4__Relationship__c" VALUES(97,'Employee','9','41');
INSERT INTO "npe4__Relationship__c" VALUES(98,'Employee','11','28');
INSERT INTO "npe4__Relationship__c" VALUES(99,'Employee','58','67');
INSERT INTO "npe4__Relationship__c" VALUES(100,'Employee','72','10');
INSERT INTO "npe4__Relationship__c" VALUES(101,'Employee','57','85');
INSERT INTO "npe4__Relationship__c" VALUES(102,'Employee','18','66');
INSERT INTO "npe4__Relationship__c" VALUES(103,'Employee','32','22');
INSERT INTO "npe4__Relationship__c" VALUES(104,'Employee','30','78');
INSERT INTO "npe4__Relationship__c" VALUES(105,'Employee','49','48');
INSERT INTO "npe4__Relationship__c" VALUES(106,'Employee','100','95');
INSERT INTO "npe4__Relationship__c" VALUES(107,'Partner','38','39');
INSERT INTO "npe4__Relationship__c" VALUES(108,'Employee','90','52');
INSERT INTO "npe4__Relationship__c" VALUES(109,'Employee','36','91');
INSERT INTO "npe4__Relationship__c" VALUES(110,'Employee','39','17');
INSERT INTO "npe4__Relationship__c" VALUES(111,'Partner','16','17');
INSERT INTO "npe4__Relationship__c" VALUES(112,'Employee','83','53');
INSERT INTO "npe4__Relationship__c" VALUES(113,'Employee','25','16');
INSERT INTO "npe4__Relationship__c" VALUES(114,'Employee','75','7');
INSERT INTO "npe4__Relationship__c" VALUES(115,'Employee','13','84');
INSERT INTO "npe4__Relationship__c" VALUES(116,'Employee','88','79');
INSERT INTO "npe4__Relationship__c" VALUES(117,'Employee','70','61');
INSERT INTO "npe4__Relationship__c" VALUES(118,'Employee','97','62');
INSERT INTO "npe4__Relationship__c" VALUES(119,'Employee','54','50');
INSERT INTO "npe4__Relationship__c" VALUES(120,'Employee','19','63');
INSERT INTO "npe4__Relationship__c" VALUES(121,'Employee','56','55');
INSERT INTO "npe4__Relationship__c" VALUES(122,'Employee','73','71');
INSERT INTO "npe4__Relationship__c" VALUES(123,'Employee','21','4');
INSERT INTO "npe4__Relationship__c" VALUES(124,'Employee','81','65');
COMMIT;
