BEGIN TRANSACTION;
CREATE TABLE "Account" (
	id INTEGER NOT NULL,
	"Name" VARCHAR(255),
	"BillingCountry" VARCHAR(255),
	"BillingStreet" VARCHAR(255),
	"BillingState" VARCHAR(255),
	"BillingCity" VARCHAR(255),
	"BillingPostalCode" VARCHAR(255),
	"npe01__SYSTEM_AccountType__c" VARCHAR(255),
	"RecordTypeId" VARCHAR(255),
	PRIMARY KEY (id)
);
INSERT INTO "Account" VALUES(1,'Patterson Household','Argentina','26 Blackbird Junction','','La Banda','','Household Account','0122a000000PCxAAAW');
INSERT INTO "Account" VALUES(2,'Bradley Household','Argentina','392 Mariners Cove Street','','La Falda','','Household Account','0122a000000PCxAAAW');
INSERT INTO "Account" VALUES(3,'Harper Household','Brazil','01 Corry Park','','Irati','','Household Account','0122a000000PCxAAAW');
INSERT INTO "Account" VALUES(4,'Thompson Household','Brazil','10 Butterfield Place','','Açucena','','Household Account','0122a000000PCxAAAW');
INSERT INTO "Account" VALUES(5,'Williams Household','Brazil','20 Oakridge Circle','','Guaratuba','','Household Account','0122a000000PCxAAAW');
INSERT INTO "Account" VALUES(6,'Harvey Household','Brazil','3170 Mitchell Parkway','','Campinas','','Household Account','0122a000000PCxAAAW');
INSERT INTO "Account" VALUES(7,'Patterson Household','Brazil','405 Sunbrook Terrace','','Codajás','','Household Account','0122a000000PCxAAAW');
INSERT INTO "Account" VALUES(8,'Hart and Hawkins Household','Canada','819 Sycamore Avenue','','Dollard-Des Ormeaux','','Household Account','0122a000000PCxAAAW');
INSERT INTO "Account" VALUES(9,'Howell Household','China','02 Golf View Pass','','Xindu','','Household Account','0122a000000PCxAAAW');
INSERT INTO "Account" VALUES(10,'Gilbert Household','China','03 Arapahoe Hill','','Jiangxi','','Household Account','0122a000000PCxAAAW');
INSERT INTO "Account" VALUES(11,'Gardner Household','China','0377 Shasta Trail','','Panzhou','','Household Account','0122a000000PCxAAAW');
INSERT INTO "Account" VALUES(12,'Ross Household','China','1056 Corscot Center','','Guanzhou','','Household Account','0122a000000PCxAAAW');
INSERT INTO "Account" VALUES(13,'Black Household','China','18 Drewry Street','','Yangshufang','','Household Account','0122a000000PCxAAAW');
INSERT INTO "Account" VALUES(14,'Frazier Household','China','18 Twin Pines Circle','','Laojiangjunjie','','Household Account','0122a000000PCxAAAW');
INSERT INTO "Account" VALUES(15,'Nichols and Murray Household','China','2 Victoria Point','','Liquan Chengguanzhen','','Household Account','0122a000000PCxAAAW');
INSERT INTO "Account" VALUES(16,'Flores Household','China','26 Annamark Alley','','Hatu Buh','','Household Account','0122a000000PCxAAAW');
INSERT INTO "Account" VALUES(17,'Long Household','China','3 Buena Vista Road','','Yonghe','','Household Account','0122a000000PCxAAAW');
INSERT INTO "Account" VALUES(18,'Fowler Household','China','428 Katie Court','','Jiangning','','Household Account','0122a000000PCxAAAW');
INSERT INTO "Account" VALUES(19,'Pierce Household','China','491 Lerdahl Pass','','Shangjiangxu','','Household Account','0122a000000PCxAAAW');
INSERT INTO "Account" VALUES(20,'Johnston Household','China','57 Mitchell Circle','','Gaotuo','','Household Account','0122a000000PCxAAAW');
INSERT INTO "Account" VALUES(21,'Gomez Household','China','59 Sheridan Avenue','','Xiaowuzhan','','Household Account','0122a000000PCxAAAW');
INSERT INTO "Account" VALUES(22,'Knight Household','China','612 Almo Hill','','Shuidong','','Household Account','0122a000000PCxAAAW');
INSERT INTO "Account" VALUES(23,'Sanders Household','China','67377 Memorial Road','','Baikui','','Household Account','0122a000000PCxAAAW');
INSERT INTO "Account" VALUES(24,'Flores Household','China','73 Browning Junction','','Licheng','','Household Account','0122a000000PCxAAAW');
INSERT INTO "Account" VALUES(25,'Fernandez Household','China','8193 Dunning Point','','Gangnan','','Household Account','0122a000000PCxAAAW');
INSERT INTO "Account" VALUES(26,'Hicks Household','China','82521 Pond Terrace','','Bailang','','Household Account','0122a000000PCxAAAW');
INSERT INTO "Account" VALUES(27,'Chapman Household','China','90472 Montana Center','','Tangqian','','Household Account','0122a000000PCxAAAW');
INSERT INTO "Account" VALUES(28,'Mills Household','China','9068 Clove Pass','','Xinfeng','','Household Account','0122a000000PCxAAAW');
INSERT INTO "Account" VALUES(29,'Nelson Household','Colombia','2 Mccormick Drive','','Arboleda','','Household Account','0122a000000PCxAAAW');
INSERT INTO "Account" VALUES(30,'Grant Household','Czech Republic','230 Veith Place','','Želiv','','Household Account','0122a000000PCxAAAW');
INSERT INTO "Account" VALUES(31,'Ward Household','Czech Republic','59 Mosinee Drive','','Dřiteň','','Household Account','0122a000000PCxAAAW');
INSERT INTO "Account" VALUES(32,'James Household','Czech Republic','65 Maywood Drive','','Hošťka','','Household Account','0122a000000PCxAAAW');
INSERT INTO "Account" VALUES(33,'Wallace Household','Czech Republic','82 Lukken Terrace','','Sedlice','','Household Account','0122a000000PCxAAAW');
INSERT INTO "Account" VALUES(34,'Chapman Household','Czech Republic','9407 Dottie Street','','Žirovnice','','Household Account','0122a000000PCxAAAW');
INSERT INTO "Account" VALUES(35,'Fuller Household','Ecuador','67 Milwaukee Parkway','','Montalvo','','Household Account','0122a000000PCxAAAW');
INSERT INTO "Account" VALUES(36,'Jones Household','Finland','8 Loomis Alley','','Muhos','','Household Account','0122a000000PCxAAAW');
INSERT INTO "Account" VALUES(37,'Banks Household','France','4564 Victoria Parkway','Rhône-Alpes','Meylan','38244 CEDEX','Household Account','0122a000000PCxAAAW');
INSERT INTO "Account" VALUES(38,'Perkins Household','France','5 Burning Wood Alley','Poitou-Charentes','Royan','17209 CEDEX','Household Account','0122a000000PCxAAAW');
INSERT INTO "Account" VALUES(39,'Medina and Morales Household','France','861 Dahle Street','Centre','Orléans','45933 CEDEX 9','Household Account','0122a000000PCxAAAW');
INSERT INTO "Account" VALUES(40,'Burton Household','France','87 Cambridge Hill','Picardie','Amiens','80891 CEDEX 3','Household Account','0122a000000PCxAAAW');
INSERT INTO "Account" VALUES(41,'Hayes Household','France','97798 Green Trail','Aquitaine','Boé','47555 CEDEX','Household Account','0122a000000PCxAAAW');
INSERT INTO "Account" VALUES(42,'Oliver Household','Indonesia','075 High Crossing Center','','Kajanan','','Household Account','0122a000000PCxAAAW');
INSERT INTO "Account" VALUES(43,'Alvarez Household','Indonesia','2 Chinook Road','','Sumberdangdang','','Household Account','0122a000000PCxAAAW');
INSERT INTO "Account" VALUES(44,'Watson Household','Indonesia','402 Loomis Lane','','Cileunyi','','Household Account','0122a000000PCxAAAW');
INSERT INTO "Account" VALUES(45,'Wallace Household','Indonesia','52 Mifflin Circle','','Tempaling','','Household Account','0122a000000PCxAAAW');
INSERT INTO "Account" VALUES(46,'Riley Household','Italy','2 Old Gate Parkway','Sicilia','Messina','98146','Household Account','0122a000000PCxAAAW');
INSERT INTO "Account" VALUES(47,'Rivera Household','Japan','9 Carpenter Trail','','Jōetsu','','Household Account','0122a000000PCxAAAW');
INSERT INTO "Account" VALUES(48,'Stephens Household','Kazakhstan','0491 La Follette Crossing','','Taldyqorghan','','Household Account','0122a000000PCxAAAW');
INSERT INTO "Account" VALUES(49,'Fisher Household','Kazakhstan','1902 Randy Alley','','Kokshetau','','Household Account','0122a000000PCxAAAW');
INSERT INTO "Account" VALUES(50,'Torres Household','New Zealand','535 Susan Trail','','Red Hill','','Household Account','0122a000000PCxAAAW');
INSERT INTO "Account" VALUES(51,'Jenkins Household','Nigeria','7060 Marcy Center','','Tegina','','Household Account','0122a000000PCxAAAW');
INSERT INTO "Account" VALUES(52,'Anderson Household','Philippines','0087 Russell Pass','','Takub','','Household Account','0122a000000PCxAAAW');
INSERT INTO "Account" VALUES(53,'Perry Household','Philippines','0990 Mayfield Hill','','Calaba','','Household Account','0122a000000PCxAAAW');
INSERT INTO "Account" VALUES(54,'Morrison Household','Philippines','1 Oriole Parkway','','Hermosa','','Household Account','0122a000000PCxAAAW');
INSERT INTO "Account" VALUES(55,'Ward Household','Philippines','126 Morningstar Park','','Bantacan','','Household Account','0122a000000PCxAAAW');
INSERT INTO "Account" VALUES(56,'Washington Household','Philippines','309 Basil Junction','','Sexmoan','','Household Account','0122a000000PCxAAAW');
INSERT INTO "Account" VALUES(57,'Franklin Household','Philippines','4026 Monument Terrace','','Lais','','Household Account','0122a000000PCxAAAW');
INSERT INTO "Account" VALUES(58,'Hunt Household','Greece','0 Carpenter Lane','','Markópoulo Oropoú','','Household Account','0122a000000PCxAAAW');
INSERT INTO "Account" VALUES(59,'Garrett Household','Greece','18113 Helena Place','','Kariaí','','Household Account','0122a000000PCxAAAW');
INSERT INTO "Account" VALUES(60,'Alvarez, Taylor, Stone, Smith, Russell, Medina, Kelly, Johnson and Harrison Household','Greece','7589 Pennsylvania Junction','','Kassándreia','','Household Account','0122a000000PCxAAAW');
INSERT INTO "Account" VALUES(61,'Bailey Household','Philippines','75 Ramsey Pass','','Bantacan','','Household Account','0122a000000PCxAAAW');
INSERT INTO "Account" VALUES(62,'Thomas Household','Philippines','909 Alpine Avenue','','Lumbang','','Household Account','0122a000000PCxAAAW');
INSERT INTO "Account" VALUES(63,'Lane Household','Philippines','92336 Bunker Hill Drive','','Mambago','','Household Account','0122a000000PCxAAAW');
INSERT INTO "Account" VALUES(64,'Perry Household','Poland','0 Darwin Lane','','Kowale','','Household Account','0122a000000PCxAAAW');
INSERT INTO "Account" VALUES(65,'Anderson Household','Poland','098 Scoville Point','','Przecław','','Household Account','0122a000000PCxAAAW');
INSERT INTO "Account" VALUES(66,'Hansen Household','Poland','13 Crownhardt Point','','Wilkowice','','Household Account','0122a000000PCxAAAW');
INSERT INTO "Account" VALUES(67,'Willis Household','Poland','843 Cottonwood Lane','','Świnna','','Household Account','0122a000000PCxAAAW');
INSERT INTO "Account" VALUES(68,'Holmes Household','Poland','942 Vidon Hill','','Kiełczów','','Household Account','0122a000000PCxAAAW');
INSERT INTO "Account" VALUES(69,'Kelly Household','Portugal','0 Shopko Avenue','Lisboa','Aldeia de Juzo','2750-015','Household Account','0122a000000PCxAAAW');
INSERT INTO "Account" VALUES(70,'Reyes Household','Portugal','49997 Oakridge Pass','Coimbra','Ribeira','3360-257','Household Account','0122a000000PCxAAAW');
INSERT INTO "Account" VALUES(71,'Burke Household','Russia','0747 Drewry Crossing','','Staropyshminsk','','Household Account','0122a000000PCxAAAW');
INSERT INTO "Account" VALUES(72,'Webb Household','Russia','4 Lillian Trail','','Slyudyanka','','Household Account','0122a000000PCxAAAW');
INSERT INTO "Account" VALUES(73,'Long Household','Russia','755 Thierer Place','','Uchkulan','','Household Account','0122a000000PCxAAAW');
INSERT INTO "Account" VALUES(74,'Powell Household','Russia','8 Transport Plaza','','Peresvet','','Household Account','0122a000000PCxAAAW');
INSERT INTO "Account" VALUES(75,'Powell Household','Russia','93 Eastlawn Crossing','','Bolgar','','Household Account','0122a000000PCxAAAW');
INSERT INTO "Account" VALUES(76,'Jenkins Household','Sierra Leone','484 Londonderry Plaza','','Kayima','','Household Account','0122a000000PCxAAAW');
INSERT INTO "Account" VALUES(77,'Gonzales Household','South Korea','701 Waubesa Crossing','','Enjitsu','','Household Account','0122a000000PCxAAAW');
INSERT INTO "Account" VALUES(78,'Richards Household','Sweden','62 Graedel Center','Stockholm','Sundbyberg','172 69','Household Account','0122a000000PCxAAAW');
INSERT INTO "Account" VALUES(79,'Sullivan Household','Syria','24609 Thompson Parkway','','Tasīl','','Household Account','0122a000000PCxAAAW');
INSERT INTO "Account" VALUES(80,'Chapman Household','Thailand','1 Basil Circle','','Bueng Samakkhi','','Household Account','0122a000000PCxAAAW');
INSERT INTO "Account" VALUES(81,'Hudson Household','Thailand','4328 Hoffman Road','','Kamalasai','','Household Account','0122a000000PCxAAAW');
INSERT INTO "Account" VALUES(82,'Warren Household','Thailand','5730 International Lane','','Phuket','','Household Account','0122a000000PCxAAAW');
INSERT INTO "Account" VALUES(83,'King Household','Ukraine','2072 Hayes Plaza','','Rybache','','Household Account','0122a000000PCxAAAW');
INSERT INTO "Account" VALUES(84,'Riley Household','Ukraine','39955 Canary Avenue','','Truskavets','','Household Account','0122a000000PCxAAAW');
INSERT INTO "Account" VALUES(85,'Porter Household','United States','07050 Doe Crossing Plaza','Minnesota','Saint Paul','55108','Household Account','0122a000000PCxAAAW');
INSERT INTO "Account" VALUES(86,'Austin Household','United States','36055 Maple Hill','Connecticut','Waterbury','06705','Household Account','0122a000000PCxAAAW');
INSERT INTO "Account" VALUES(87,'Carr Household','United States','50 Cherokee Way','Louisiana','Baton Rouge','70894','Household Account','0122a000000PCxAAAW');
INSERT INTO "Account" VALUES(88,'Aimbo','','','','','','','0122a000000PCxBAAW');
INSERT INTO "Account" VALUES(89,'Aivee','','','','','','','0122a000000PCxBAAW');
INSERT INTO "Account" VALUES(90,'Avamba','','','','','','','0122a000000PCxBAAW');
INSERT INTO "Account" VALUES(91,'Blognation','','','','','','','0122a000000PCxBAAW');
INSERT INTO "Account" VALUES(92,'Brainbox','','','','','','','0122a000000PCxBAAW');
INSERT INTO "Account" VALUES(93,'Brightbean','','','','','','','0122a000000PCxBAAW');
INSERT INTO "Account" VALUES(94,'Brightdog','','','','','','','0122a000000PCxBAAW');
INSERT INTO "Account" VALUES(95,'Browsecat','','','','','','','0122a000000PCxBAAW');
INSERT INTO "Account" VALUES(96,'Bubblebox','','','','','','','0122a000000PCxBAAW');
INSERT INTO "Account" VALUES(97,'Centidel','','','','','','','0122a000000PCxBAAW');
INSERT INTO "Account" VALUES(98,'Centizu','','','','','','','0122a000000PCxBAAW');
INSERT INTO "Account" VALUES(99,'Chatterpoint','','','','','','','0122a000000PCxBAAW');
INSERT INTO "Account" VALUES(100,'Dabtype','','','','','','','0122a000000PCxBAAW');
INSERT INTO "Account" VALUES(101,'Divape','','','','','','','0122a000000PCxBAAW');
INSERT INTO "Account" VALUES(102,'Dynazzy','','','','','','','0122a000000PCxBAAW');
INSERT INTO "Account" VALUES(103,'Eare','','','','','','','0122a000000PCxBAAW');
INSERT INTO "Account" VALUES(104,'Eazzy','','','','','','','0122a000000PCxBAAW');
INSERT INTO "Account" VALUES(105,'Edgeify','','','','','','','0122a000000PCxBAAW');
INSERT INTO "Account" VALUES(106,'Edgewire','','','','','','','0122a000000PCxBAAW');
INSERT INTO "Account" VALUES(107,'Fatz','','','','','','','0122a000000PCxBAAW');
INSERT INTO "Account" VALUES(108,'Flashdog','','','','','','','0122a000000PCxBAAW');
INSERT INTO "Account" VALUES(109,'Flashpoint','','','','','','','0122a000000PCxBAAW');
INSERT INTO "Account" VALUES(110,'Flashspan','','','','','','','0122a000000PCxBAAW');
INSERT INTO "Account" VALUES(111,'Flipbug','','','','','','','0122a000000PCxBAAW');
INSERT INTO "Account" VALUES(112,'Fliptune','','','','','','','0122a000000PCxBAAW');
INSERT INTO "Account" VALUES(113,'Gevee','','','','','','','0122a000000PCxBAAW');
INSERT INTO "Account" VALUES(114,'Gigabox','','','','','','','0122a000000PCxBAAW');
INSERT INTO "Account" VALUES(115,'Innotype','','','','','','','0122a000000PCxBAAW');
INSERT INTO "Account" VALUES(116,'Jabberbean','','','','','','','0122a000000PCxBAAW');
INSERT INTO "Account" VALUES(117,'Devshare','','','','','','','0122a000000PCxBAAW');
INSERT INTO "Account" VALUES(118,'Jatri','','','','','','','0122a000000PCxBAAW');
INSERT INTO "Account" VALUES(119,'Jaxspan','','','','','','','0122a000000PCxBAAW');
INSERT INTO "Account" VALUES(120,'Jayo','','','','','','','0122a000000PCxBAAW');
INSERT INTO "Account" VALUES(121,'Kazu','','','','','','','0122a000000PCxBAAW');
INSERT INTO "Account" VALUES(122,'Kwideo','','','','','','','0122a000000PCxBAAW');
INSERT INTO "Account" VALUES(123,'Lajo','','','','','','','0122a000000PCxBAAW');
INSERT INTO "Account" VALUES(124,'Latz','','','','','','','0122a000000PCxBAAW');
INSERT INTO "Account" VALUES(125,'Layo','','','','','','','0122a000000PCxBAAW');
INSERT INTO "Account" VALUES(126,'Meeveo','','','','','','','0122a000000PCxBAAW');
INSERT INTO "Account" VALUES(127,'Mynte','','','','','','','0122a000000PCxBAAW');
INSERT INTO "Account" VALUES(128,'Myworks','','','','','','','0122a000000PCxBAAW');
INSERT INTO "Account" VALUES(129,'Ntags','','','','','','','0122a000000PCxBAAW');
INSERT INTO "Account" VALUES(130,'Oloo','','','','','','','0122a000000PCxBAAW');
INSERT INTO "Account" VALUES(131,'Omba','','','','','','','0122a000000PCxBAAW');
INSERT INTO "Account" VALUES(132,'Oyoloo','','','','','','','0122a000000PCxBAAW');
INSERT INTO "Account" VALUES(133,'Podcat','','','','','','','0122a000000PCxBAAW');
INSERT INTO "Account" VALUES(134,'Quimm','','','','','','','0122a000000PCxBAAW');
INSERT INTO "Account" VALUES(135,'Realblab','','','','','','','0122a000000PCxBAAW');
INSERT INTO "Account" VALUES(136,'Realpoint','','','','','','','0122a000000PCxBAAW');
INSERT INTO "Account" VALUES(137,'Rhynyx','','','','','','','0122a000000PCxBAAW');
INSERT INTO "Account" VALUES(138,'Roodel','','','','','','','0122a000000PCxBAAW');
INSERT INTO "Account" VALUES(139,'Skibox','','','','','','','0122a000000PCxBAAW');
INSERT INTO "Account" VALUES(140,'Skidoo','','','','','','','0122a000000PCxBAAW');
INSERT INTO "Account" VALUES(141,'Skimia','','','','','','','0122a000000PCxBAAW');
INSERT INTO "Account" VALUES(142,'Skinder','','','','','','','0122a000000PCxBAAW');
INSERT INTO "Account" VALUES(143,'Skinte','','','','','','','0122a000000PCxBAAW');
INSERT INTO "Account" VALUES(144,'Skyba','','','','','','','0122a000000PCxBAAW');
INSERT INTO "Account" VALUES(145,'Tagchat','','','','','','','0122a000000PCxBAAW');
INSERT INTO "Account" VALUES(146,'Tagtune','','','','','','','0122a000000PCxBAAW');
INSERT INTO "Account" VALUES(147,'Talane','','','','','','','0122a000000PCxBAAW');
INSERT INTO "Account" VALUES(148,'Tambee','','','','','','','0122a000000PCxBAAW');
INSERT INTO "Account" VALUES(149,'Tavu','','','','','','','0122a000000PCxBAAW');
INSERT INTO "Account" VALUES(150,'Tazzy','','','','','','','0122a000000PCxBAAW');
INSERT INTO "Account" VALUES(151,'Thoughtbridge','','','','','','','0122a000000PCxBAAW');
INSERT INTO "Account" VALUES(152,'Thoughtsphere','','','','','','','0122a000000PCxBAAW');
INSERT INTO "Account" VALUES(153,'Trilia','','','','','','','0122a000000PCxBAAW');
INSERT INTO "Account" VALUES(154,'Twinte','','','','','','','0122a000000PCxBAAW');
INSERT INTO "Account" VALUES(155,'Twitternation','','','','','','','0122a000000PCxBAAW');
INSERT INTO "Account" VALUES(156,'Twitterwire','','','','','','','0122a000000PCxBAAW');
INSERT INTO "Account" VALUES(157,'Voolith','','','','','','','0122a000000PCxBAAW');
INSERT INTO "Account" VALUES(158,'Voonix','','','','','','','0122a000000PCxBAAW');
INSERT INTO "Account" VALUES(159,'Wikivu','','','','','','','0122a000000PCxBAAW');
INSERT INTO "Account" VALUES(160,'Wordtune','','','','','','','0122a000000PCxBAAW');
INSERT INTO "Account" VALUES(161,'Yata','','','','','','','0122a000000PCxBAAW');
INSERT INTO "Account" VALUES(162,'Yombu','','','','','','','0122a000000PCxBAAW');
INSERT INTO "Account" VALUES(163,'Youopia','','','','','','','0122a000000PCxBAAW');
INSERT INTO "Account" VALUES(164,'Yozio','','','','','','','0122a000000PCxBAAW');
INSERT INTO "Account" VALUES(165,'Zazio','','','','','','','0122a000000PCxBAAW');
INSERT INTO "Account" VALUES(166,'Zoomlounge','','','','','','','0122a000000PCxBAAW');
CREATE TABLE "Account_rt_mapping" (
	record_type_id VARCHAR(18) NOT NULL,
	developer_name VARCHAR(255),
	PRIMARY KEY (record_type_id)
);
INSERT INTO "Account_rt_mapping" VALUES('0122a000000PCxAAAW','HH_Account');
INSERT INTO "Account_rt_mapping" VALUES('0122a000000PCxBAAW','Organization');
CREATE TABLE "Address__c" (
	id INTEGER NOT NULL,
	"MailingCountry__c" VARCHAR(255),
	"MailingStreet__c" VARCHAR(255),
	"MailingState__c" VARCHAR(255),
	"MailingCity__c" VARCHAR(255),
	"MailingPostalCode__c" VARCHAR(255),
	"Seasonal_Start_Month__c" VARCHAR(255),
	"Seasonal_Start_Day__c" VARCHAR(255),
	"Seasonal_End_Month__c" VARCHAR(255),
	"Seasonal_End_Day__c" VARCHAR(255),
	household_account__c VARCHAR(255),
	PRIMARY KEY (id)
);
INSERT INTO "Address__c" VALUES(1,'United States','07050 Doe Crossing Plaza','Minnesota','Saint Paul','55108','','','','','33');
INSERT INTO "Address__c" VALUES(2,'United States','36055 Maple Hill','Connecticut','Waterbury','06705','','','','','33');
INSERT INTO "Address__c" VALUES(3,'United States','50 Cherokee Way','Louisiana','Baton Rouge','70894','','','','','33');
INSERT INTO "Address__c" VALUES(4,'Argentina','26 Blackbird Junction','','La Banda','','','','','','33');
INSERT INTO "Address__c" VALUES(5,'Argentina','392 Mariners Cove Street','','La Falda','','','','','','33');
INSERT INTO "Address__c" VALUES(6,'Brazil','01 Corry Park','','Irati','','','','','','33');
INSERT INTO "Address__c" VALUES(7,'Brazil','10 Butterfield Place','','Açucena','','','','','','33');
INSERT INTO "Address__c" VALUES(8,'Brazil','20 Oakridge Circle','','Guaratuba','','','','','','33');
INSERT INTO "Address__c" VALUES(9,'Brazil','3170 Mitchell Parkway','','Campinas','','','','','','33');
INSERT INTO "Address__c" VALUES(10,'Brazil','405 Sunbrook Terrace','','Codajás','','','','','','33');
INSERT INTO "Address__c" VALUES(11,'Canada','819 Sycamore Avenue','','Dollard-Des Ormeaux','','','','','','33');
INSERT INTO "Address__c" VALUES(12,'China','02 Golf View Pass','','Xindu','','','','','','33');
INSERT INTO "Address__c" VALUES(13,'China','03 Arapahoe Hill','','Jiangxi','','','','','','33');
INSERT INTO "Address__c" VALUES(14,'China','0377 Shasta Trail','','Panzhou','','','','','','33');
INSERT INTO "Address__c" VALUES(15,'China','1056 Corscot Center','','Guanzhou','','','','','','33');
INSERT INTO "Address__c" VALUES(16,'China','18 Drewry Street','','Yangshufang','','','','','','33');
INSERT INTO "Address__c" VALUES(17,'China','18 Twin Pines Circle','','Laojiangjunjie','','','','','','33');
INSERT INTO "Address__c" VALUES(18,'China','2 Victoria Point','','Liquan Chengguanzhen','','','','','','33');
INSERT INTO "Address__c" VALUES(19,'China','26 Annamark Alley','','Hatu Buh','','','','','','33');
INSERT INTO "Address__c" VALUES(20,'China','3 Buena Vista Road','','Yonghe','','','','','','33');
INSERT INTO "Address__c" VALUES(21,'China','428 Katie Court','','Jiangning','','','','','','33');
INSERT INTO "Address__c" VALUES(22,'China','491 Lerdahl Pass','','Shangjiangxu','','','','','','33');
INSERT INTO "Address__c" VALUES(23,'China','57 Mitchell Circle','','Gaotuo','','','','','','33');
INSERT INTO "Address__c" VALUES(24,'China','59 Sheridan Avenue','','Xiaowuzhan','','','','','','33');
INSERT INTO "Address__c" VALUES(25,'China','612 Almo Hill','','Shuidong','','','','','','33');
INSERT INTO "Address__c" VALUES(26,'China','67377 Memorial Road','','Baikui','','','','','','33');
INSERT INTO "Address__c" VALUES(27,'China','73 Browning Junction','','Licheng','','','','','','33');
INSERT INTO "Address__c" VALUES(28,'China','8193 Dunning Point','','Gangnan','','','','','','33');
INSERT INTO "Address__c" VALUES(29,'China','82521 Pond Terrace','','Bailang','','','','','','33');
INSERT INTO "Address__c" VALUES(30,'China','90472 Montana Center','','Tangqian','','','','','','33');
INSERT INTO "Address__c" VALUES(31,'China','9068 Clove Pass','','Xinfeng','','','','','','33');
INSERT INTO "Address__c" VALUES(32,'Indonesia','52 Mifflin Circle','','Tempaling','','','','','','33');
INSERT INTO "Address__c" VALUES(33,'Italy','2 Old Gate Parkway','Sicilia','Messina','98146','','','','','33');
INSERT INTO "Address__c" VALUES(34,'Japan','9 Carpenter Trail','','Jōetsu','','','','','','33');
INSERT INTO "Address__c" VALUES(35,'Kazakhstan','0491 La Follette Crossing','','Taldyqorghan','','','','','','33');
INSERT INTO "Address__c" VALUES(36,'Kazakhstan','1902 Randy Alley','','Kokshetau','','','','','','33');
INSERT INTO "Address__c" VALUES(37,'New Zealand','535 Susan Trail','','Red Hill','','','','','','33');
INSERT INTO "Address__c" VALUES(38,'Nigeria','7060 Marcy Center','','Tegina','','','','','','33');
INSERT INTO "Address__c" VALUES(39,'Philippines','0087 Russell Pass','','Takub','','','','','','33');
INSERT INTO "Address__c" VALUES(40,'Philippines','0990 Mayfield Hill','','Calaba','','','','','','33');
INSERT INTO "Address__c" VALUES(41,'Philippines','1 Oriole Parkway','','Hermosa','','','','','','33');
INSERT INTO "Address__c" VALUES(42,'Philippines','126 Morningstar Park','','Bantacan','','','','','','33');
INSERT INTO "Address__c" VALUES(43,'Czech Republic','82 Lukken Terrace','','Sedlice','','','','','','33');
INSERT INTO "Address__c" VALUES(44,'Czech Republic','9407 Dottie Street','','Žirovnice','','','','','','34');
INSERT INTO "Address__c" VALUES(45,'Ecuador','67 Milwaukee Parkway','','Montalvo','','','','','','35');
INSERT INTO "Address__c" VALUES(46,'Finland','8 Loomis Alley','','Muhos','','','','','','36');
INSERT INTO "Address__c" VALUES(47,'France','4564 Victoria Parkway','Rhône-Alpes','Meylan','38244 CEDEX','','','','','37');
INSERT INTO "Address__c" VALUES(48,'France','5 Burning Wood Alley','Poitou-Charentes','Royan','17209 CEDEX','','','','','38');
INSERT INTO "Address__c" VALUES(49,'France','861 Dahle Street','Centre','Orléans','45933 CEDEX 9','','','','','39');
INSERT INTO "Address__c" VALUES(50,'Brazil','10 Butterfield Place','','Açucena','','','','','','4');
INSERT INTO "Address__c" VALUES(51,'France','87 Cambridge Hill','Picardie','Amiens','80891 CEDEX 3','6','15','8','30','40');
INSERT INTO "Address__c" VALUES(52,'France','87 Cambridge Hill','Picardie','Amiens','80891 CEDEX 3','','','','','40');
INSERT INTO "Address__c" VALUES(53,'France','97798 Green Trail','Aquitaine','Boé','47555 CEDEX','','','','','41');
INSERT INTO "Address__c" VALUES(54,'Greece','0 Carpenter Lane','','Markópoulo Oropoú','','','','','','58');
INSERT INTO "Address__c" VALUES(55,'Greece','18113 Helena Place','','Kariaí','','','','','','59');
INSERT INTO "Address__c" VALUES(56,'Greece','7589 Pennsylvania Junction','','Kassándreia','','','','','','60');
INSERT INTO "Address__c" VALUES(57,'Indonesia','075 High Crossing Center','','Kajanan','','','','','','42');
INSERT INTO "Address__c" VALUES(58,'Indonesia','2 Chinook Road','','Sumberdangdang','','','','','','43');
INSERT INTO "Address__c" VALUES(59,'Indonesia','402 Loomis Lane','','Cileunyi','','','','','','44');
INSERT INTO "Address__c" VALUES(60,'Indonesia','52 Mifflin Circle','','Tempaling','','','','','','45');
INSERT INTO "Address__c" VALUES(61,'Italy','2 Old Gate Parkway','Sicilia','Messina','98146','','','','','46');
INSERT INTO "Address__c" VALUES(62,'Brazil','20 Oakridge Circle','','Guaratuba','','','','','','5');
INSERT INTO "Address__c" VALUES(63,'Japan','9 Carpenter Trail','','Jōetsu','','','','','','47');
INSERT INTO "Address__c" VALUES(64,'Kazakhstan','0491 La Follette Crossing','','Taldyqorghan','','','','','','48');
INSERT INTO "Address__c" VALUES(65,'Kazakhstan','1902 Randy Alley','','Kokshetau','','','','','','49');
INSERT INTO "Address__c" VALUES(66,'New Zealand','535 Susan Trail','','Red Hill','','6','15','8','30','50');
INSERT INTO "Address__c" VALUES(67,'New Zealand','535 Susan Trail','','Red Hill','','','','','','50');
INSERT INTO "Address__c" VALUES(68,'Nigeria','7060 Marcy Center','','Tegina','','','','','','51');
INSERT INTO "Address__c" VALUES(69,'Philippines','0087 Russell Pass','','Takub','','','','','','52');
INSERT INTO "Address__c" VALUES(70,'Philippines','0990 Mayfield Hill','','Calaba','','','','','','53');
INSERT INTO "Address__c" VALUES(71,'Philippines','1 Oriole Parkway','','Hermosa','','','','','','54');
INSERT INTO "Address__c" VALUES(72,'Philippines','126 Morningstar Park','','Bantacan','','','','','','55');
INSERT INTO "Address__c" VALUES(73,'Philippines','309 Basil Junction','','Sexmoan','','','','','','56');
INSERT INTO "Address__c" VALUES(74,'Brazil','3170 Mitchell Parkway','','Campinas','','','','','','6');
INSERT INTO "Address__c" VALUES(75,'Philippines','4026 Monument Terrace','','Lais','','','','','','57');
INSERT INTO "Address__c" VALUES(76,'Philippines','75 Ramsey Pass','','Bantacan','','','','','','61');
INSERT INTO "Address__c" VALUES(77,'Philippines','909 Alpine Avenue','','Lumbang','','','','','','62');
INSERT INTO "Address__c" VALUES(78,'Philippines','92336 Bunker Hill Drive','','Mambago','','','','','','63');
INSERT INTO "Address__c" VALUES(79,'Poland','0 Darwin Lane','','Kowale','','6','15','8','30','64');
INSERT INTO "Address__c" VALUES(80,'Poland','0 Darwin Lane','','Kowale','','','','','','64');
INSERT INTO "Address__c" VALUES(81,'Poland','098 Scoville Point','','Przecław','','','','','','65');
INSERT INTO "Address__c" VALUES(82,'Poland','13 Crownhardt Point','','Wilkowice','','','','','','66');
INSERT INTO "Address__c" VALUES(83,'Poland','843 Cottonwood Lane','','Świnna','','','','','','67');
INSERT INTO "Address__c" VALUES(84,'Poland','942 Vidon Hill','','Kiełczów','','','','','','68');
INSERT INTO "Address__c" VALUES(85,'Portugal','0 Shopko Avenue','Lisboa','Aldeia de Juzo','2750-015','','','','','69');
INSERT INTO "Address__c" VALUES(86,'Brazil','405 Sunbrook Terrace','','Codajás','','','','','','7');
INSERT INTO "Address__c" VALUES(87,'Portugal','49997 Oakridge Pass','Coimbra','Ribeira','3360-257','','','','','70');
INSERT INTO "Address__c" VALUES(88,'Russia','0747 Drewry Crossing','','Staropyshminsk','','','','','','71');
INSERT INTO "Address__c" VALUES(89,'Russia','4 Lillian Trail','','Slyudyanka','','','','','','72');
INSERT INTO "Address__c" VALUES(90,'Russia','755 Thierer Place','','Uchkulan','','','','','','73');
INSERT INTO "Address__c" VALUES(91,'Russia','8 Transport Plaza','','Peresvet','','','','','','74');
INSERT INTO "Address__c" VALUES(92,'Russia','93 Eastlawn Crossing','','Bolgar','','','','','','75');
INSERT INTO "Address__c" VALUES(93,'Sierra Leone','484 Londonderry Plaza','','Kayima','','','','','','76');
INSERT INTO "Address__c" VALUES(94,'South Korea','701 Waubesa Crossing','','Enjitsu','','','','','','77');
INSERT INTO "Address__c" VALUES(95,'Sweden','62 Graedel Center','Stockholm','Sundbyberg','172 69','','','','','78');
INSERT INTO "Address__c" VALUES(96,'Syria','24609 Thompson Parkway','','Tasīl','','','','','','79');
INSERT INTO "Address__c" VALUES(97,'Canada','819 Sycamore Avenue','','Dollard-Des Ormeaux','','','','','','8');
INSERT INTO "Address__c" VALUES(98,'Thailand','1 Basil Circle','','Bueng Samakkhi','','','','','','80');
INSERT INTO "Address__c" VALUES(99,'Thailand','4328 Hoffman Road','','Kamalasai','','','','','','81');
INSERT INTO "Address__c" VALUES(100,'Thailand','5730 International Lane','','Phuket','','','','','','82');
INSERT INTO "Address__c" VALUES(101,'Ukraine','2072 Hayes Plaza','','Rybache','','','','','','83');
INSERT INTO "Address__c" VALUES(102,'Ukraine','39955 Canary Avenue','','Truskavets','','','','','','84');
INSERT INTO "Address__c" VALUES(103,'United States','07050 Doe Crossing Plaza','Minnesota','Saint Paul','55108','','','','','85');
INSERT INTO "Address__c" VALUES(104,'United States','36055 Maple Hill','Connecticut','Waterbury','06705','','','','','86');
INSERT INTO "Address__c" VALUES(105,'United States','50 Cherokee Way','Louisiana','Baton Rouge','70894','','','','','87');
INSERT INTO "Address__c" VALUES(106,'China','02 Golf View Pass','','Xindu','','6','15','8','30','9');
INSERT INTO "Address__c" VALUES(107,'China','02 Golf View Pass','','Xindu','','','','','','9');
INSERT INTO "Address__c" VALUES(108,'Argentina','26 Blackbird Junction','','La Banda','','6','15','8','30','1');
INSERT INTO "Address__c" VALUES(109,'Argentina','26 Blackbird Junction','','La Banda','','','','','','1');
INSERT INTO "Address__c" VALUES(110,'China','03 Arapahoe Hill','','Jiangxi','','','','','','10');
INSERT INTO "Address__c" VALUES(111,'China','0377 Shasta Trail','','Panzhou','','','','','','11');
INSERT INTO "Address__c" VALUES(112,'China','1056 Corscot Center','','Guanzhou','','','','','','12');
INSERT INTO "Address__c" VALUES(113,'China','18 Drewry Street','','Yangshufang','','','','','','13');
INSERT INTO "Address__c" VALUES(114,'China','18 Twin Pines Circle','','Laojiangjunjie','','','','','','14');
INSERT INTO "Address__c" VALUES(115,'China','2 Victoria Point','','Liquan Chengguanzhen','','','','','','15');
INSERT INTO "Address__c" VALUES(116,'China','26 Annamark Alley','','Hatu Buh','','','','','','16');
INSERT INTO "Address__c" VALUES(117,'China','3 Buena Vista Road','','Yonghe','','','','','','17');
INSERT INTO "Address__c" VALUES(118,'China','428 Katie Court','','Jiangning','','','','','','18');
INSERT INTO "Address__c" VALUES(119,'China','491 Lerdahl Pass','','Shangjiangxu','','','','','','19');
INSERT INTO "Address__c" VALUES(120,'Argentina','392 Mariners Cove Street','','La Falda','','','','','','2');
INSERT INTO "Address__c" VALUES(121,'China','57 Mitchell Circle','','Gaotuo','','','','','','20');
INSERT INTO "Address__c" VALUES(122,'China','59 Sheridan Avenue','','Xiaowuzhan','','','','','','21');
INSERT INTO "Address__c" VALUES(123,'China','612 Almo Hill','','Shuidong','','','','','','22');
INSERT INTO "Address__c" VALUES(124,'China','67377 Memorial Road','','Baikui','','','','','','23');
INSERT INTO "Address__c" VALUES(125,'China','73 Browning Junction','','Licheng','','','','','','24');
INSERT INTO "Address__c" VALUES(126,'China','8193 Dunning Point','','Gangnan','','','','','','25');
INSERT INTO "Address__c" VALUES(127,'China','82521 Pond Terrace','','Bailang','','','','','','26');
INSERT INTO "Address__c" VALUES(128,'China','90472 Montana Center','','Tangqian','','','','','','27');
INSERT INTO "Address__c" VALUES(129,'China','9068 Clove Pass','','Xinfeng','','','','','','28');
INSERT INTO "Address__c" VALUES(130,'Colombia','2 Mccormick Drive','','Arboleda','','','','','','29');
INSERT INTO "Address__c" VALUES(131,'Brazil','01 Corry Park','','Irati','','','','','','3');
INSERT INTO "Address__c" VALUES(132,'Czech Republic','230 Veith Place','','Želiv','','','','','','30');
INSERT INTO "Address__c" VALUES(133,'Czech Republic','59 Mosinee Drive','','Dřiteň','','','','','','31');
INSERT INTO "Address__c" VALUES(134,'Czech Republic','65 Maywood Drive','','Hošťka','','','','','','32');
INSERT INTO "Address__c" VALUES(135,'Colombia','2 Mccormick Drive','','Arboleda','','','','','','33');
INSERT INTO "Address__c" VALUES(136,'Czech Republic','230 Veith Place','','Želiv','','','','','','33');
INSERT INTO "Address__c" VALUES(137,'Czech Republic','59 Mosinee Drive','','Dřiteň','','','','','','33');
INSERT INTO "Address__c" VALUES(138,'Czech Republic','65 Maywood Drive','','Hošťka','','','','','','33');
INSERT INTO "Address__c" VALUES(139,'Czech Republic','82 Lukken Terrace','','Sedlice','','','','','','33');
INSERT INTO "Address__c" VALUES(140,'Czech Republic','9407 Dottie Street','','Žirovnice','','','','','','33');
INSERT INTO "Address__c" VALUES(141,'Ecuador','67 Milwaukee Parkway','','Montalvo','','','','','','33');
INSERT INTO "Address__c" VALUES(142,'Finland','8 Loomis Alley','','Muhos','','','','','','33');
INSERT INTO "Address__c" VALUES(143,'France','4564 Victoria Parkway','Rhône-Alpes','Meylan','38244 CEDEX','','','','','33');
INSERT INTO "Address__c" VALUES(144,'France','5 Burning Wood Alley','Poitou-Charentes','Royan','17209 CEDEX','','','','','33');
INSERT INTO "Address__c" VALUES(145,'France','861 Dahle Street','Centre','Orléans','45933 CEDEX 9','','','','','33');
INSERT INTO "Address__c" VALUES(146,'France','87 Cambridge Hill','Picardie','Amiens','80891 CEDEX 3','','','','','33');
INSERT INTO "Address__c" VALUES(147,'France','97798 Green Trail','Aquitaine','Boé','47555 CEDEX','','','','','33');
INSERT INTO "Address__c" VALUES(148,'Greece','18113 Helena Place','','Kariaí','','','','','','33');
INSERT INTO "Address__c" VALUES(149,'Greece','7589 Pennsylvania Junction','','Kassándreia','','','','','','33');
INSERT INTO "Address__c" VALUES(150,'Indonesia','075 High Crossing Center','','Kajanan','','','','','','33');
INSERT INTO "Address__c" VALUES(151,'Indonesia','2 Chinook Road','','Sumberdangdang','','','','','','33');
INSERT INTO "Address__c" VALUES(152,'Indonesia','402 Loomis Lane','','Cileunyi','','','','','','33');
INSERT INTO "Address__c" VALUES(153,'Philippines','309 Basil Junction','','Sexmoan','','','','','','33');
INSERT INTO "Address__c" VALUES(154,'Philippines','4026 Monument Terrace','','Lais','','','','','','33');
INSERT INTO "Address__c" VALUES(155,'Philippines','75 Ramsey Pass','','Bantacan','','','','','','33');
INSERT INTO "Address__c" VALUES(156,'Philippines','909 Alpine Avenue','','Lumbang','','','','','','33');
INSERT INTO "Address__c" VALUES(157,'Philippines','92336 Bunker Hill Drive','','Mambago','','','','','','33');
INSERT INTO "Address__c" VALUES(158,'Poland','0 Darwin Lane','','Kowale','','','','','','33');
INSERT INTO "Address__c" VALUES(159,'Poland','098 Scoville Point','','Przecław','','','','','','33');
INSERT INTO "Address__c" VALUES(160,'Poland','13 Crownhardt Point','','Wilkowice','','','','','','33');
INSERT INTO "Address__c" VALUES(161,'Poland','843 Cottonwood Lane','','Świnna','','','','','','33');
INSERT INTO "Address__c" VALUES(162,'Poland','942 Vidon Hill','','Kiełczów','','','','','','33');
INSERT INTO "Address__c" VALUES(163,'Portugal','0 Shopko Avenue','Lisboa','Aldeia de Juzo','2750-015','','','','','33');
INSERT INTO "Address__c" VALUES(164,'Portugal','49997 Oakridge Pass','Coimbra','Ribeira','3360-257','','','','','33');
INSERT INTO "Address__c" VALUES(165,'Russia','0747 Drewry Crossing','','Staropyshminsk','','','','','','33');
INSERT INTO "Address__c" VALUES(166,'Russia','4 Lillian Trail','','Slyudyanka','','','','','','33');
INSERT INTO "Address__c" VALUES(167,'Russia','755 Thierer Place','','Uchkulan','','','','','','33');
INSERT INTO "Address__c" VALUES(168,'Russia','8 Transport Plaza','','Peresvet','','','','','','33');
INSERT INTO "Address__c" VALUES(169,'Russia','93 Eastlawn Crossing','','Bolgar','','','','','','33');
INSERT INTO "Address__c" VALUES(170,'Sierra Leone','484 Londonderry Plaza','','Kayima','','','','','','33');
INSERT INTO "Address__c" VALUES(171,'South Korea','701 Waubesa Crossing','','Enjitsu','','','','','','33');
INSERT INTO "Address__c" VALUES(172,'Sweden','62 Graedel Center','Stockholm','Sundbyberg','172 69','','','','','33');
INSERT INTO "Address__c" VALUES(173,'Syria','24609 Thompson Parkway','','Tasīl','','','','','','33');
INSERT INTO "Address__c" VALUES(174,'Thailand','1 Basil Circle','','Bueng Samakkhi','','','','','','33');
INSERT INTO "Address__c" VALUES(175,'Thailand','4328 Hoffman Road','','Kamalasai','','','','','','33');
INSERT INTO "Address__c" VALUES(176,'Thailand','5730 International Lane','','Phuket','','','','','','33');
INSERT INTO "Address__c" VALUES(177,'Ukraine','2072 Hayes Plaza','','Rybache','','','','','','33');
INSERT INTO "Address__c" VALUES(178,'Ukraine','39955 Canary Avenue','','Truskavets','','','','','','33');
INSERT INTO "Address__c" VALUES(179,'Greece','0 Carpenter Lane','','Markópoulo Oropoú','','','','','','33');
CREATE TABLE "Allocation__c" (
	id INTEGER NOT NULL,
	"Percent__c" VARCHAR(255),
	"Amount__c" VARCHAR(255),
	opportunity__c VARCHAR(255),
	general_accounting_unit__c VARCHAR(255),
	recurring_donation__c VARCHAR(255),
	PRIMARY KEY (id)
);
INSERT INTO "Allocation__c" VALUES(1,'10.0','','19','13','');
INSERT INTO "Allocation__c" VALUES(2,'10.0','','19','15','');
INSERT INTO "Allocation__c" VALUES(3,'10.0','','19','20','');
INSERT INTO "Allocation__c" VALUES(4,'10.0','','19','29','');
INSERT INTO "Allocation__c" VALUES(5,'10.0','','19','45','');
INSERT INTO "Allocation__c" VALUES(6,'10.0','','19','47','');
INSERT INTO "Allocation__c" VALUES(7,'10.0','','19','1','');
INSERT INTO "Allocation__c" VALUES(8,'10.0','','19','3','');
INSERT INTO "Allocation__c" VALUES(9,'10.0','','19','3','');
INSERT INTO "Allocation__c" VALUES(10,'10.0','','19','12','');
INSERT INTO "Allocation__c" VALUES(11,'10.0','','204','22','');
INSERT INTO "Allocation__c" VALUES(12,'10.0','','204','27','');
INSERT INTO "Allocation__c" VALUES(13,'10.0','','204','28','');
INSERT INTO "Allocation__c" VALUES(14,'10.0','','204','8','');
INSERT INTO "Allocation__c" VALUES(15,'10.0','','204','36','');
INSERT INTO "Allocation__c" VALUES(16,'10.0','','204','41','');
INSERT INTO "Allocation__c" VALUES(17,'10.0','','204','45','');
INSERT INTO "Allocation__c" VALUES(18,'10.0','','204','48','');
INSERT INTO "Allocation__c" VALUES(19,'10.0','','204','4','');
INSERT INTO "Allocation__c" VALUES(20,'10.0','','204','24','');
INSERT INTO "Allocation__c" VALUES(21,'10.0','','208','16','');
INSERT INTO "Allocation__c" VALUES(22,'10.0','','208','7','');
INSERT INTO "Allocation__c" VALUES(23,'10.0','','208','23','');
INSERT INTO "Allocation__c" VALUES(24,'10.0','','208','30','');
INSERT INTO "Allocation__c" VALUES(25,'10.0','','208','31','');
INSERT INTO "Allocation__c" VALUES(26,'10.0','','208','34','');
INSERT INTO "Allocation__c" VALUES(27,'10.0','','208','40','');
INSERT INTO "Allocation__c" VALUES(28,'10.0','','208','44','');
INSERT INTO "Allocation__c" VALUES(29,'10.0','','208','5','');
INSERT INTO "Allocation__c" VALUES(30,'10.0','','208','2','');
INSERT INTO "Allocation__c" VALUES(31,'10.0','','149','18','');
INSERT INTO "Allocation__c" VALUES(32,'10.0','','149','26','');
INSERT INTO "Allocation__c" VALUES(33,'10.0','','149','28','');
INSERT INTO "Allocation__c" VALUES(34,'10.0','','149','33','');
INSERT INTO "Allocation__c" VALUES(35,'10.0','','149','35','');
INSERT INTO "Allocation__c" VALUES(36,'10.0','','149','37','');
INSERT INTO "Allocation__c" VALUES(37,'10.0','','149','42','');
INSERT INTO "Allocation__c" VALUES(38,'10.0','','149','42','');
INSERT INTO "Allocation__c" VALUES(39,'10.0','','149','4','');
INSERT INTO "Allocation__c" VALUES(40,'10.0','','149','2','');
INSERT INTO "Allocation__c" VALUES(41,'10.0','','164','14','');
INSERT INTO "Allocation__c" VALUES(42,'10.0','','164','15','');
INSERT INTO "Allocation__c" VALUES(43,'10.0','','164','17','');
INSERT INTO "Allocation__c" VALUES(44,'10.0','','164','33','');
INSERT INTO "Allocation__c" VALUES(45,'10.0','','164','38','');
INSERT INTO "Allocation__c" VALUES(46,'10.0','','164','38','');
INSERT INTO "Allocation__c" VALUES(47,'10.0','','164','41','');
INSERT INTO "Allocation__c" VALUES(48,'10.0','','164','50','');
INSERT INTO "Allocation__c" VALUES(49,'10.0','','164','1','');
INSERT INTO "Allocation__c" VALUES(50,'10.0','','164','12','');
INSERT INTO "Allocation__c" VALUES(51,'10.0','','89','19','');
INSERT INTO "Allocation__c" VALUES(52,'10.0','','89','26','');
INSERT INTO "Allocation__c" VALUES(53,'10.0','','89','27','');
INSERT INTO "Allocation__c" VALUES(54,'10.0','','89','36','');
INSERT INTO "Allocation__c" VALUES(55,'10.0','','89','47','');
INSERT INTO "Allocation__c" VALUES(56,'10.0','','89','47','');
INSERT INTO "Allocation__c" VALUES(57,'10.0','','89','2','');
INSERT INTO "Allocation__c" VALUES(58,'10.0','','89','24','');
INSERT INTO "Allocation__c" VALUES(59,'10.0','','89','10','');
INSERT INTO "Allocation__c" VALUES(60,'10.0','','89','11','');
INSERT INTO "Allocation__c" VALUES(61,'10.0','','199','14','');
INSERT INTO "Allocation__c" VALUES(62,'10.0','','199','16','');
INSERT INTO "Allocation__c" VALUES(63,'10.0','','199','21','');
INSERT INTO "Allocation__c" VALUES(64,'10.0','','13','19','');
INSERT INTO "Allocation__c" VALUES(65,'10.0','','13','29','');
INSERT INTO "Allocation__c" VALUES(66,'10.0','','13','32','');
INSERT INTO "Allocation__c" VALUES(67,'10.0','','13','9','');
INSERT INTO "Allocation__c" VALUES(68,'10.0','','13','50','');
INSERT INTO "Allocation__c" VALUES(69,'10.0','','13','50','');
INSERT INTO "Allocation__c" VALUES(70,'10.0','','13','25','');
INSERT INTO "Allocation__c" VALUES(71,'10.0','','13','12','');
INSERT INTO "Allocation__c" VALUES(72,'10.0','','13','12','');
INSERT INTO "Allocation__c" VALUES(73,'10.0','','13','18','');
INSERT INTO "Allocation__c" VALUES(74,'10.0','','199','22','');
INSERT INTO "Allocation__c" VALUES(75,'10.0','','199','38','');
INSERT INTO "Allocation__c" VALUES(76,'10.0','','199','39','');
INSERT INTO "Allocation__c" VALUES(77,'10.0','','199','40','');
INSERT INTO "Allocation__c" VALUES(78,'10.0','','199','49','');
INSERT INTO "Allocation__c" VALUES(79,'10.0','','199','12','');
INSERT INTO "Allocation__c" VALUES(80,'10.0','','123','6','');
INSERT INTO "Allocation__c" VALUES(81,'10.0','','123','15','');
INSERT INTO "Allocation__c" VALUES(82,'10.0','','123','17','');
INSERT INTO "Allocation__c" VALUES(83,'10.0','','123','20','');
INSERT INTO "Allocation__c" VALUES(84,'10.0','','123','7','');
INSERT INTO "Allocation__c" VALUES(85,'10.0','','123','35','');
INSERT INTO "Allocation__c" VALUES(86,'10.0','','123','43','');
INSERT INTO "Allocation__c" VALUES(87,'10.0','','123','46','');
INSERT INTO "Allocation__c" VALUES(88,'10.0','','123','47','');
INSERT INTO "Allocation__c" VALUES(89,'10.0','','123','3','');
INSERT INTO "Allocation__c" VALUES(90,'10.0','','124','13','');
INSERT INTO "Allocation__c" VALUES(91,'10.0','','124','15','');
INSERT INTO "Allocation__c" VALUES(92,'10.0','','124','18','');
INSERT INTO "Allocation__c" VALUES(93,'10.0','','124','20','');
INSERT INTO "Allocation__c" VALUES(94,'10.0','','124','30','');
INSERT INTO "Allocation__c" VALUES(95,'10.0','','124','34','');
INSERT INTO "Allocation__c" VALUES(96,'10.0','','124','44','');
INSERT INTO "Allocation__c" VALUES(97,'10.0','','124','24','');
INSERT INTO "Allocation__c" VALUES(98,'10.0','','124','3','');
INSERT INTO "Allocation__c" VALUES(99,'10.0','','124','12','');
INSERT INTO "Allocation__c" VALUES(100,'10.0','','199','22','');
CREATE TABLE "Campaign" (
	id INTEGER NOT NULL,
	name VARCHAR(255),
	PRIMARY KEY (id)
);
INSERT INTO "Campaign" VALUES(1,'Jan 2015 Meeting');
INSERT INTO "Campaign" VALUES(2,'Feb 2015 Meeting');
INSERT INTO "Campaign" VALUES(3,'Mar 2015 Meeting');
INSERT INTO "Campaign" VALUES(4,'Apr 2015 Meeting');
INSERT INTO "Campaign" VALUES(5,'May 2015 Meeting');
INSERT INTO "Campaign" VALUES(6,'Jun 2015 Meeting');
INSERT INTO "Campaign" VALUES(7,'Jul 2015 Meeting');
INSERT INTO "Campaign" VALUES(8,'Aug 2015 Meeting');
INSERT INTO "Campaign" VALUES(9,'Sept 2015 Meeting');
INSERT INTO "Campaign" VALUES(10,'Oct 2015 Meeting');
INSERT INTO "Campaign" VALUES(11,'Nov 2015 Meeting');
INSERT INTO "Campaign" VALUES(12,'Dec 2015 Meeting');
INSERT INTO "Campaign" VALUES(13,'All Contacts');
CREATE TABLE "CampaignMember" (
	id INTEGER NOT NULL,
	status VARCHAR(255),
	contact_id VARCHAR(255),
	campaign_id VARCHAR(255),
	PRIMARY KEY (id)
);
INSERT INTO "CampaignMember" VALUES(1,'Sent','1','13');
INSERT INTO "CampaignMember" VALUES(2,'Sent','100','13');
INSERT INTO "CampaignMember" VALUES(3,'Sent','5','13');
INSERT INTO "CampaignMember" VALUES(4,'Sent','2','13');
INSERT INTO "CampaignMember" VALUES(5,'Sent','3','13');
INSERT INTO "CampaignMember" VALUES(6,'Sent','4','13');
INSERT INTO "CampaignMember" VALUES(7,'Sent','6','1');
INSERT INTO "CampaignMember" VALUES(8,'Sent','6','10');
INSERT INTO "CampaignMember" VALUES(9,'Sent','6','11');
INSERT INTO "CampaignMember" VALUES(10,'Sent','6','12');
INSERT INTO "CampaignMember" VALUES(11,'Sent','6','13');
INSERT INTO "CampaignMember" VALUES(12,'Sent','6','3');
INSERT INTO "CampaignMember" VALUES(13,'Sent','6','4');
INSERT INTO "CampaignMember" VALUES(14,'Sent','6','5');
INSERT INTO "CampaignMember" VALUES(15,'Sent','6','6');
INSERT INTO "CampaignMember" VALUES(16,'Sent','6','7');
INSERT INTO "CampaignMember" VALUES(17,'Sent','6','8');
INSERT INTO "CampaignMember" VALUES(18,'Sent','6','9');
INSERT INTO "CampaignMember" VALUES(19,'Sent','7','13');
INSERT INTO "CampaignMember" VALUES(20,'Sent','8','1');
INSERT INTO "CampaignMember" VALUES(21,'Sent','8','10');
INSERT INTO "CampaignMember" VALUES(22,'Sent','8','11');
INSERT INTO "CampaignMember" VALUES(23,'Sent','8','12');
INSERT INTO "CampaignMember" VALUES(24,'Sent','8','13');
INSERT INTO "CampaignMember" VALUES(25,'Sent','8','3');
INSERT INTO "CampaignMember" VALUES(26,'Sent','8','4');
INSERT INTO "CampaignMember" VALUES(27,'Sent','8','5');
INSERT INTO "CampaignMember" VALUES(28,'Sent','8','6');
INSERT INTO "CampaignMember" VALUES(29,'Sent','8','7');
INSERT INTO "CampaignMember" VALUES(30,'Sent','8','8');
INSERT INTO "CampaignMember" VALUES(31,'Sent','8','9');
INSERT INTO "CampaignMember" VALUES(32,'Sent','9','13');
INSERT INTO "CampaignMember" VALUES(33,'Sent','9','2');
INSERT INTO "CampaignMember" VALUES(34,'Sent','10','13');
INSERT INTO "CampaignMember" VALUES(35,'Sent','10','2');
INSERT INTO "CampaignMember" VALUES(36,'Sent','11','13');
INSERT INTO "CampaignMember" VALUES(37,'Sent','14','13');
INSERT INTO "CampaignMember" VALUES(38,'Sent','12','13');
INSERT INTO "CampaignMember" VALUES(39,'Sent','13','13');
INSERT INTO "CampaignMember" VALUES(40,'Sent','15','13');
INSERT INTO "CampaignMember" VALUES(41,'Sent','16','13');
INSERT INTO "CampaignMember" VALUES(42,'Sent','17','1');
INSERT INTO "CampaignMember" VALUES(43,'Sent','17','10');
INSERT INTO "CampaignMember" VALUES(44,'Sent','17','11');
INSERT INTO "CampaignMember" VALUES(45,'Sent','17','12');
INSERT INTO "CampaignMember" VALUES(46,'Sent','17','13');
INSERT INTO "CampaignMember" VALUES(47,'Sent','17','3');
INSERT INTO "CampaignMember" VALUES(48,'Sent','17','4');
INSERT INTO "CampaignMember" VALUES(49,'Sent','18','13');
INSERT INTO "CampaignMember" VALUES(50,'Sent','19','13');
INSERT INTO "CampaignMember" VALUES(51,'Sent','20','13');
INSERT INTO "CampaignMember" VALUES(52,'Sent','21','13');
INSERT INTO "CampaignMember" VALUES(53,'Sent','26','13');
INSERT INTO "CampaignMember" VALUES(54,'Sent','25','13');
INSERT INTO "CampaignMember" VALUES(55,'Sent','27','13');
INSERT INTO "CampaignMember" VALUES(56,'Sent','28','13');
INSERT INTO "CampaignMember" VALUES(57,'Sent','29','13');
INSERT INTO "CampaignMember" VALUES(58,'Sent','30','13');
INSERT INTO "CampaignMember" VALUES(59,'Sent','31','13');
INSERT INTO "CampaignMember" VALUES(60,'Sent','31','2');
INSERT INTO "CampaignMember" VALUES(61,'Sent','32','13');
INSERT INTO "CampaignMember" VALUES(62,'Sent','33','13');
INSERT INTO "CampaignMember" VALUES(63,'Sent','34','13');
INSERT INTO "CampaignMember" VALUES(64,'Sent','35','13');
INSERT INTO "CampaignMember" VALUES(65,'Sent','36','13');
INSERT INTO "CampaignMember" VALUES(66,'Sent','37','13');
INSERT INTO "CampaignMember" VALUES(67,'Sent','38','13');
INSERT INTO "CampaignMember" VALUES(68,'Sent','39','13');
INSERT INTO "CampaignMember" VALUES(69,'Sent','40','13');
INSERT INTO "CampaignMember" VALUES(70,'Sent','41','13');
INSERT INTO "CampaignMember" VALUES(71,'Sent','42','13');
INSERT INTO "CampaignMember" VALUES(72,'Sent','42','2');
INSERT INTO "CampaignMember" VALUES(73,'Sent','43','13');
INSERT INTO "CampaignMember" VALUES(74,'Sent','44','13');
INSERT INTO "CampaignMember" VALUES(75,'Sent','45','13');
INSERT INTO "CampaignMember" VALUES(76,'Sent','46','13');
INSERT INTO "CampaignMember" VALUES(77,'Sent','47','13');
INSERT INTO "CampaignMember" VALUES(78,'Sent','57','13');
INSERT INTO "CampaignMember" VALUES(79,'Sent','48','13');
INSERT INTO "CampaignMember" VALUES(80,'Sent','22','13');
INSERT INTO "CampaignMember" VALUES(81,'Sent','23','13');
INSERT INTO "CampaignMember" VALUES(82,'Sent','24','13');
INSERT INTO "CampaignMember" VALUES(83,'Sent','49','13');
INSERT INTO "CampaignMember" VALUES(84,'Sent','50','13');
INSERT INTO "CampaignMember" VALUES(85,'Sent','51','13');
INSERT INTO "CampaignMember" VALUES(86,'Sent','52','13');
INSERT INTO "CampaignMember" VALUES(87,'Sent','53','1');
INSERT INTO "CampaignMember" VALUES(88,'Sent','53','10');
INSERT INTO "CampaignMember" VALUES(89,'Sent','53','11');
INSERT INTO "CampaignMember" VALUES(90,'Sent','53','12');
INSERT INTO "CampaignMember" VALUES(91,'Sent','53','13');
INSERT INTO "CampaignMember" VALUES(92,'Sent','17','5');
INSERT INTO "CampaignMember" VALUES(93,'Sent','17','6');
INSERT INTO "CampaignMember" VALUES(94,'Sent','17','7');
INSERT INTO "CampaignMember" VALUES(95,'Sent','17','8');
INSERT INTO "CampaignMember" VALUES(96,'Sent','17','9');
INSERT INTO "CampaignMember" VALUES(97,'Sent','53','8');
INSERT INTO "CampaignMember" VALUES(98,'Sent','53','9');
INSERT INTO "CampaignMember" VALUES(99,'Sent','54','13');
INSERT INTO "CampaignMember" VALUES(100,'Sent','66','13');
INSERT INTO "CampaignMember" VALUES(101,'Sent','55','13');
INSERT INTO "CampaignMember" VALUES(102,'Sent','56','13');
INSERT INTO "CampaignMember" VALUES(103,'Sent','96','13');
INSERT INTO "CampaignMember" VALUES(104,'Sent','97','13');
INSERT INTO "CampaignMember" VALUES(105,'Sent','58','13');
INSERT INTO "CampaignMember" VALUES(106,'Sent','59','13');
INSERT INTO "CampaignMember" VALUES(107,'Sent','60','13');
INSERT INTO "CampaignMember" VALUES(108,'Sent','61','13');
INSERT INTO "CampaignMember" VALUES(109,'Sent','62','13');
INSERT INTO "CampaignMember" VALUES(110,'Sent','67','13');
INSERT INTO "CampaignMember" VALUES(111,'Sent','77','13');
INSERT INTO "CampaignMember" VALUES(112,'Sent','68','13');
INSERT INTO "CampaignMember" VALUES(113,'Sent','69','13');
INSERT INTO "CampaignMember" VALUES(114,'Sent','69','2');
INSERT INTO "CampaignMember" VALUES(115,'Sent','70','13');
INSERT INTO "CampaignMember" VALUES(116,'Sent','71','13');
INSERT INTO "CampaignMember" VALUES(117,'Sent','72','13');
INSERT INTO "CampaignMember" VALUES(118,'Sent','73','13');
INSERT INTO "CampaignMember" VALUES(119,'Sent','74','1');
INSERT INTO "CampaignMember" VALUES(120,'Sent','74','10');
INSERT INTO "CampaignMember" VALUES(121,'Sent','74','11');
INSERT INTO "CampaignMember" VALUES(122,'Sent','74','12');
INSERT INTO "CampaignMember" VALUES(123,'Sent','74','13');
INSERT INTO "CampaignMember" VALUES(124,'Sent','74','2');
INSERT INTO "CampaignMember" VALUES(125,'Sent','74','3');
INSERT INTO "CampaignMember" VALUES(126,'Sent','74','4');
INSERT INTO "CampaignMember" VALUES(127,'Sent','74','5');
INSERT INTO "CampaignMember" VALUES(128,'Sent','74','6');
INSERT INTO "CampaignMember" VALUES(129,'Sent','74','7');
INSERT INTO "CampaignMember" VALUES(130,'Sent','74','8');
INSERT INTO "CampaignMember" VALUES(131,'Sent','74','9');
INSERT INTO "CampaignMember" VALUES(132,'Sent','75','13');
INSERT INTO "CampaignMember" VALUES(133,'Sent','76','13');
INSERT INTO "CampaignMember" VALUES(134,'Sent','78','13');
INSERT INTO "CampaignMember" VALUES(135,'Sent','88','13');
INSERT INTO "CampaignMember" VALUES(136,'Sent','79','13');
INSERT INTO "CampaignMember" VALUES(137,'Sent','80','13');
INSERT INTO "CampaignMember" VALUES(138,'Sent','80','2');
INSERT INTO "CampaignMember" VALUES(139,'Sent','81','13');
INSERT INTO "CampaignMember" VALUES(140,'Sent','53','3');
INSERT INTO "CampaignMember" VALUES(141,'Sent','53','4');
INSERT INTO "CampaignMember" VALUES(142,'Sent','53','5');
INSERT INTO "CampaignMember" VALUES(143,'Sent','53','6');
INSERT INTO "CampaignMember" VALUES(144,'Sent','53','7');
INSERT INTO "CampaignMember" VALUES(145,'Sent','86','13');
INSERT INTO "CampaignMember" VALUES(146,'Sent','87','13');
INSERT INTO "CampaignMember" VALUES(147,'Sent','90','13');
INSERT INTO "CampaignMember" VALUES(148,'Sent','90','2');
INSERT INTO "CampaignMember" VALUES(149,'Sent','89','13');
INSERT INTO "CampaignMember" VALUES(150,'Sent','91','13');
INSERT INTO "CampaignMember" VALUES(151,'Sent','63','13');
INSERT INTO "CampaignMember" VALUES(152,'Sent','64','13');
INSERT INTO "CampaignMember" VALUES(153,'Sent','65','13');
INSERT INTO "CampaignMember" VALUES(154,'Sent','92','13');
INSERT INTO "CampaignMember" VALUES(155,'Sent','93','13');
INSERT INTO "CampaignMember" VALUES(156,'Sent','93','2');
INSERT INTO "CampaignMember" VALUES(157,'Sent','94','13');
INSERT INTO "CampaignMember" VALUES(158,'Sent','95','13');
INSERT INTO "CampaignMember" VALUES(159,'Sent','98','13');
INSERT INTO "CampaignMember" VALUES(160,'Sent','99','13');
INSERT INTO "CampaignMember" VALUES(161,'Sent','82','13');
INSERT INTO "CampaignMember" VALUES(162,'Sent','82','2');
INSERT INTO "CampaignMember" VALUES(163,'Sent','83','13');
INSERT INTO "CampaignMember" VALUES(164,'Sent','84','13');
INSERT INTO "CampaignMember" VALUES(165,'Sent','85','13');
CREATE TABLE "Contact" (
	id INTEGER NOT NULL,
	"Salutation" VARCHAR(255),
	"FirstName" VARCHAR(255),
	"LastName" VARCHAR(255),
	"Email" VARCHAR(255),
	"Phone" VARCHAR(255),
	"Title" VARCHAR(255),
	account_id VARCHAR(255),
	primary_affiliation__c VARCHAR(255),
	PRIMARY KEY (id)
);
INSERT INTO "Contact" VALUES(1,'Ms','Alice','Patterson','','1-(266)195-4611','Financial Analyst','1','98');
INSERT INTO "Contact" VALUES(2,'Honorable','Kevin','Gilbert','','','Registered Nurse','10','108');
INSERT INTO "Contact" VALUES(3,'Ms','Jean','Gardner','jgardner8@linkedin.com','2-(361)757-2109','Business Systems Development Analyst','11','146');
INSERT INTO "Contact" VALUES(4,'Honorable','Mary','Ross','','','Recruiter','12','141');
INSERT INTO "Contact" VALUES(5,'Honorable','Lois','Hernandez','','','Research Nurse','126','');
INSERT INTO "Contact" VALUES(6,'Honorable','Janice','Black','jblack1s@goodreads.com','9-(505)154-9220','Operator','13','128');
INSERT INTO "Contact" VALUES(7,'Ms','Helen','Frazier','hfrazier5@time.com','','Paralegal','14','115');
INSERT INTO "Contact" VALUES(8,'','Phyllis','Nichols','','','','15','116');
INSERT INTO "Contact" VALUES(9,'Mr','Lori','Murray','','','','15','121');
INSERT INTO "Contact" VALUES(10,'','Jose','Flores','jfloresf@usgs.gov','','Administrative Officer','16','93');
INSERT INTO "Contact" VALUES(11,'Dr','Pamela','Long','plong22@salon.com','0-(126)286-3604','','17','129');
INSERT INTO "Contact" VALUES(12,'','Joyce','Fowler','jfowler1z@bbb.org','9-(390)341-9013','','18','114');
INSERT INTO "Contact" VALUES(13,'Mr','Mary','Pierce','mpierce19@narod.ru','2-(217)899-8081','Human Resources Assistant I','19','97');
INSERT INTO "Contact" VALUES(14,'Rev','Billy','Bradley','','5-(546)327-8049','Assistant Manager','2','148');
INSERT INTO "Contact" VALUES(15,'Dr','Rebecca','Johnston','','','Chief Design Engineer','20','88');
INSERT INTO "Contact" VALUES(16,'Rev','Ashley','Gomez','agomez6@guardian.co.uk','1-(509)186-1014','','21','94');
INSERT INTO "Contact" VALUES(17,'Mrs','Debra','Knight','','','','22','106');
INSERT INTO "Contact" VALUES(18,'Honorable','Ruth','Sanders','','','Administrative Assistant I','23','118');
INSERT INTO "Contact" VALUES(19,'Ms','Lillian','Flores','','','','24','119');
INSERT INTO "Contact" VALUES(20,'Honorable','Andrew','Fernandez','afernandez2n@comcast.net','6-(663)655-4163','','25','127');
INSERT INTO "Contact" VALUES(21,'','Robin','Hicks','','9-(233)213-5568','','26','107');
INSERT INTO "Contact" VALUES(22,'Mr','Marilyn','Chapman','','1-(487)342-6350','Programmer Analyst IV','27','123');
INSERT INTO "Contact" VALUES(23,'Mr','Pamela','Mills','pmills1q@reverbnation.com','9-(851)323-6414','Senior Editor','28','150');
INSERT INTO "Contact" VALUES(24,'Mr','Frances','Nelson','','2-(685)755-1269','Sales Representative','29','154');
INSERT INTO "Contact" VALUES(25,'Mrs','Jerry','Harper','','','Account Representative II','3','111');
INSERT INTO "Contact" VALUES(26,'Dr','Jessica','Grant','','1-(952)559-8782','','30','152');
INSERT INTO "Contact" VALUES(27,'Honorable','Diane','Ward','','1-(271)207-4341','Payment Adjustment Coordinator','31','163');
INSERT INTO "Contact" VALUES(28,'','Cheryl','James','','5-(045)740-1346','Information Systems Manager','32','147');
INSERT INTO "Contact" VALUES(29,'Mr','Matthew','Wallace','','7-(656)377-5745','Biostatistician II','33','89');
INSERT INTO "Contact" VALUES(30,'Mr','Ann','Chapman','','','Food Chemist','34','101');
INSERT INTO "Contact" VALUES(31,'Honorable','Judith','Fuller','','9-(162)417-5819','','35','117');
INSERT INTO "Contact" VALUES(32,'Mr','Catherine','Jones','','4-(912)166-3558','','36','149');
INSERT INTO "Contact" VALUES(33,'','Jeremy','Banks','jbankso@edublogs.org','3-(121)796-1312','','37','141');
INSERT INTO "Contact" VALUES(34,'Rev','Randy','Perkins','rperkins23@furl.net','5-(314)277-1500','','38','102');
INSERT INTO "Contact" VALUES(35,'Ms','Joshua','Morales','jmorales2l@nbcnews.com','','Executive Secretary','39','120');
INSERT INTO "Contact" VALUES(36,'Ms','Robert','Medina','rmedina2k@amazon.co.uk','2-(601)920-7404','Nurse Practicioner','39','122');
INSERT INTO "Contact" VALUES(37,'Mrs','Jeffrey','Thompson','','1-(503)051-4278','','4','96');
INSERT INTO "Contact" VALUES(38,'Honorable','Arthur','Burton','aburtonq@hostgator.com','4-(245)684-4705','','40','146');
INSERT INTO "Contact" VALUES(39,'Ms','Evelyn','Hayes','','','','41','155');
INSERT INTO "Contact" VALUES(40,'Honorable','Eugene','Hunt','ehuntz@toplist.cz','2-(568)222-2673','','58','153');
INSERT INTO "Contact" VALUES(41,'Ms','Billy','Garrett','','0-(853)323-8778','Administrative Officer','59','98');
INSERT INTO "Contact" VALUES(42,'Dr','Raymond','Alvarez','','','Research Associate','60','166');
INSERT INTO "Contact" VALUES(43,'Dr','Stephanie','Bailey','','2-(434)350-2344','Programmer IV','60','166');
INSERT INTO "Contact" VALUES(44,'','Samuel','Harrison','','4-(604)044-0141','Software Consultant','60','166');
INSERT INTO "Contact" VALUES(45,'Honorable','David','Johnson','djohnson2b@scribd.com','2-(993)514-8842','','60','166');
INSERT INTO "Contact" VALUES(46,'Mr','Angela','Kelly','akelly2i@miitbeian.gov.cn','','','60','166');
INSERT INTO "Contact" VALUES(47,'Mrs','Chris','Medina','cmedina2a@networkadvertising.org','2-(128)916-8821','Quality Engineer','60','166');
INSERT INTO "Contact" VALUES(48,'Ms','Barbara','Russell','','2-(745)944-4149','Registered Nurse','60','166');
INSERT INTO "Contact" VALUES(49,'Mrs','Ernest','Smith','','','','60','166');
INSERT INTO "Contact" VALUES(50,'','Albert','Stone','astone2g@dot.gov','','','60','166');
INSERT INTO "Contact" VALUES(51,'Honorable','Gary','Taylor','','','','60','166');
INSERT INTO "Contact" VALUES(52,'Mrs','Ruby','Oliver','','1-(926)682-2565','Staff Accountant I','42','158');
INSERT INTO "Contact" VALUES(53,'','Phyllis','Alvarez','','4-(935)637-3713','','43','133');
INSERT INTO "Contact" VALUES(54,'Mrs','Dorothy','Watson','dwatson13@virginia.edu','3-(843)452-8728','Senior Quality Engineer','44','130');
INSERT INTO "Contact" VALUES(55,'Rev','Shawn','Wallace','swallace7@ftc.gov','','','45','98');
INSERT INTO "Contact" VALUES(56,'Dr','Donna','Riley','drileyu@ed.gov','7-(161)939-6638','','46','112');
INSERT INTO "Contact" VALUES(57,'','Kathryn','Williams','','','','5','138');
INSERT INTO "Contact" VALUES(58,'Dr','Anthony','Fisher','afisher9@yale.edu','4-(323)334-2796','Human Resources Manager','49','139');
INSERT INTO "Contact" VALUES(59,'Mr','Andrea','Torres','','8-(792)543-6916','','50','126');
INSERT INTO "Contact" VALUES(60,'Rev','Brenda','Jenkins','bjenkins1d@sfgate.com','','','51','92');
INSERT INTO "Contact" VALUES(61,'Honorable','Jason','Anderson','','','Social Worker','52','132');
INSERT INTO "Contact" VALUES(62,'Mrs','Phillip','Perry','','','','53','99');
INSERT INTO "Contact" VALUES(63,'Ms','Julia','Morrison','','','','54','140');
INSERT INTO "Contact" VALUES(64,'Rev','Ryan','Ward','','','','55','145');
INSERT INTO "Contact" VALUES(65,'Dr','Craig','Washington','cwashington1i@miitbeian.gov.cn','3-(227)090-2681','','56','159');
INSERT INTO "Contact" VALUES(66,'Mr','Carl','Harvey','','5-(233)156-4659','','6','105');
INSERT INTO "Contact" VALUES(67,'Mrs','Timothy','Franklin','tfranklin1j@seesaa.net','','','57','161');
INSERT INTO "Contact" VALUES(68,'Dr','Joe','Bailey','','1-(495)461-4170','','61','113');
INSERT INTO "Contact" VALUES(69,'Rev','Russell','Thomas','rthomas2m@e-recht24.de','','Web Developer IV','62','109');
INSERT INTO "Contact" VALUES(70,'Ms','Joseph','Lane','','8-(234)380-1727','Paralegal','63','104');
INSERT INTO "Contact" VALUES(71,'','George','Perry','','','','64','110');
INSERT INTO "Contact" VALUES(72,'Honorable','Sara','Anderson','','2-(803)151-8520','','65','90');
INSERT INTO "Contact" VALUES(73,'Ms','Martha','Hansen','mhanseny@t-online.de','','Software Engineer I','66','137');
INSERT INTO "Contact" VALUES(74,'Ms','Mildred','Willis','','3-(474)705-1693','','67','95');
INSERT INTO "Contact" VALUES(75,'Ms','Roy','Holmes','rholmes1r@digg.com','5-(595)114-1672','Legal Assistant','68','162');
INSERT INTO "Contact" VALUES(76,'','Mildred','Kelly','','7-(629)659-4669','Occupational Therapist','69','162');
INSERT INTO "Contact" VALUES(77,'Mr','Kathryn','Patterson','kpattersone@vkontakte.ru','5-(310)993-7204','','7','136');
INSERT INTO "Contact" VALUES(78,'Rev','Ryan','Reyes','','','','70','144');
INSERT INTO "Contact" VALUES(79,'Mrs','Howard','Burke','hburke1e@yandex.ru','','Chief Design Engineer','71','111');
INSERT INTO "Contact" VALUES(80,'','Melissa','Webb','','0-(411)456-7376','Accountant I','72','126');
INSERT INTO "Contact" VALUES(81,'Mrs','Kathy','Long','','8-(902)778-4158','','73','135');
INSERT INTO "Contact" VALUES(82,'Rev','Walter','Powell','','4-(668)963-5868','','74','154');
INSERT INTO "Contact" VALUES(83,'','Russell','Powell','rpowell1h@redcross.org','','Clinical Specialist','75','141');
INSERT INTO "Contact" VALUES(84,'Mr','Harry','Jenkins','hjenkinsh@typepad.com','5-(956)554-4923','Automation Specialist IV','76','157');
INSERT INTO "Contact" VALUES(85,'Rev','Rose','Gonzales','','','VP Product Management','77','134');
INSERT INTO "Contact" VALUES(86,'','Matthew','Richards','','','','78','160');
INSERT INTO "Contact" VALUES(87,'Mrs','Gerald','Sullivan','','9-(806)552-8308','','79','144');
INSERT INTO "Contact" VALUES(88,'','George','Hawkins','ghawkins2q@typepad.com','6-(759)496-9987','Desktop Support Technician','8','124');
INSERT INTO "Contact" VALUES(89,'Mr','Gloria','Hart','','7-(709)961-7856','','8','156');
INSERT INTO "Contact" VALUES(90,'Ms','Nicole','Chapman','nchapman0@europa.eu','3-(472)603-5084','','80','91');
INSERT INTO "Contact" VALUES(91,'','Kevin','Hudson','','','','81','151');
INSERT INTO "Contact" VALUES(92,'Dr','Judith','Warren','jwarren26@linkedin.com','','Senior Editor','82','100');
INSERT INTO "Contact" VALUES(93,'Mr','Nicholas','King','','1-(068)662-5765','','83','125');
INSERT INTO "Contact" VALUES(94,'Honorable','Julie','Riley','','','','84','143');
INSERT INTO "Contact" VALUES(95,'Dr','Rebecca','Porter','','4-(706)074-7847','Assistant Manager','85','165');
INSERT INTO "Contact" VALUES(96,'Honorable','Jacqueline','Rivera','jrivera1n@wikispaces.com','','Design Engineer','47','164');
INSERT INTO "Contact" VALUES(97,'Mrs','Eugene','Stephens','estephensx@bizjournals.com','','Administrative Officer','48','128');
INSERT INTO "Contact" VALUES(98,'Dr','Christopher','Austin','','','','86','131');
INSERT INTO "Contact" VALUES(99,'','Maria','Carr','','2-(078)409-0982','','87','142');
INSERT INTO "Contact" VALUES(100,'Ms','Gloria','Howell','','','','9','103');
CREATE TABLE "General_Accounting_Unit__c" (
	id INTEGER NOT NULL,
	name VARCHAR(255),
	PRIMARY KEY (id)
);
INSERT INTO "General_Accounting_Unit__c" VALUES(1,'The curabitur convallis Fund');
INSERT INTO "General_Accounting_Unit__c" VALUES(2,'The sit Fund');
INSERT INTO "General_Accounting_Unit__c" VALUES(3,'The semper Fund');
INSERT INTO "General_Accounting_Unit__c" VALUES(4,'The orci nullam Fund');
INSERT INTO "General_Accounting_Unit__c" VALUES(5,'The parturient Fund');
INSERT INTO "General_Accounting_Unit__c" VALUES(6,'The ut Fund');
INSERT INTO "General_Accounting_Unit__c" VALUES(7,'The velit Fund');
INSERT INTO "General_Accounting_Unit__c" VALUES(8,'The nulla integer Fund');
INSERT INTO "General_Accounting_Unit__c" VALUES(9,'The consequat lectus Fund');
INSERT INTO "General_Accounting_Unit__c" VALUES(10,'The nam Fund');
INSERT INTO "General_Accounting_Unit__c" VALUES(11,'The id Fund');
INSERT INTO "General_Accounting_Unit__c" VALUES(12,'The quam sollicitudin Fund');
INSERT INTO "General_Accounting_Unit__c" VALUES(13,'The est phasellus Fund');
INSERT INTO "General_Accounting_Unit__c" VALUES(14,'The in Fund');
INSERT INTO "General_Accounting_Unit__c" VALUES(15,'The lacus at Fund');
INSERT INTO "General_Accounting_Unit__c" VALUES(16,'The dui nec Fund');
INSERT INTO "General_Accounting_Unit__c" VALUES(17,'The sociis Fund');
INSERT INTO "General_Accounting_Unit__c" VALUES(18,'The ut at Fund');
INSERT INTO "General_Accounting_Unit__c" VALUES(19,'The et Fund');
INSERT INTO "General_Accounting_Unit__c" VALUES(20,'The ultrices Fund');
INSERT INTO "General_Accounting_Unit__c" VALUES(21,'The pellentesque viverra Fund');
INSERT INTO "General_Accounting_Unit__c" VALUES(22,'The adipiscing elit Fund');
INSERT INTO "General_Accounting_Unit__c" VALUES(23,'The donec dapibus Fund');
INSERT INTO "General_Accounting_Unit__c" VALUES(24,'The hac habitasse Fund');
INSERT INTO "General_Accounting_Unit__c" VALUES(25,'The sit Fund');
INSERT INTO "General_Accounting_Unit__c" VALUES(26,'The non Fund');
INSERT INTO "General_Accounting_Unit__c" VALUES(27,'The id sapien Fund');
INSERT INTO "General_Accounting_Unit__c" VALUES(28,'The purus phasellus Fund');
INSERT INTO "General_Accounting_Unit__c" VALUES(29,'The in Fund');
INSERT INTO "General_Accounting_Unit__c" VALUES(30,'The in Fund');
INSERT INTO "General_Accounting_Unit__c" VALUES(31,'The elit Fund');
INSERT INTO "General_Accounting_Unit__c" VALUES(32,'The pretium nisl Fund');
INSERT INTO "General_Accounting_Unit__c" VALUES(33,'The a Fund');
INSERT INTO "General_Accounting_Unit__c" VALUES(34,'The integer aliquet Fund');
INSERT INTO "General_Accounting_Unit__c" VALUES(35,'The magna Fund');
INSERT INTO "General_Accounting_Unit__c" VALUES(36,'The consequat Fund');
INSERT INTO "General_Accounting_Unit__c" VALUES(37,'The dapibus Fund');
INSERT INTO "General_Accounting_Unit__c" VALUES(38,'The ipsum Fund');
INSERT INTO "General_Accounting_Unit__c" VALUES(39,'The sit Fund');
INSERT INTO "General_Accounting_Unit__c" VALUES(40,'The et Fund');
INSERT INTO "General_Accounting_Unit__c" VALUES(41,'The nulla Fund');
INSERT INTO "General_Accounting_Unit__c" VALUES(42,'The nullam Fund');
INSERT INTO "General_Accounting_Unit__c" VALUES(43,'The proin eu Fund');
INSERT INTO "General_Accounting_Unit__c" VALUES(44,'The erat Fund');
INSERT INTO "General_Accounting_Unit__c" VALUES(45,'The eget Fund');
INSERT INTO "General_Accounting_Unit__c" VALUES(46,'The eleifend pede Fund');
INSERT INTO "General_Accounting_Unit__c" VALUES(47,'The felis eu Fund');
INSERT INTO "General_Accounting_Unit__c" VALUES(48,'The tempus sit Fund');
INSERT INTO "General_Accounting_Unit__c" VALUES(49,'The lobortis sapien Fund');
INSERT INTO "General_Accounting_Unit__c" VALUES(50,'The augue quam Fund');
CREATE TABLE "Opportunity" (
	id INTEGER NOT NULL,
	name VARCHAR(255),
	amount VARCHAR(255),
	stage_name VARCHAR(255),
	close_date VARCHAR(255),
	dont_create_payments VARCHAR(255),
	account_id VARCHAR(255),
	primary_contact__c VARCHAR(255),
	npe03__recurring_donation__c VARCHAR(255),
	campaign_id VARCHAR(255),
	PRIMARY KEY (id)
);
INSERT INTO "Opportunity" VALUES(1,'Ann Chapman: $502','502.0','Closed Won','2017-12-11','false','34','30','','');
INSERT INTO "Opportunity" VALUES(2,'Ann Chapman: $635','635.0','Closed Won','2018-05-04','false','34','30','','');
INSERT INTO "Opportunity" VALUES(3,'Alice Patterson: $177','177.0','Closed Won','2018-11-23','false','1','1','','');
INSERT INTO "Opportunity" VALUES(4,'Alice Patterson: $208','208.0','Closed Won','2018-01-20','false','1','1','','');
INSERT INTO "Opportunity" VALUES(5,'Alice Patterson: $553','553.0','Closed Won','2017-10-15','false','1','1','','');
INSERT INTO "Opportunity" VALUES(6,'Alice Patterson: $565','565.0','Closed Won','2018-09-06','false','1','1','','');
INSERT INTO "Opportunity" VALUES(7,'Alice Patterson: $310','310.0','Closed Won','2018-02-02','false','1','1','','');
INSERT INTO "Opportunity" VALUES(8,'Alice Patterson: $483','483.0','Closed Won','2016-06-11','false','1','1','','');
INSERT INTO "Opportunity" VALUES(9,'Alice Patterson: $151','151.0','Closed Won','2018-02-20','false','1','1','','');
INSERT INTO "Opportunity" VALUES(10,'Alice Patterson: $537','537.0','Closed Won','2016-05-31','false','1','1','','');
INSERT INTO "Opportunity" VALUES(11,'Alice Patterson: $218','218.0','Closed Won','2018-11-23','false','1','1','','');
INSERT INTO "Opportunity" VALUES(12,'Alice Patterson: $376','376.0','Closed Won','2018-10-13','false','1','1','','');
INSERT INTO "Opportunity" VALUES(13,'Edgeify: $4965','4965.0','Closed Won','2017-11-02','true','105','','','');
INSERT INTO "Opportunity" VALUES(14,'Edgeify: $5297','5297.0','Closed Won','2017-11-27','false','105','','','');
INSERT INTO "Opportunity" VALUES(15,'Edgeify: $6258','6258.0','Closed Won','2016-07-24','false','105','','','');
INSERT INTO "Opportunity" VALUES(16,'Edgeify: $2804','2804.0','Closed Won','2016-03-12','false','105','','','');
INSERT INTO "Opportunity" VALUES(17,'Edgeify: $7164','7164.0','Closed Won','2016-03-09','false','105','','','');
INSERT INTO "Opportunity" VALUES(18,'Edgeify: $6989','6989.0','Closed Won','2018-08-29','false','105','','','');
INSERT INTO "Opportunity" VALUES(19,'Edgeify: $7858','7858.0','Closed Won','2017-01-04','true','105','','','');
INSERT INTO "Opportunity" VALUES(20,'Edgeify: $181','181.0','Closed Won','2016-12-04','false','105','','','');
INSERT INTO "Opportunity" VALUES(21,'Edgeify: $3422','3422.0','Closed Won','2017-01-31','false','105','','','');
INSERT INTO "Opportunity" VALUES(22,'Edgeify: $2434','2434.0','Closed Won','2016-11-02','false','105','','','');
INSERT INTO "Opportunity" VALUES(23,'Jean Gardner: $457','457.0','Closed Won','2017-08-27','false','11','3','','');
INSERT INTO "Opportunity" VALUES(24,'Jean Gardner: $13','13.0','Closed Won','2017-01-19','false','11','3','','');
INSERT INTO "Opportunity" VALUES(25,'Jean Gardner: $234','234.0','Closed Won','2017-11-04','false','11','3','','');
INSERT INTO "Opportunity" VALUES(26,'Jean Gardner: $84','84.0','Closed Won','2016-05-05','false','11','3','','');
INSERT INTO "Opportunity" VALUES(27,'Jean Gardner: $952','952.0','Closed Won','2018-11-16','false','11','3','','');
INSERT INTO "Opportunity" VALUES(28,'Jean Gardner: $3','3.0','Closed Won','2017-04-20','false','11','3','','');
INSERT INTO "Opportunity" VALUES(29,'Jean Gardner: $521','521.0','Closed Won','2016-09-22','false','11','3','','');
INSERT INTO "Opportunity" VALUES(30,'Jean Gardner: $567','567.0','Closed Won','2016-02-26','false','11','3','','');
INSERT INTO "Opportunity" VALUES(31,'Jean Gardner: $744','744.0','Closed Won','2018-04-26','false','11','3','','');
INSERT INTO "Opportunity" VALUES(32,'Jean Gardner: $619','619.0','Closed Won','2016-09-11','false','11','3','','');
INSERT INTO "Opportunity" VALUES(33,'Skidoo: $3738','3738.0','Closed Won','2017-08-02','false','140','','','');
INSERT INTO "Opportunity" VALUES(34,'Skidoo: $6351','6351.0','Closed Won','2017-12-29','false','140','','','');
INSERT INTO "Opportunity" VALUES(35,'Skidoo: $2233','2233.0','Closed Won','2017-05-18','false','140','','','');
INSERT INTO "Opportunity" VALUES(36,'Skidoo: $3361','3361.0','Closed Won','2016-09-08','false','140','','','');
INSERT INTO "Opportunity" VALUES(37,'Skidoo: $3124','3124.0','Closed Won','2018-05-15','false','140','','','');
INSERT INTO "Opportunity" VALUES(38,'Skidoo: $2909','2909.0','Closed Won','2018-05-16','false','140','','','');
INSERT INTO "Opportunity" VALUES(39,'Skidoo: $1824','1824.0','Closed Won','2017-07-30','false','140','','','');
INSERT INTO "Opportunity" VALUES(40,'Skidoo: $4670','4670.0','Closed Won','2016-09-17','false','140','','','');
INSERT INTO "Opportunity" VALUES(41,'Skidoo: $5400','5400.0','Closed Won','2017-03-22','false','140','','','');
INSERT INTO "Opportunity" VALUES(42,'Skidoo: $9404','9404.0','Closed Won','2016-02-15','false','140','','','');
INSERT INTO "Opportunity" VALUES(43,'Lori Murray: $504','504.0','Closed Won','2017-03-01','false','15','9','','');
INSERT INTO "Opportunity" VALUES(44,'Lori Murray: $109','109.0','Closed Won','2019-02-07','false','15','9','','');
INSERT INTO "Opportunity" VALUES(45,'Lori Murray: $479','479.0','Closed Won','2017-08-07','false','15','9','','');
INSERT INTO "Opportunity" VALUES(46,'Lori Murray: $270','270.0','Closed Won','2016-10-28','false','15','9','','');
INSERT INTO "Opportunity" VALUES(47,'Lori Murray: $31','31.0','Closed Won','2019-01-20','false','15','9','','');
INSERT INTO "Opportunity" VALUES(48,'Lori Murray: $157','157.0','Closed Won','2018-04-24','false','15','9','','');
INSERT INTO "Opportunity" VALUES(49,'Lori Murray: $31','31.0','Closed Won','2017-09-28','false','15','9','','');
INSERT INTO "Opportunity" VALUES(50,'Lori Murray: $836','836.0','Closed Won','2019-01-12','false','15','9','','');
INSERT INTO "Opportunity" VALUES(51,'Lori Murray: $984','984.0','Closed Won','2016-03-20','false','15','9','','');
INSERT INTO "Opportunity" VALUES(52,'Lori Murray: $862','862.0','Closed Won','2017-08-04','false','15','9','','');
INSERT INTO "Opportunity" VALUES(53,'Robin Hicks: $433','433.0','Closed Won','2018-01-22','false','26','21','','');
INSERT INTO "Opportunity" VALUES(54,'Robin Hicks: $794','794.0','Closed Won','2018-05-02','false','26','21','','');
INSERT INTO "Opportunity" VALUES(55,'Robin Hicks: $6','6.0','Closed Won','2018-04-27','false','26','21','','');
INSERT INTO "Opportunity" VALUES(56,'Robin Hicks: $87','87.0','Closed Won','2017-07-30','false','26','21','','');
INSERT INTO "Opportunity" VALUES(57,'Robin Hicks: $641','641.0','Closed Won','2018-10-05','false','26','21','','');
INSERT INTO "Opportunity" VALUES(58,'Robin Hicks: $29','29.0','Closed Won','2017-04-01','false','26','21','','');
INSERT INTO "Opportunity" VALUES(59,'Robin Hicks: $915','915.0','Closed Won','2016-07-21','false','26','21','','');
INSERT INTO "Opportunity" VALUES(60,'Robin Hicks: $907','907.0','Closed Won','2018-12-19','false','26','21','','');
INSERT INTO "Opportunity" VALUES(61,'Robin Hicks: $905','905.0','Closed Won','2017-09-13','false','26','21','','');
INSERT INTO "Opportunity" VALUES(62,'Robin Hicks: $957','957.0','Closed Won','2016-11-01','false','26','21','','');
INSERT INTO "Opportunity" VALUES(63,'Ann Chapman: $547','547.0','Closed Won','2017-09-16','false','34','30','','');
INSERT INTO "Opportunity" VALUES(64,'Ann Chapman: $235','235.0','Closed Won','2017-07-08','false','34','30','','');
INSERT INTO "Opportunity" VALUES(65,'Ann Chapman: $514','514.0','Closed Won','2017-08-28','false','34','30','','');
INSERT INTO "Opportunity" VALUES(66,'Ann Chapman: $70','70.0','Closed Won','2018-07-06','false','34','30','','');
INSERT INTO "Opportunity" VALUES(67,'Ann Chapman: $401','401.0','Closed Won','2016-04-13','false','34','30','','');
INSERT INTO "Opportunity" VALUES(68,'Carl Harvey: $409','409.0','Closed Won','2017-03-29','false','6','66','','');
INSERT INTO "Opportunity" VALUES(69,'Carl Harvey: $858','858.0','Closed Won','2018-03-05','false','6','66','','');
INSERT INTO "Opportunity" VALUES(70,'Ann Chapman: $466','466.0','Closed Won','2016-12-10','false','34','30','','');
INSERT INTO "Opportunity" VALUES(71,'Ann Chapman: $344','344.0','Closed Won','2018-01-07','false','34','30','','');
INSERT INTO "Opportunity" VALUES(72,'Ann Chapman: $110','110.0','Closed Won','2017-05-08','false','34','30','','');
INSERT INTO "Opportunity" VALUES(73,'Raymond Alvarez: $820','820.0','Closed Won','2018-01-26','false','60','42','','');
INSERT INTO "Opportunity" VALUES(74,'Raymond Alvarez: $492','492.0','Closed Won','2018-09-09','false','60','42','','');
INSERT INTO "Opportunity" VALUES(75,'Raymond Alvarez: $892','892.0','Closed Won','2018-10-25','false','60','42','','');
INSERT INTO "Opportunity" VALUES(76,'Raymond Alvarez: $798','798.0','Closed Won','2017-05-13','false','60','42','','');
INSERT INTO "Opportunity" VALUES(77,'Raymond Alvarez: $265','265.0','Closed Won','2016-04-17','false','60','42','','');
INSERT INTO "Opportunity" VALUES(78,'Raymond Alvarez: $934','934.0','Closed Won','2018-04-23','false','60','42','','');
INSERT INTO "Opportunity" VALUES(79,'Raymond Alvarez: $599','599.0','Closed Won','2016-11-23','false','60','42','','');
INSERT INTO "Opportunity" VALUES(80,'Raymond Alvarez: $538','538.0','Closed Won','2018-10-03','false','60','42','','');
INSERT INTO "Opportunity" VALUES(81,'Raymond Alvarez: $993','993.0','Closed Won','2016-04-21','false','60','42','','');
INSERT INTO "Opportunity" VALUES(82,'Raymond Alvarez: $4','4.0','Closed Won','2017-04-22','false','60','42','','');
INSERT INTO "Opportunity" VALUES(83,'Eugene Stephens: $782','782.0','Closed Won','2017-03-21','false','48','97','','');
INSERT INTO "Opportunity" VALUES(84,'Eugene Stephens: $314','314.0','Closed Won','2018-12-27','false','48','97','','');
INSERT INTO "Opportunity" VALUES(85,'Eugene Stephens: $436','436.0','Closed Won','2019-01-04','false','48','97','','');
INSERT INTO "Opportunity" VALUES(86,'Eugene Stephens: $157','157.0','Closed Won','2016-12-28','false','48','97','','');
INSERT INTO "Opportunity" VALUES(87,'Eugene Stephens: $685','685.0','Closed Won','2017-08-07','false','48','97','','');
INSERT INTO "Opportunity" VALUES(88,'Eugene Stephens: $974','974.0','Closed Won','2017-07-18','false','48','97','','');
INSERT INTO "Opportunity" VALUES(89,'Eugene Stephens: $751','751.0','Closed Won','2019-01-30','false','48','97','','');
INSERT INTO "Opportunity" VALUES(90,'Eugene Stephens: $449','449.0','Closed Won','2016-10-17','false','48','97','','');
INSERT INTO "Opportunity" VALUES(91,'Eugene Stephens: $643','643.0','Closed Won','2017-09-26','false','48','97','','');
INSERT INTO "Opportunity" VALUES(92,'Eugene Stephens: $127','127.0','Closed Won','2018-12-13','false','48','97','','');
INSERT INTO "Opportunity" VALUES(93,'Anthony Fisher: $377','377.0','Closed Won','2018-06-16','false','49','58','','');
INSERT INTO "Opportunity" VALUES(94,'Anthony Fisher: $654','654.0','Closed Won','2016-03-02','false','49','58','','');
INSERT INTO "Opportunity" VALUES(95,'Anthony Fisher: $926','926.0','Closed Won','2017-01-18','false','49','58','','');
INSERT INTO "Opportunity" VALUES(96,'Anthony Fisher: $838','838.0','Closed Won','2017-07-29','false','49','58','','');
INSERT INTO "Opportunity" VALUES(97,'Anthony Fisher: $46','46.0','Closed Won','2018-07-03','false','49','58','','');
INSERT INTO "Opportunity" VALUES(98,'Anthony Fisher: $440','440.0','Closed Won','2016-12-12','false','49','58','','');
INSERT INTO "Opportunity" VALUES(99,'Anthony Fisher: $353','353.0','Closed Won','2018-07-09','false','49','58','','');
INSERT INTO "Opportunity" VALUES(100,'Anthony Fisher: $338','338.0','Closed Won','2016-08-31','false','49','58','','');
INSERT INTO "Opportunity" VALUES(101,'Anthony Fisher: $546','546.0','Closed Won','2017-04-10','false','49','58','','');
INSERT INTO "Opportunity" VALUES(102,'Anthony Fisher: $316','316.0','Closed Won','2018-10-07','false','49','58','','');
INSERT INTO "Opportunity" VALUES(103,'Carl Harvey: $750','750.0','Closed Won','2017-09-03','false','6','66','','');
INSERT INTO "Opportunity" VALUES(104,'Carl Harvey: $976','976.0','Closed Won','2016-06-01','false','6','66','','');
INSERT INTO "Opportunity" VALUES(105,'Carl Harvey: $22','22.0','Closed Won','2016-03-06','false','6','66','','');
INSERT INTO "Opportunity" VALUES(106,'Carl Harvey: $627','627.0','Closed Won','2018-10-08','false','6','66','','');
INSERT INTO "Opportunity" VALUES(107,'Carl Harvey: $965','965.0','Closed Won','2018-01-01','false','6','66','','');
INSERT INTO "Opportunity" VALUES(108,'Carl Harvey: $116','116.0','Closed Won','2018-05-15','false','6','66','','');
INSERT INTO "Opportunity" VALUES(109,'Carl Harvey: $260','260.0','Closed Won','2018-12-06','false','6','66','','');
INSERT INTO "Opportunity" VALUES(110,'Carl Harvey: $365','365.0','Closed Won','2018-08-07','false','6','66','','');
INSERT INTO "Opportunity" VALUES(111,'Carl Harvey: $550','550.0','Closed Won','2018-06-25','false','6','66','','');
INSERT INTO "Opportunity" VALUES(112,'Carl Harvey: $131','131.0','Closed Won','2019-06-02','true','6','66','','');
INSERT INTO "Opportunity" VALUES(113,'Carl Harvey: $631','631.0','Closed Won','2016-07-21','false','6','66','','');
INSERT INTO "Opportunity" VALUES(114,'Carl Harvey: $970','970.0','Closed Won','2018-09-15','false','6','66','','');
INSERT INTO "Opportunity" VALUES(115,'Carl Harvey: $59','59.0','Closed Won','2018-06-07','false','6','66','','');
INSERT INTO "Opportunity" VALUES(116,'Carl Harvey: $253','253.0','Closed Won','2018-11-20','false','6','66','','');
INSERT INTO "Opportunity" VALUES(117,'Carl Harvey: $421','421.0','Closed Won','2016-04-23','false','6','66','','');
INSERT INTO "Opportunity" VALUES(118,'Carl Harvey: $743','743.0','Closed Won','2018-09-03','false','6','66','','');
INSERT INTO "Opportunity" VALUES(119,'Carl Harvey: $37','37.0','Closed Won','2017-11-19','false','6','66','','');
INSERT INTO "Opportunity" VALUES(120,'Carl Harvey: $146','146.0','Closed Won','2017-11-27','false','6','66','','');
INSERT INTO "Opportunity" VALUES(121,'Carl Harvey: $657','657.0','Closed Won','2016-09-08','false','6','66','','');
INSERT INTO "Opportunity" VALUES(122,'Carl Harvey: $36','36.0','Closed Won','2016-09-02','false','6','66','','');
INSERT INTO "Opportunity" VALUES(123,'Carl Harvey: $393','393.0','Closed Won','2018-03-18','true','6','66','','');
INSERT INTO "Opportunity" VALUES(124,'Carl Harvey: $643','643.0','Closed Won','2019-11-24','true','6','66','','');
INSERT INTO "Opportunity" VALUES(125,'Carl Harvey: $813','813.0','Closed Won','2017-04-10','false','6','66','','');
INSERT INTO "Opportunity" VALUES(126,'Carl Harvey: $557','557.0','Closed Won','2017-12-02','false','6','66','','');
INSERT INTO "Opportunity" VALUES(127,'Carl Harvey: $926','926.0','Closed Won','2018-11-10','false','6','66','','');
INSERT INTO "Opportunity" VALUES(128,'Carl Harvey: $13','13.0','Closed Won','2018-02-28','false','6','66','','');
INSERT INTO "Opportunity" VALUES(129,'Carl Harvey: $609','609.0','Closed Won','2016-12-18','false','6','66','','');
INSERT INTO "Opportunity" VALUES(130,'Carl Harvey: $962','962.0','Closed Won','2018-01-28','false','6','66','','');
INSERT INTO "Opportunity" VALUES(131,'Carl Harvey: $204','204.0','Closed Won','2017-12-25','false','6','66','','');
INSERT INTO "Opportunity" VALUES(132,'Carl Harvey: $153','153.0','Closed Won','2017-06-01','false','6','66','','');
INSERT INTO "Opportunity" VALUES(133,'Carl Harvey: $89','89.0','Closed Won','2018-01-23','false','6','66','','');
INSERT INTO "Opportunity" VALUES(134,'Carl Harvey: $331','331.0','Closed Won','2018-01-26','false','6','66','','');
INSERT INTO "Opportunity" VALUES(135,'Carl Harvey: $842','842.0','Closed Won','2017-07-29','false','6','66','','');
INSERT INTO "Opportunity" VALUES(136,'Carl Harvey: $736','736.0','Closed Won','2016-09-14','false','6','66','','');
INSERT INTO "Opportunity" VALUES(137,'Carl Harvey: $978','978.0','Closed Won','2016-03-20','false','6','66','','');
INSERT INTO "Opportunity" VALUES(138,'Carl Harvey: $927','927.0','Closed Won','2017-04-24','false','6','66','','');
INSERT INTO "Opportunity" VALUES(139,'Carl Harvey: $321','321.0','Closed Won','2016-05-17','false','6','66','','');
INSERT INTO "Opportunity" VALUES(140,'Carl Harvey: $282','282.0','Closed Won','2016-02-04','false','6','66','','');
INSERT INTO "Opportunity" VALUES(141,'Carl Harvey: $750','750.0','Closed Won','2016-02-21','false','6','66','','');
INSERT INTO "Opportunity" VALUES(142,'Carl Harvey: $996','996.0','Closed Won','2016-06-16','false','6','66','','');
INSERT INTO "Opportunity" VALUES(143,'Carl Harvey: $536','536.0','Closed Won','2019-01-14','false','6','66','','');
INSERT INTO "Opportunity" VALUES(144,'Carl Harvey: $756','756.0','Closed Won','2018-11-10','false','6','66','','');
INSERT INTO "Opportunity" VALUES(145,'Carl Harvey: $119','119.0','Closed Won','2018-04-03','false','6','66','','');
INSERT INTO "Opportunity" VALUES(146,'Carl Harvey: $309','309.0','Closed Won','2016-11-01','false','6','66','','');
INSERT INTO "Opportunity" VALUES(147,'Carl Harvey: $230','230.0','Closed Won','2017-10-06','false','6','66','','');
INSERT INTO "Opportunity" VALUES(148,'Carl Harvey: $118','118.0','Closed Won','2017-04-18','false','6','66','','');
INSERT INTO "Opportunity" VALUES(149,'Carl Harvey: $327','327.0','Closed Won','2017-01-23','true','6','66','','');
INSERT INTO "Opportunity" VALUES(150,'Carl Harvey: $557','557.0','Closed Won','2018-01-07','false','6','66','','');
INSERT INTO "Opportunity" VALUES(151,'Carl Harvey: $642','642.0','Closed Won','2018-02-08','false','6','66','','');
INSERT INTO "Opportunity" VALUES(152,'Carl Harvey: $782','782.0','Closed Won','2017-04-19','false','6','66','','');
INSERT INTO "Opportunity" VALUES(153,'Carl Harvey: $409','409.0','Closed Won','2017-05-21','false','6','66','','');
INSERT INTO "Opportunity" VALUES(154,'Carl Harvey: $501','501.0','Closed Won','2016-11-30','false','6','66','','');
INSERT INTO "Opportunity" VALUES(155,'Carl Harvey: $998','998.0','Closed Won','2017-08-18','false','6','66','','');
INSERT INTO "Opportunity" VALUES(156,'Carl Harvey: $338','338.0','Closed Won','2017-01-01','false','6','66','','');
INSERT INTO "Opportunity" VALUES(157,'Carl Harvey: $737','737.0','Closed Won','2018-12-15','false','6','66','','');
INSERT INTO "Opportunity" VALUES(158,'Carl Harvey: $410','410.0','Closed Won','2018-04-12','false','6','66','','');
INSERT INTO "Opportunity" VALUES(159,'Carl Harvey: $202','202.0','Closed Won','2018-10-16','false','6','66','','');
INSERT INTO "Opportunity" VALUES(160,'Carl Harvey: $997','997.0','Closed Won','2019-01-29','false','6','66','','');
INSERT INTO "Opportunity" VALUES(161,'Carl Harvey: $609','609.0','Closed Won','2016-06-09','false','6','66','','');
INSERT INTO "Opportunity" VALUES(162,'Carl Harvey: $952','952.0','Closed Won','2018-06-15','false','6','66','','');
INSERT INTO "Opportunity" VALUES(163,'Carl Harvey: $734','734.0','Closed Won','2017-02-01','false','6','66','','');
INSERT INTO "Opportunity" VALUES(164,'Carl Harvey: $540','540.0','Closed Won','2019-06-28','true','6','66','','');
INSERT INTO "Opportunity" VALUES(165,'Carl Harvey: $507','507.0','Closed Won','2017-04-23','false','6','66','','');
INSERT INTO "Opportunity" VALUES(166,'Carl Harvey: $976','976.0','Closed Won','2017-11-07','false','6','66','','');
INSERT INTO "Opportunity" VALUES(167,'Carl Harvey: $973','973.0','Closed Won','2017-11-20','false','6','66','','');
INSERT INTO "Opportunity" VALUES(168,'Carl Harvey: $837','837.0','Closed Won','2018-03-22','false','6','66','','');
INSERT INTO "Opportunity" VALUES(169,'Carl Harvey: $871','871.0','Closed Won','2018-09-25','false','6','66','','');
INSERT INTO "Opportunity" VALUES(170,'Carl Harvey: $504','504.0','Closed Won','2017-06-15','false','6','66','','');
INSERT INTO "Opportunity" VALUES(171,'Carl Harvey: $234','234.0','Closed Won','2017-12-20','false','6','66','','');
INSERT INTO "Opportunity" VALUES(172,'Carl Harvey: $762','762.0','Closed Won','2016-03-31','false','6','66','','');
INSERT INTO "Opportunity" VALUES(173,'Carl Harvey: $357','357.0','Closed Won','2017-10-24','false','6','66','','');
INSERT INTO "Opportunity" VALUES(174,'Carl Harvey: $992','992.0','Closed Won','2018-02-28','false','6','66','','');
INSERT INTO "Opportunity" VALUES(175,'Carl Harvey: $666','666.0','Closed Won','2016-07-19','false','6','66','','');
INSERT INTO "Opportunity" VALUES(176,'Carl Harvey: $128','128.0','Closed Won','2017-04-22','false','6','66','','');
INSERT INTO "Opportunity" VALUES(177,'Carl Harvey: $111','111.0','Closed Won','2016-10-31','false','6','66','','');
INSERT INTO "Opportunity" VALUES(178,'Carl Harvey: $719','719.0','Closed Won','2016-06-10','false','6','66','','');
INSERT INTO "Opportunity" VALUES(179,'Carl Harvey: $22','22.0','Closed Won','2018-06-07','false','6','66','','');
INSERT INTO "Opportunity" VALUES(180,'Carl Harvey: $844','844.0','Closed Won','2017-05-30','false','6','66','','');
INSERT INTO "Opportunity" VALUES(181,'Carl Harvey: $989','989.0','Closed Won','2017-10-02','false','6','66','','');
INSERT INTO "Opportunity" VALUES(182,'Carl Harvey: $368','368.0','Closed Won','2017-09-04','false','6','66','','');
INSERT INTO "Opportunity" VALUES(183,'Carl Harvey: $896','896.0','Closed Won','2016-03-07','false','6','66','','');
INSERT INTO "Opportunity" VALUES(184,'Carl Harvey: $108','108.0','Closed Won','2018-07-01','false','6','66','','');
INSERT INTO "Opportunity" VALUES(185,'Carl Harvey: $911','911.0','Closed Won','2017-08-17','false','6','66','','');
INSERT INTO "Opportunity" VALUES(186,'Carl Harvey: $834','834.0','Closed Won','2017-04-08','false','6','66','','');
INSERT INTO "Opportunity" VALUES(187,'Carl Harvey: $45','45.0','Closed Won','2016-12-31','false','6','66','','');
INSERT INTO "Opportunity" VALUES(188,'Carl Harvey: $99','99.0','Closed Won','2017-11-25','false','6','66','','');
INSERT INTO "Opportunity" VALUES(189,'Carl Harvey: $971','971.0','Closed Won','2016-10-07','false','6','66','','');
INSERT INTO "Opportunity" VALUES(190,'Carl Harvey: $639','639.0','Closed Won','2018-08-19','false','6','66','','');
INSERT INTO "Opportunity" VALUES(191,'Carl Harvey: $919','919.0','Closed Won','2018-01-13','false','6','66','','');
INSERT INTO "Opportunity" VALUES(192,'Carl Harvey: $476','476.0','Closed Won','2016-03-22','false','6','66','','');
INSERT INTO "Opportunity" VALUES(193,'Carl Harvey: $321','321.0','Closed Won','2017-03-19','false','6','66','','');
INSERT INTO "Opportunity" VALUES(194,'Carl Harvey: $839','839.0','Closed Won','2018-11-11','false','6','66','','');
INSERT INTO "Opportunity" VALUES(195,'Carl Harvey: $451','451.0','Closed Won','2018-06-22','false','6','66','','');
INSERT INTO "Opportunity" VALUES(196,'Carl Harvey: $236','236.0','Closed Won','2019-01-18','false','6','66','','');
INSERT INTO "Opportunity" VALUES(197,'Carl Harvey: $585','585.0','Closed Won','2018-08-25','false','6','66','','');
INSERT INTO "Opportunity" VALUES(198,'Carl Harvey: $546','546.0','Closed Won','2017-08-29','false','6','66','','');
INSERT INTO "Opportunity" VALUES(199,'Carl Harvey: $485','485.0','Closed Won','2017-04-29','true','6','66','','');
INSERT INTO "Opportunity" VALUES(200,'Carl Harvey: $329','329.0','Closed Won','2018-09-18','false','6','66','','');
INSERT INTO "Opportunity" VALUES(201,'Joseph Lane: $272','272.0','Closed Won','2016-12-10','false','63','70','','');
INSERT INTO "Opportunity" VALUES(202,'Joseph Lane: $261','261.0','Closed Won','2018-06-06','false','63','70','','');
INSERT INTO "Opportunity" VALUES(203,'Joseph Lane: $921','921.0','Closed Won','2018-05-04','false','63','70','','');
INSERT INTO "Opportunity" VALUES(204,'Joseph Lane: $757','757.0','Closed Won','2017-06-28','true','63','70','','');
INSERT INTO "Opportunity" VALUES(205,'Joseph Lane: $375','375.0','Closed Won','2016-09-04','false','63','70','','');
INSERT INTO "Opportunity" VALUES(206,'Joseph Lane: $698','698.0','Closed Won','2016-03-23','false','63','70','','');
INSERT INTO "Opportunity" VALUES(207,'Joseph Lane: $892','892.0','Closed Won','2017-04-20','false','63','70','','');
INSERT INTO "Opportunity" VALUES(208,'Joseph Lane: $85','85.0','Closed Won','2018-06-30','true','63','70','','');
INSERT INTO "Opportunity" VALUES(209,'Joseph Lane: $830','830.0','Closed Won','2017-01-05','false','63','70','','');
INSERT INTO "Opportunity" VALUES(210,'Joseph Lane: $656','656.0','Closed Won','2018-01-15','false','63','70','','');
INSERT INTO "Opportunity" VALUES(211,'Carl Harvey Donation (1) 1/15/2019','75.0','Closed Won','2019-01-15','false','6','66','1','');
INSERT INTO "Opportunity" VALUES(212,'Carl Harvey Donation (2) 2/15/2019','75.0','Closed Won','2019-02-15','false','6','66','1','');
INSERT INTO "Opportunity" VALUES(213,'Carl Harvey Donation (3) 3/15/2019','75.0','Closed Won','2019-03-15','false','6','66','1','');
INSERT INTO "Opportunity" VALUES(214,'Carl Harvey Donation (4) 4/15/2019','75.0','Closed Won','2019-04-15','false','6','66','1','');
INSERT INTO "Opportunity" VALUES(219,'Carl Harvey Donation (5) 5/15/2019','75.0','Closed Won','2019-05-15','false','6','66','1','');
INSERT INTO "Opportunity" VALUES(220,'Carl Harvey Donation (6) 6/15/2019','75.0','Closed Won','2019-06-15','false','6','66','1','');
INSERT INTO "Opportunity" VALUES(221,'Carl Harvey Donation (7) 7/15/2019','75.0','Closed Won','2019-07-15','false','6','66','1','');
INSERT INTO "Opportunity" VALUES(215,'Carl Harvey Donation (8) 8/15/2019','75.0','Closed Won','2019-08-15','false','6','66','1','');
INSERT INTO "Opportunity" VALUES(216,'Carl Harvey Donation (9) 9/15/2019','75.0','Closed Won','2019-09-15','false','6','66','1','');
INSERT INTO "Opportunity" VALUES(217,'Carl Harvey Donation (10) 10/15/2019','75.0','Closed Won','2019-10-15','false','6','66','1','');
INSERT INTO "Opportunity" VALUES(218,'Carl Harvey Donation (11) 11/15/2019','75.0','Closed Won','2019-11-15','false','6','66','1','');
INSERT INTO "Opportunity" VALUES(222,'Carl Harvey Donation (12) 12/15/2019','75.0','Closed Won','2019-12-15','false','6','66','1','');
CREATE TABLE "OpportunityContactRole" (
	id INTEGER NOT NULL,
	"Role" VARCHAR(255),
	"IsPrimary" VARCHAR(255),
	contact_id VARCHAR(255),
	opportunity_id VARCHAR(255),
	PRIMARY KEY (id)
);
INSERT INTO "OpportunityContactRole" VALUES(1,'Soft Credit','true','66','211');
INSERT INTO "OpportunityContactRole" VALUES(2,'Soft Credit','true','66','212');
INSERT INTO "OpportunityContactRole" VALUES(3,'Soft Credit','true','66','213');
INSERT INTO "OpportunityContactRole" VALUES(4,'Soft Credit','true','66','214');
INSERT INTO "OpportunityContactRole" VALUES(5,'Soft Credit','true','66','219');
INSERT INTO "OpportunityContactRole" VALUES(6,'Soft Credit','true','66','220');
INSERT INTO "OpportunityContactRole" VALUES(7,'Soft Credit','true','66','221');
INSERT INTO "OpportunityContactRole" VALUES(8,'Soft Credit','true','66','215');
INSERT INTO "OpportunityContactRole" VALUES(9,'Soft Credit','true','66','216');
INSERT INTO "OpportunityContactRole" VALUES(10,'Soft Credit','true','66','217');
INSERT INTO "OpportunityContactRole" VALUES(11,'Soft Credit','true','66','218');
INSERT INTO "OpportunityContactRole" VALUES(12,'Donor','true','66','222');
INSERT INTO "OpportunityContactRole" VALUES(13,'Donor','true','1','3');
INSERT INTO "OpportunityContactRole" VALUES(14,'Donor','true','1','4');
INSERT INTO "OpportunityContactRole" VALUES(15,'Donor','true','1','5');
INSERT INTO "OpportunityContactRole" VALUES(16,'Donor','true','1','6');
INSERT INTO "OpportunityContactRole" VALUES(17,'Donor','true','1','7');
INSERT INTO "OpportunityContactRole" VALUES(18,'Donor','true','1','8');
INSERT INTO "OpportunityContactRole" VALUES(19,'Donor','true','1','9');
INSERT INTO "OpportunityContactRole" VALUES(20,'Donor','true','1','10');
INSERT INTO "OpportunityContactRole" VALUES(21,'Donor','true','1','11');
INSERT INTO "OpportunityContactRole" VALUES(22,'Donor','true','1','12');
INSERT INTO "OpportunityContactRole" VALUES(23,'Soft Credit','false','1','94');
INSERT INTO "OpportunityContactRole" VALUES(24,'Influencer','false','100','124');
INSERT INTO "OpportunityContactRole" VALUES(25,'Soft Credit','false','100','94');
INSERT INTO "OpportunityContactRole" VALUES(26,'Influencer','false','5','204');
INSERT INTO "OpportunityContactRole" VALUES(27,'Soft Credit','false','5','94');
INSERT INTO "OpportunityContactRole" VALUES(28,'Influencer','false','2','164');
INSERT INTO "OpportunityContactRole" VALUES(29,'Soft Credit','false','2','94');
INSERT INTO "OpportunityContactRole" VALUES(30,'Donor','true','3','31');
INSERT INTO "OpportunityContactRole" VALUES(31,'Donor','true','3','32');
INSERT INTO "OpportunityContactRole" VALUES(32,'Influencer','false','3','164');
INSERT INTO "OpportunityContactRole" VALUES(33,'Donor','true','3','23');
INSERT INTO "OpportunityContactRole" VALUES(34,'Donor','true','3','24');
INSERT INTO "OpportunityContactRole" VALUES(35,'Donor','true','3','25');
INSERT INTO "OpportunityContactRole" VALUES(36,'Donor','true','3','26');
INSERT INTO "OpportunityContactRole" VALUES(37,'Donor','true','3','27');
INSERT INTO "OpportunityContactRole" VALUES(38,'Donor','true','3','28');
INSERT INTO "OpportunityContactRole" VALUES(39,'Soft Credit','false','3','94');
INSERT INTO "OpportunityContactRole" VALUES(40,'Donor','true','3','29');
INSERT INTO "OpportunityContactRole" VALUES(41,'Donor','true','3','30');
INSERT INTO "OpportunityContactRole" VALUES(42,'Influencer','false','4','199');
INSERT INTO "OpportunityContactRole" VALUES(43,'Soft Credit','false','4','94');
INSERT INTO "OpportunityContactRole" VALUES(44,'Influencer','false','6','123');
INSERT INTO "OpportunityContactRole" VALUES(45,'Soft Credit','false','6','94');
INSERT INTO "OpportunityContactRole" VALUES(46,'Influencer','false','7','164');
INSERT INTO "OpportunityContactRole" VALUES(47,'Soft Credit','false','7','94');
INSERT INTO "OpportunityContactRole" VALUES(48,'Soft Credit','false','8','94');
INSERT INTO "OpportunityContactRole" VALUES(49,'Household Member','false','8','43');
INSERT INTO "OpportunityContactRole" VALUES(50,'Household Member','false','8','44');
INSERT INTO "OpportunityContactRole" VALUES(51,'Household Member','false','8','45');
INSERT INTO "OpportunityContactRole" VALUES(52,'Household Member','false','8','46');
INSERT INTO "OpportunityContactRole" VALUES(53,'Household Member','false','8','47');
INSERT INTO "OpportunityContactRole" VALUES(54,'Household Member','false','8','48');
INSERT INTO "OpportunityContactRole" VALUES(55,'Household Member','false','8','49');
INSERT INTO "OpportunityContactRole" VALUES(56,'Household Member','false','8','50');
INSERT INTO "OpportunityContactRole" VALUES(57,'Household Member','false','8','51');
INSERT INTO "OpportunityContactRole" VALUES(58,'Household Member','false','8','52');
INSERT INTO "OpportunityContactRole" VALUES(59,'Soft Credit','false','9','94');
INSERT INTO "OpportunityContactRole" VALUES(60,'Donor','true','9','43');
INSERT INTO "OpportunityContactRole" VALUES(61,'Donor','true','9','44');
INSERT INTO "OpportunityContactRole" VALUES(62,'Donor','true','9','45');
INSERT INTO "OpportunityContactRole" VALUES(63,'Donor','true','9','46');
INSERT INTO "OpportunityContactRole" VALUES(64,'Donor','true','9','47');
INSERT INTO "OpportunityContactRole" VALUES(65,'Donor','true','9','48');
INSERT INTO "OpportunityContactRole" VALUES(66,'Donor','true','9','49');
INSERT INTO "OpportunityContactRole" VALUES(67,'Donor','true','9','50');
INSERT INTO "OpportunityContactRole" VALUES(68,'Donor','true','9','51');
INSERT INTO "OpportunityContactRole" VALUES(69,'Donor','true','9','52');
INSERT INTO "OpportunityContactRole" VALUES(70,'Influencer','false','10','13');
INSERT INTO "OpportunityContactRole" VALUES(71,'Soft Credit','false','10','94');
INSERT INTO "OpportunityContactRole" VALUES(72,'Influencer','false','11','149');
INSERT INTO "OpportunityContactRole" VALUES(73,'Soft Credit','false','11','94');
INSERT INTO "OpportunityContactRole" VALUES(74,'Influencer','false','14','123');
INSERT INTO "OpportunityContactRole" VALUES(75,'Soft Credit','false','14','94');
INSERT INTO "OpportunityContactRole" VALUES(76,'Influencer','false','12','164');
INSERT INTO "OpportunityContactRole" VALUES(77,'Soft Credit','false','12','94');
INSERT INTO "OpportunityContactRole" VALUES(78,'Influencer','false','13','199');
INSERT INTO "OpportunityContactRole" VALUES(79,'Soft Credit','false','13','94');
INSERT INTO "OpportunityContactRole" VALUES(80,'Influencer','false','15','124');
INSERT INTO "OpportunityContactRole" VALUES(81,'Soft Credit','false','15','94');
INSERT INTO "OpportunityContactRole" VALUES(82,'Influencer','false','16','164');
INSERT INTO "OpportunityContactRole" VALUES(83,'Soft Credit','false','16','94');
INSERT INTO "OpportunityContactRole" VALUES(84,'Influencer','false','17','149');
INSERT INTO "OpportunityContactRole" VALUES(85,'Soft Credit','false','17','94');
INSERT INTO "OpportunityContactRole" VALUES(86,'Influencer','false','18','19');
INSERT INTO "OpportunityContactRole" VALUES(87,'Soft Credit','false','18','94');
INSERT INTO "OpportunityContactRole" VALUES(88,'Influencer','false','19','13');
INSERT INTO "OpportunityContactRole" VALUES(89,'Soft Credit','false','19','94');
INSERT INTO "OpportunityContactRole" VALUES(90,'Influencer','false','20','13');
INSERT INTO "OpportunityContactRole" VALUES(91,'Soft Credit','false','20','94');
INSERT INTO "OpportunityContactRole" VALUES(92,'Influencer','false','21','204');
INSERT INTO "OpportunityContactRole" VALUES(93,'Soft Credit','false','21','94');
INSERT INTO "OpportunityContactRole" VALUES(94,'Donor','true','21','53');
INSERT INTO "OpportunityContactRole" VALUES(95,'Donor','true','21','54');
INSERT INTO "OpportunityContactRole" VALUES(96,'Donor','true','21','55');
INSERT INTO "OpportunityContactRole" VALUES(97,'Donor','true','21','56');
INSERT INTO "OpportunityContactRole" VALUES(98,'Donor','true','21','57');
INSERT INTO "OpportunityContactRole" VALUES(99,'Donor','true','21','58');
INSERT INTO "OpportunityContactRole" VALUES(100,'Donor','true','21','59');
INSERT INTO "OpportunityContactRole" VALUES(101,'Donor','true','21','60');
INSERT INTO "OpportunityContactRole" VALUES(102,'Donor','true','21','61');
INSERT INTO "OpportunityContactRole" VALUES(103,'Donor','true','21','62');
INSERT INTO "OpportunityContactRole" VALUES(104,'Influencer','false','26','164');
INSERT INTO "OpportunityContactRole" VALUES(105,'Soft Credit','false','26','94');
INSERT INTO "OpportunityContactRole" VALUES(106,'Influencer','false','25','204');
INSERT INTO "OpportunityContactRole" VALUES(107,'Soft Credit','false','25','94');
INSERT INTO "OpportunityContactRole" VALUES(108,'Influencer','false','27','208');
INSERT INTO "OpportunityContactRole" VALUES(109,'Soft Credit','false','27','94');
INSERT INTO "OpportunityContactRole" VALUES(110,'Influencer','false','28','124');
INSERT INTO "OpportunityContactRole" VALUES(111,'Soft Credit','false','28','94');
INSERT INTO "OpportunityContactRole" VALUES(112,'Influencer','false','29','208');
INSERT INTO "OpportunityContactRole" VALUES(113,'Soft Credit','false','29','94');
INSERT INTO "OpportunityContactRole" VALUES(114,'Influencer','false','30','13');
INSERT INTO "OpportunityContactRole" VALUES(115,'Soft Credit','false','30','94');
INSERT INTO "OpportunityContactRole" VALUES(116,'Donor','true','30','63');
INSERT INTO "OpportunityContactRole" VALUES(117,'Donor','true','30','64');
INSERT INTO "OpportunityContactRole" VALUES(118,'Donor','true','30','1');
INSERT INTO "OpportunityContactRole" VALUES(119,'Donor','true','30','2');
INSERT INTO "OpportunityContactRole" VALUES(120,'Donor','true','30','65');
INSERT INTO "OpportunityContactRole" VALUES(121,'Donor','true','30','66');
INSERT INTO "OpportunityContactRole" VALUES(122,'Donor','true','30','67');
INSERT INTO "OpportunityContactRole" VALUES(123,'Donor','true','30','70');
INSERT INTO "OpportunityContactRole" VALUES(124,'Donor','true','30','71');
INSERT INTO "OpportunityContactRole" VALUES(125,'Donor','true','30','72');
INSERT INTO "OpportunityContactRole" VALUES(126,'Influencer','false','31','164');
INSERT INTO "OpportunityContactRole" VALUES(127,'Soft Credit','false','31','94');
INSERT INTO "OpportunityContactRole" VALUES(128,'Influencer','false','32','124');
INSERT INTO "OpportunityContactRole" VALUES(129,'Soft Credit','false','32','94');
INSERT INTO "OpportunityContactRole" VALUES(130,'Influencer','false','33','123');
INSERT INTO "OpportunityContactRole" VALUES(131,'Soft Credit','false','33','94');
INSERT INTO "OpportunityContactRole" VALUES(132,'Soft Credit','false','34','94');
INSERT INTO "OpportunityContactRole" VALUES(133,'Influencer','false','35','149');
INSERT INTO "OpportunityContactRole" VALUES(134,'Soft Credit','false','35','94');
INSERT INTO "OpportunityContactRole" VALUES(135,'Influencer','false','36','149');
INSERT INTO "OpportunityContactRole" VALUES(136,'Soft Credit','false','36','94');
INSERT INTO "OpportunityContactRole" VALUES(137,'Influencer','false','37','19');
INSERT INTO "OpportunityContactRole" VALUES(138,'Soft Credit','false','37','94');
INSERT INTO "OpportunityContactRole" VALUES(139,'Influencer','false','38','13');
INSERT INTO "OpportunityContactRole" VALUES(140,'Soft Credit','false','38','94');
INSERT INTO "OpportunityContactRole" VALUES(141,'Influencer','false','39','204');
INSERT INTO "OpportunityContactRole" VALUES(142,'Soft Credit','false','39','94');
INSERT INTO "OpportunityContactRole" VALUES(143,'Influencer','false','40','124');
INSERT INTO "OpportunityContactRole" VALUES(144,'Soft Credit','false','40','94');
INSERT INTO "OpportunityContactRole" VALUES(145,'Influencer','false','41','164');
INSERT INTO "OpportunityContactRole" VALUES(146,'Soft Credit','false','41','94');
INSERT INTO "OpportunityContactRole" VALUES(147,'Donor','true','42','81');
INSERT INTO "OpportunityContactRole" VALUES(148,'Donor','true','42','82');
INSERT INTO "OpportunityContactRole" VALUES(149,'Influencer','false','42','123');
INSERT INTO "OpportunityContactRole" VALUES(150,'Soft Credit','false','42','94');
INSERT INTO "OpportunityContactRole" VALUES(151,'Donor','true','42','73');
INSERT INTO "OpportunityContactRole" VALUES(152,'Donor','true','42','74');
INSERT INTO "OpportunityContactRole" VALUES(153,'Donor','true','42','75');
INSERT INTO "OpportunityContactRole" VALUES(154,'Donor','true','42','76');
INSERT INTO "OpportunityContactRole" VALUES(155,'Donor','true','42','77');
INSERT INTO "OpportunityContactRole" VALUES(156,'Donor','true','42','78');
INSERT INTO "OpportunityContactRole" VALUES(157,'Donor','true','42','79');
INSERT INTO "OpportunityContactRole" VALUES(158,'Donor','true','42','80');
INSERT INTO "OpportunityContactRole" VALUES(159,'Household Member','false','43','81');
INSERT INTO "OpportunityContactRole" VALUES(160,'Household Member','false','43','82');
INSERT INTO "OpportunityContactRole" VALUES(161,'Influencer','false','43','123');
INSERT INTO "OpportunityContactRole" VALUES(162,'Soft Credit','false','43','94');
INSERT INTO "OpportunityContactRole" VALUES(163,'Household Member','false','43','73');
INSERT INTO "OpportunityContactRole" VALUES(164,'Household Member','false','43','74');
INSERT INTO "OpportunityContactRole" VALUES(165,'Household Member','false','43','75');
INSERT INTO "OpportunityContactRole" VALUES(166,'Household Member','false','43','76');
INSERT INTO "OpportunityContactRole" VALUES(167,'Household Member','false','43','77');
INSERT INTO "OpportunityContactRole" VALUES(168,'Household Member','false','43','78');
INSERT INTO "OpportunityContactRole" VALUES(169,'Household Member','false','43','79');
INSERT INTO "OpportunityContactRole" VALUES(170,'Household Member','false','43','80');
INSERT INTO "OpportunityContactRole" VALUES(171,'Household Member','false','44','81');
INSERT INTO "OpportunityContactRole" VALUES(172,'Household Member','false','44','82');
INSERT INTO "OpportunityContactRole" VALUES(173,'Influencer','false','44','204');
INSERT INTO "OpportunityContactRole" VALUES(174,'Soft Credit','false','44','94');
INSERT INTO "OpportunityContactRole" VALUES(175,'Household Member','false','44','73');
INSERT INTO "OpportunityContactRole" VALUES(176,'Household Member','false','44','74');
INSERT INTO "OpportunityContactRole" VALUES(177,'Household Member','false','44','75');
INSERT INTO "OpportunityContactRole" VALUES(178,'Household Member','false','44','76');
INSERT INTO "OpportunityContactRole" VALUES(179,'Household Member','false','44','77');
INSERT INTO "OpportunityContactRole" VALUES(180,'Household Member','false','44','78');
INSERT INTO "OpportunityContactRole" VALUES(181,'Household Member','false','44','79');
INSERT INTO "OpportunityContactRole" VALUES(182,'Household Member','false','44','80');
INSERT INTO "OpportunityContactRole" VALUES(183,'Household Member','false','45','81');
INSERT INTO "OpportunityContactRole" VALUES(184,'Household Member','false','45','82');
INSERT INTO "OpportunityContactRole" VALUES(185,'Influencer','false','45','124');
INSERT INTO "OpportunityContactRole" VALUES(186,'Soft Credit','false','45','94');
INSERT INTO "OpportunityContactRole" VALUES(187,'Household Member','false','45','73');
INSERT INTO "OpportunityContactRole" VALUES(188,'Household Member','false','45','74');
INSERT INTO "OpportunityContactRole" VALUES(189,'Household Member','false','45','75');
INSERT INTO "OpportunityContactRole" VALUES(190,'Household Member','false','45','76');
INSERT INTO "OpportunityContactRole" VALUES(191,'Household Member','false','45','77');
INSERT INTO "OpportunityContactRole" VALUES(192,'Household Member','false','45','78');
INSERT INTO "OpportunityContactRole" VALUES(193,'Household Member','false','45','79');
INSERT INTO "OpportunityContactRole" VALUES(194,'Household Member','false','45','80');
INSERT INTO "OpportunityContactRole" VALUES(195,'Household Member','false','46','81');
INSERT INTO "OpportunityContactRole" VALUES(196,'Household Member','false','46','82');
INSERT INTO "OpportunityContactRole" VALUES(197,'Influencer','false','46','149');
INSERT INTO "OpportunityContactRole" VALUES(198,'Soft Credit','false','46','94');
INSERT INTO "OpportunityContactRole" VALUES(199,'Household Member','false','46','73');
INSERT INTO "OpportunityContactRole" VALUES(200,'Household Member','false','46','74');
INSERT INTO "OpportunityContactRole" VALUES(201,'Household Member','false','46','75');
INSERT INTO "OpportunityContactRole" VALUES(202,'Household Member','false','46','76');
INSERT INTO "OpportunityContactRole" VALUES(203,'Household Member','false','46','77');
INSERT INTO "OpportunityContactRole" VALUES(204,'Household Member','false','46','78');
INSERT INTO "OpportunityContactRole" VALUES(205,'Household Member','false','46','79');
INSERT INTO "OpportunityContactRole" VALUES(206,'Household Member','false','46','80');
INSERT INTO "OpportunityContactRole" VALUES(207,'Household Member','false','47','81');
INSERT INTO "OpportunityContactRole" VALUES(208,'Household Member','false','47','82');
INSERT INTO "OpportunityContactRole" VALUES(209,'Influencer','false','47','149');
INSERT INTO "OpportunityContactRole" VALUES(210,'Soft Credit','false','47','94');
INSERT INTO "OpportunityContactRole" VALUES(211,'Household Member','false','47','73');
INSERT INTO "OpportunityContactRole" VALUES(212,'Household Member','false','47','74');
INSERT INTO "OpportunityContactRole" VALUES(213,'Household Member','false','47','75');
INSERT INTO "OpportunityContactRole" VALUES(214,'Household Member','false','47','76');
INSERT INTO "OpportunityContactRole" VALUES(215,'Household Member','false','47','77');
INSERT INTO "OpportunityContactRole" VALUES(216,'Household Member','false','47','78');
INSERT INTO "OpportunityContactRole" VALUES(217,'Household Member','false','47','79');
INSERT INTO "OpportunityContactRole" VALUES(218,'Household Member','false','47','80');
INSERT INTO "OpportunityContactRole" VALUES(219,'Influencer','false','57','208');
INSERT INTO "OpportunityContactRole" VALUES(220,'Soft Credit','false','57','94');
INSERT INTO "OpportunityContactRole" VALUES(221,'Household Member','false','48','81');
INSERT INTO "OpportunityContactRole" VALUES(222,'Household Member','false','48','82');
INSERT INTO "OpportunityContactRole" VALUES(223,'Influencer','false','48','19');
INSERT INTO "OpportunityContactRole" VALUES(224,'Soft Credit','false','48','94');
INSERT INTO "OpportunityContactRole" VALUES(225,'Household Member','false','48','73');
INSERT INTO "OpportunityContactRole" VALUES(226,'Household Member','false','48','74');
INSERT INTO "OpportunityContactRole" VALUES(227,'Household Member','false','48','75');
INSERT INTO "OpportunityContactRole" VALUES(228,'Household Member','false','48','76');
INSERT INTO "OpportunityContactRole" VALUES(229,'Household Member','false','48','77');
INSERT INTO "OpportunityContactRole" VALUES(230,'Household Member','false','48','78');
INSERT INTO "OpportunityContactRole" VALUES(231,'Household Member','false','48','79');
INSERT INTO "OpportunityContactRole" VALUES(232,'Household Member','false','48','80');
INSERT INTO "OpportunityContactRole" VALUES(233,'Influencer','false','22','13');
INSERT INTO "OpportunityContactRole" VALUES(234,'Soft Credit','false','22','94');
INSERT INTO "OpportunityContactRole" VALUES(235,'Influencer','false','23','149');
INSERT INTO "OpportunityContactRole" VALUES(236,'Soft Credit','false','23','94');
INSERT INTO "OpportunityContactRole" VALUES(237,'Soft Credit','false','24','94');
INSERT INTO "OpportunityContactRole" VALUES(238,'Household Member','false','49','81');
INSERT INTO "OpportunityContactRole" VALUES(239,'Household Member','false','49','82');
INSERT INTO "OpportunityContactRole" VALUES(240,'Influencer','false','49','19');
INSERT INTO "OpportunityContactRole" VALUES(241,'Soft Credit','false','49','94');
INSERT INTO "OpportunityContactRole" VALUES(242,'Household Member','false','49','73');
INSERT INTO "OpportunityContactRole" VALUES(243,'Household Member','false','49','74');
INSERT INTO "OpportunityContactRole" VALUES(244,'Household Member','false','49','75');
INSERT INTO "OpportunityContactRole" VALUES(245,'Household Member','false','49','76');
INSERT INTO "OpportunityContactRole" VALUES(246,'Household Member','false','49','77');
INSERT INTO "OpportunityContactRole" VALUES(247,'Household Member','false','49','78');
INSERT INTO "OpportunityContactRole" VALUES(248,'Household Member','false','49','79');
INSERT INTO "OpportunityContactRole" VALUES(249,'Household Member','false','49','80');
INSERT INTO "OpportunityContactRole" VALUES(250,'Household Member','false','50','81');
INSERT INTO "OpportunityContactRole" VALUES(251,'Household Member','false','50','82');
INSERT INTO "OpportunityContactRole" VALUES(252,'Influencer','false','50','19');
INSERT INTO "OpportunityContactRole" VALUES(253,'Soft Credit','false','50','94');
INSERT INTO "OpportunityContactRole" VALUES(254,'Household Member','false','50','73');
INSERT INTO "OpportunityContactRole" VALUES(255,'Household Member','false','50','74');
INSERT INTO "OpportunityContactRole" VALUES(256,'Household Member','false','50','75');
INSERT INTO "OpportunityContactRole" VALUES(257,'Household Member','false','50','76');
INSERT INTO "OpportunityContactRole" VALUES(258,'Household Member','false','50','77');
INSERT INTO "OpportunityContactRole" VALUES(259,'Household Member','false','50','78');
INSERT INTO "OpportunityContactRole" VALUES(260,'Household Member','false','50','79');
INSERT INTO "OpportunityContactRole" VALUES(261,'Household Member','false','50','80');
INSERT INTO "OpportunityContactRole" VALUES(262,'Household Member','false','51','81');
INSERT INTO "OpportunityContactRole" VALUES(263,'Household Member','false','51','82');
INSERT INTO "OpportunityContactRole" VALUES(264,'Influencer','false','51','19');
INSERT INTO "OpportunityContactRole" VALUES(265,'Soft Credit','false','51','94');
INSERT INTO "OpportunityContactRole" VALUES(266,'Household Member','false','51','73');
INSERT INTO "OpportunityContactRole" VALUES(267,'Household Member','false','51','74');
INSERT INTO "OpportunityContactRole" VALUES(268,'Household Member','false','51','75');
INSERT INTO "OpportunityContactRole" VALUES(269,'Household Member','false','51','76');
INSERT INTO "OpportunityContactRole" VALUES(270,'Household Member','false','51','77');
INSERT INTO "OpportunityContactRole" VALUES(271,'Household Member','false','51','78');
INSERT INTO "OpportunityContactRole" VALUES(272,'Household Member','false','51','79');
INSERT INTO "OpportunityContactRole" VALUES(273,'Household Member','false','51','80');
INSERT INTO "OpportunityContactRole" VALUES(274,'Soft Credit','false','52','94');
INSERT INTO "OpportunityContactRole" VALUES(275,'Influencer','false','53','123');
INSERT INTO "OpportunityContactRole" VALUES(276,'Soft Credit','false','53','94');
INSERT INTO "OpportunityContactRole" VALUES(277,'Influencer','false','54','208');
INSERT INTO "OpportunityContactRole" VALUES(278,'Soft Credit','false','54','94');
INSERT INTO "OpportunityContactRole" VALUES(279,'Donor','true','66','128');
INSERT INTO "OpportunityContactRole" VALUES(280,'Donor','true','66','129');
INSERT INTO "OpportunityContactRole" VALUES(281,'Donor','true','66','130');
INSERT INTO "OpportunityContactRole" VALUES(282,'Donor','true','66','131');
INSERT INTO "OpportunityContactRole" VALUES(283,'Donor','true','66','132');
INSERT INTO "OpportunityContactRole" VALUES(284,'Donor','true','66','133');
INSERT INTO "OpportunityContactRole" VALUES(285,'Donor','true','66','134');
INSERT INTO "OpportunityContactRole" VALUES(286,'Influencer','false','66','204');
INSERT INTO "OpportunityContactRole" VALUES(287,'Donor','true','66','135');
INSERT INTO "OpportunityContactRole" VALUES(288,'Donor','true','66','136');
INSERT INTO "OpportunityContactRole" VALUES(289,'Donor','true','66','137');
INSERT INTO "OpportunityContactRole" VALUES(290,'Donor','true','66','138');
INSERT INTO "OpportunityContactRole" VALUES(291,'Donor','true','66','139');
INSERT INTO "OpportunityContactRole" VALUES(292,'Donor','true','66','140');
INSERT INTO "OpportunityContactRole" VALUES(293,'Donor','true','66','141');
INSERT INTO "OpportunityContactRole" VALUES(294,'Donor','true','66','142');
INSERT INTO "OpportunityContactRole" VALUES(295,'Donor','true','66','143');
INSERT INTO "OpportunityContactRole" VALUES(296,'Donor','true','66','144');
INSERT INTO "OpportunityContactRole" VALUES(297,'Donor','true','66','145');
INSERT INTO "OpportunityContactRole" VALUES(298,'Donor','true','66','146');
INSERT INTO "OpportunityContactRole" VALUES(299,'Donor','true','66','147');
INSERT INTO "OpportunityContactRole" VALUES(300,'Donor','true','66','148');
INSERT INTO "OpportunityContactRole" VALUES(301,'Donor','true','66','149');
INSERT INTO "OpportunityContactRole" VALUES(302,'Donor','true','66','150');
INSERT INTO "OpportunityContactRole" VALUES(303,'Donor','true','66','151');
INSERT INTO "OpportunityContactRole" VALUES(304,'Donor','true','66','152');
INSERT INTO "OpportunityContactRole" VALUES(305,'Donor','true','66','153');
INSERT INTO "OpportunityContactRole" VALUES(306,'Donor','true','66','154');
INSERT INTO "OpportunityContactRole" VALUES(307,'Donor','true','66','155');
INSERT INTO "OpportunityContactRole" VALUES(308,'Donor','true','66','156');
INSERT INTO "OpportunityContactRole" VALUES(309,'Donor','true','66','157');
INSERT INTO "OpportunityContactRole" VALUES(310,'Donor','true','66','158');
INSERT INTO "OpportunityContactRole" VALUES(311,'Donor','true','66','159');
INSERT INTO "OpportunityContactRole" VALUES(312,'Donor','true','66','160');
INSERT INTO "OpportunityContactRole" VALUES(313,'Donor','true','66','161');
INSERT INTO "OpportunityContactRole" VALUES(314,'Donor','true','66','162');
INSERT INTO "OpportunityContactRole" VALUES(315,'Donor','true','66','163');
INSERT INTO "OpportunityContactRole" VALUES(316,'Donor','true','66','164');
INSERT INTO "OpportunityContactRole" VALUES(317,'Donor','true','66','165');
INSERT INTO "OpportunityContactRole" VALUES(318,'Donor','true','66','166');
INSERT INTO "OpportunityContactRole" VALUES(319,'Donor','true','66','167');
INSERT INTO "OpportunityContactRole" VALUES(320,'Donor','true','66','168');
INSERT INTO "OpportunityContactRole" VALUES(321,'Donor','true','66','169');
INSERT INTO "OpportunityContactRole" VALUES(322,'Donor','true','66','194');
INSERT INTO "OpportunityContactRole" VALUES(323,'Donor','true','66','195');
INSERT INTO "OpportunityContactRole" VALUES(324,'Donor','true','66','196');
INSERT INTO "OpportunityContactRole" VALUES(325,'Donor','true','66','170');
INSERT INTO "OpportunityContactRole" VALUES(326,'Donor','true','66','171');
INSERT INTO "OpportunityContactRole" VALUES(327,'Donor','true','66','172');
INSERT INTO "OpportunityContactRole" VALUES(328,'Donor','true','66','173');
INSERT INTO "OpportunityContactRole" VALUES(329,'Donor','true','66','174');
INSERT INTO "OpportunityContactRole" VALUES(330,'Donor','true','66','175');
INSERT INTO "OpportunityContactRole" VALUES(331,'Donor','true','66','176');
INSERT INTO "OpportunityContactRole" VALUES(332,'Donor','true','66','177');
INSERT INTO "OpportunityContactRole" VALUES(333,'Donor','true','66','178');
INSERT INTO "OpportunityContactRole" VALUES(334,'Donor','true','66','179');
INSERT INTO "OpportunityContactRole" VALUES(335,'Donor','true','66','180');
INSERT INTO "OpportunityContactRole" VALUES(336,'Donor','true','66','181');
INSERT INTO "OpportunityContactRole" VALUES(337,'Donor','true','66','182');
INSERT INTO "OpportunityContactRole" VALUES(338,'Donor','true','66','183');
INSERT INTO "OpportunityContactRole" VALUES(339,'Donor','true','66','184');
INSERT INTO "OpportunityContactRole" VALUES(340,'Donor','true','66','185');
INSERT INTO "OpportunityContactRole" VALUES(341,'Donor','true','66','186');
INSERT INTO "OpportunityContactRole" VALUES(342,'Donor','true','66','187');
INSERT INTO "OpportunityContactRole" VALUES(343,'Donor','true','66','188');
INSERT INTO "OpportunityContactRole" VALUES(344,'Donor','true','66','189');
INSERT INTO "OpportunityContactRole" VALUES(345,'Donor','true','66','190');
INSERT INTO "OpportunityContactRole" VALUES(346,'Donor','true','66','191');
INSERT INTO "OpportunityContactRole" VALUES(347,'Donor','true','66','192');
INSERT INTO "OpportunityContactRole" VALUES(348,'Donor','true','66','193');
INSERT INTO "OpportunityContactRole" VALUES(349,'Donor','true','66','197');
INSERT INTO "OpportunityContactRole" VALUES(350,'Donor','true','66','198');
INSERT INTO "OpportunityContactRole" VALUES(351,'Donor','true','66','199');
INSERT INTO "OpportunityContactRole" VALUES(352,'Donor','true','66','200');
INSERT INTO "OpportunityContactRole" VALUES(353,'Donor','true','66','103');
INSERT INTO "OpportunityContactRole" VALUES(354,'Donor','true','66','104');
INSERT INTO "OpportunityContactRole" VALUES(355,'Donor','true','66','105');
INSERT INTO "OpportunityContactRole" VALUES(356,'Donor','true','66','106');
INSERT INTO "OpportunityContactRole" VALUES(357,'Donor','true','66','107');
INSERT INTO "OpportunityContactRole" VALUES(358,'Donor','true','66','108');
INSERT INTO "OpportunityContactRole" VALUES(359,'Donor','true','66','109');
INSERT INTO "OpportunityContactRole" VALUES(360,'Donor','true','66','110');
INSERT INTO "OpportunityContactRole" VALUES(361,'Donor','true','66','111');
INSERT INTO "OpportunityContactRole" VALUES(362,'Donor','true','66','112');
INSERT INTO "OpportunityContactRole" VALUES(363,'Donor','true','66','113');
INSERT INTO "OpportunityContactRole" VALUES(364,'Donor','true','66','114');
INSERT INTO "OpportunityContactRole" VALUES(365,'Donor','true','66','115');
INSERT INTO "OpportunityContactRole" VALUES(366,'Donor','true','66','116');
INSERT INTO "OpportunityContactRole" VALUES(367,'Donor','true','66','117');
INSERT INTO "OpportunityContactRole" VALUES(368,'Donor','true','66','118');
INSERT INTO "OpportunityContactRole" VALUES(369,'Donor','true','66','119');
INSERT INTO "OpportunityContactRole" VALUES(370,'Donor','true','66','68');
INSERT INTO "OpportunityContactRole" VALUES(371,'Donor','true','66','69');
INSERT INTO "OpportunityContactRole" VALUES(372,'Donor','true','66','120');
INSERT INTO "OpportunityContactRole" VALUES(373,'Donor','true','66','121');
INSERT INTO "OpportunityContactRole" VALUES(374,'Donor','true','66','122');
INSERT INTO "OpportunityContactRole" VALUES(375,'Donor','true','66','123');
INSERT INTO "OpportunityContactRole" VALUES(376,'Donor','true','66','124');
INSERT INTO "OpportunityContactRole" VALUES(377,'Donor','true','66','125');
INSERT INTO "OpportunityContactRole" VALUES(378,'Donor','true','66','126');
INSERT INTO "OpportunityContactRole" VALUES(379,'Donor','true','66','127');
INSERT INTO "OpportunityContactRole" VALUES(380,'Soft Credit','false','66','94');
INSERT INTO "OpportunityContactRole" VALUES(381,'Influencer','false','55','208');
INSERT INTO "OpportunityContactRole" VALUES(382,'Soft Credit','false','55','94');
INSERT INTO "OpportunityContactRole" VALUES(383,'Influencer','false','56','199');
INSERT INTO "OpportunityContactRole" VALUES(384,'Soft Credit','false','56','94');
INSERT INTO "OpportunityContactRole" VALUES(385,'Influencer','false','96','199');
INSERT INTO "OpportunityContactRole" VALUES(386,'Soft Credit','false','96','94');
INSERT INTO "OpportunityContactRole" VALUES(387,'Donor','true','97','83');
INSERT INTO "OpportunityContactRole" VALUES(388,'Donor','true','97','87');
INSERT INTO "OpportunityContactRole" VALUES(389,'Donor','true','97','88');
INSERT INTO "OpportunityContactRole" VALUES(390,'Donor','true','97','89');
INSERT INTO "OpportunityContactRole" VALUES(391,'Donor','true','97','90');
INSERT INTO "OpportunityContactRole" VALUES(392,'Donor','true','97','91');
INSERT INTO "OpportunityContactRole" VALUES(393,'Donor','true','97','92');
INSERT INTO "OpportunityContactRole" VALUES(394,'Influencer','false','97','19');
INSERT INTO "OpportunityContactRole" VALUES(395,'Donor','true','97','84');
INSERT INTO "OpportunityContactRole" VALUES(396,'Donor','true','97','85');
INSERT INTO "OpportunityContactRole" VALUES(397,'Donor','true','97','86');
INSERT INTO "OpportunityContactRole" VALUES(398,'Soft Credit','false','97','94');
INSERT INTO "OpportunityContactRole" VALUES(399,'Donor','true','58','98');
INSERT INTO "OpportunityContactRole" VALUES(400,'Donor','true','58','99');
INSERT INTO "OpportunityContactRole" VALUES(401,'Influencer','false','58','13');
INSERT INTO "OpportunityContactRole" VALUES(402,'Donor','true','58','100');
INSERT INTO "OpportunityContactRole" VALUES(403,'Donor','true','58','101');
INSERT INTO "OpportunityContactRole" VALUES(404,'Donor','true','58','102');
INSERT INTO "OpportunityContactRole" VALUES(405,'Donor','true','58','93');
INSERT INTO "OpportunityContactRole" VALUES(406,'Donor','true','58','94');
INSERT INTO "OpportunityContactRole" VALUES(407,'Donor','true','58','95');
INSERT INTO "OpportunityContactRole" VALUES(408,'Donor','true','58','96');
INSERT INTO "OpportunityContactRole" VALUES(409,'Donor','true','58','97');
INSERT INTO "OpportunityContactRole" VALUES(410,'Influencer','false','59','19');
INSERT INTO "OpportunityContactRole" VALUES(411,'Soft Credit','false','59','94');
INSERT INTO "OpportunityContactRole" VALUES(412,'Influencer','false','60','124');
INSERT INTO "OpportunityContactRole" VALUES(413,'Soft Credit','false','60','94');
INSERT INTO "OpportunityContactRole" VALUES(414,'Influencer','false','61','123');
INSERT INTO "OpportunityContactRole" VALUES(415,'Soft Credit','false','61','94');
INSERT INTO "OpportunityContactRole" VALUES(416,'Soft Credit','false','62','94');
INSERT INTO "OpportunityContactRole" VALUES(417,'Influencer','false','67','164');
INSERT INTO "OpportunityContactRole" VALUES(418,'Soft Credit','false','67','94');
INSERT INTO "OpportunityContactRole" VALUES(419,'Soft Credit','false','77','94');
INSERT INTO "OpportunityContactRole" VALUES(420,'Influencer','false','68','123');
INSERT INTO "OpportunityContactRole" VALUES(421,'Soft Credit','false','68','94');
INSERT INTO "OpportunityContactRole" VALUES(422,'Influencer','false','69','19');
INSERT INTO "OpportunityContactRole" VALUES(423,'Soft Credit','false','69','94');
INSERT INTO "OpportunityContactRole" VALUES(424,'Donor','true','70','201');
INSERT INTO "OpportunityContactRole" VALUES(425,'Donor','true','70','202');
INSERT INTO "OpportunityContactRole" VALUES(426,'Donor','true','70','203');
INSERT INTO "OpportunityContactRole" VALUES(427,'Donor','true','70','204');
INSERT INTO "OpportunityContactRole" VALUES(428,'Donor','true','70','205');
INSERT INTO "OpportunityContactRole" VALUES(429,'Donor','true','70','206');
INSERT INTO "OpportunityContactRole" VALUES(430,'Donor','true','70','207');
INSERT INTO "OpportunityContactRole" VALUES(431,'Donor','true','70','208');
INSERT INTO "OpportunityContactRole" VALUES(432,'Donor','true','70','209');
INSERT INTO "OpportunityContactRole" VALUES(433,'Donor','true','70','210');
INSERT INTO "OpportunityContactRole" VALUES(434,'Influencer','false','70','149');
INSERT INTO "OpportunityContactRole" VALUES(435,'Soft Credit','false','70','94');
INSERT INTO "OpportunityContactRole" VALUES(436,'Soft Credit','false','71','94');
INSERT INTO "OpportunityContactRole" VALUES(437,'Influencer','false','72','123');
INSERT INTO "OpportunityContactRole" VALUES(438,'Soft Credit','false','72','94');
INSERT INTO "OpportunityContactRole" VALUES(439,'Influencer','false','73','204');
INSERT INTO "OpportunityContactRole" VALUES(440,'Soft Credit','false','73','94');
INSERT INTO "OpportunityContactRole" VALUES(441,'Influencer','false','74','208');
INSERT INTO "OpportunityContactRole" VALUES(442,'Soft Credit','false','74','94');
INSERT INTO "OpportunityContactRole" VALUES(443,'Influencer','false','75','204');
INSERT INTO "OpportunityContactRole" VALUES(444,'Soft Credit','false','75','94');
INSERT INTO "OpportunityContactRole" VALUES(445,'Influencer','false','76','124');
INSERT INTO "OpportunityContactRole" VALUES(446,'Soft Credit','false','76','94');
INSERT INTO "OpportunityContactRole" VALUES(447,'Influencer','false','78','199');
INSERT INTO "OpportunityContactRole" VALUES(448,'Soft Credit','false','78','94');
INSERT INTO "OpportunityContactRole" VALUES(449,'Influencer','false','88','204');
INSERT INTO "OpportunityContactRole" VALUES(450,'Soft Credit','false','88','94');
INSERT INTO "OpportunityContactRole" VALUES(451,'Influencer','false','79','13');
INSERT INTO "OpportunityContactRole" VALUES(452,'Soft Credit','false','79','94');
INSERT INTO "OpportunityContactRole" VALUES(453,'Influencer','false','80','208');
INSERT INTO "OpportunityContactRole" VALUES(454,'Soft Credit','false','80','94');
INSERT INTO "OpportunityContactRole" VALUES(455,'Influencer','false','81','149');
INSERT INTO "OpportunityContactRole" VALUES(456,'Soft Credit','false','81','94');
INSERT INTO "OpportunityContactRole" VALUES(457,'Influencer','false','82','199');
INSERT INTO "OpportunityContactRole" VALUES(458,'Soft Credit','false','82','94');
INSERT INTO "OpportunityContactRole" VALUES(459,'Influencer','false','83','199');
INSERT INTO "OpportunityContactRole" VALUES(460,'Soft Credit','false','83','94');
INSERT INTO "OpportunityContactRole" VALUES(461,'Influencer','false','84','124');
INSERT INTO "OpportunityContactRole" VALUES(462,'Soft Credit','false','84','94');
INSERT INTO "OpportunityContactRole" VALUES(463,'Influencer','false','85','164');
INSERT INTO "OpportunityContactRole" VALUES(464,'Soft Credit','false','85','94');
INSERT INTO "OpportunityContactRole" VALUES(465,'Influencer','false','86','199');
INSERT INTO "OpportunityContactRole" VALUES(466,'Soft Credit','false','86','94');
INSERT INTO "OpportunityContactRole" VALUES(467,'Influencer','false','87','19');
INSERT INTO "OpportunityContactRole" VALUES(468,'Soft Credit','false','87','94');
INSERT INTO "OpportunityContactRole" VALUES(469,'Influencer','false','90','13');
INSERT INTO "OpportunityContactRole" VALUES(470,'Soft Credit','false','90','94');
INSERT INTO "OpportunityContactRole" VALUES(471,'Influencer','false','89','204');
INSERT INTO "OpportunityContactRole" VALUES(472,'Soft Credit','false','89','94');
INSERT INTO "OpportunityContactRole" VALUES(473,'Influencer','false','91','124');
INSERT INTO "OpportunityContactRole" VALUES(474,'Soft Credit','false','91','94');
INSERT INTO "OpportunityContactRole" VALUES(475,'Soft Credit','false','63','94');
INSERT INTO "OpportunityContactRole" VALUES(476,'Influencer','false','64','208');
INSERT INTO "OpportunityContactRole" VALUES(477,'Soft Credit','false','64','94');
INSERT INTO "OpportunityContactRole" VALUES(478,'Influencer','false','65','208');
INSERT INTO "OpportunityContactRole" VALUES(479,'Soft Credit','false','65','94');
INSERT INTO "OpportunityContactRole" VALUES(480,'Influencer','false','92','208');
INSERT INTO "OpportunityContactRole" VALUES(481,'Soft Credit','false','92','94');
INSERT INTO "OpportunityContactRole" VALUES(482,'Influencer','false','93','149');
INSERT INTO "OpportunityContactRole" VALUES(483,'Soft Credit','false','93','94');
INSERT INTO "OpportunityContactRole" VALUES(484,'Influencer','false','94','199');
INSERT INTO "OpportunityContactRole" VALUES(485,'Soft Credit','false','94','94');
INSERT INTO "OpportunityContactRole" VALUES(486,'Influencer','false','95','199');
INSERT INTO "OpportunityContactRole" VALUES(487,'Soft Credit','false','95','94');
INSERT INTO "OpportunityContactRole" VALUES(488,'Influencer','false','98','123');
INSERT INTO "OpportunityContactRole" VALUES(489,'Soft Credit','false','98','94');
INSERT INTO "OpportunityContactRole" VALUES(490,'Influencer','false','99','13');
INSERT INTO "OpportunityContactRole" VALUES(491,'Soft Credit','false','99','94');
CREATE TABLE "Partial_Soft_Credit__c" (
	id INTEGER NOT NULL,
	"Role_Name__c" VARCHAR(255),
	"Amount__c" VARCHAR(255),
	contact__c VARCHAR(255),
	opportunity__c VARCHAR(255),
	PRIMARY KEY (id)
);
INSERT INTO "Partial_Soft_Credit__c" VALUES(1,'Soft Credit','1.0','45','94');
INSERT INTO "Partial_Soft_Credit__c" VALUES(2,'Soft Credit','1.0','46','94');
INSERT INTO "Partial_Soft_Credit__c" VALUES(3,'Soft Credit','1.0','47','94');
INSERT INTO "Partial_Soft_Credit__c" VALUES(4,'Soft Credit','1.0','57','94');
INSERT INTO "Partial_Soft_Credit__c" VALUES(5,'Soft Credit','1.0','48','94');
INSERT INTO "Partial_Soft_Credit__c" VALUES(6,'Soft Credit','1.0','22','94');
INSERT INTO "Partial_Soft_Credit__c" VALUES(7,'Soft Credit','1.0','23','94');
INSERT INTO "Partial_Soft_Credit__c" VALUES(8,'Soft Credit','1.0','24','94');
INSERT INTO "Partial_Soft_Credit__c" VALUES(9,'Soft Credit','1.0','49','94');
INSERT INTO "Partial_Soft_Credit__c" VALUES(10,'Soft Credit','1.0','50','94');
INSERT INTO "Partial_Soft_Credit__c" VALUES(11,'Soft Credit','1.0','51','94');
INSERT INTO "Partial_Soft_Credit__c" VALUES(12,'Soft Credit','1.0','52','94');
INSERT INTO "Partial_Soft_Credit__c" VALUES(13,'Soft Credit','1.0','53','94');
INSERT INTO "Partial_Soft_Credit__c" VALUES(14,'Soft Credit','1.0','54','94');
INSERT INTO "Partial_Soft_Credit__c" VALUES(15,'Soft Credit','1.0','66','94');
INSERT INTO "Partial_Soft_Credit__c" VALUES(16,'Soft Credit','1.0','55','94');
INSERT INTO "Partial_Soft_Credit__c" VALUES(17,'Soft Credit','1.0','56','94');
INSERT INTO "Partial_Soft_Credit__c" VALUES(18,'Soft Credit','1.0','96','94');
INSERT INTO "Partial_Soft_Credit__c" VALUES(19,'Soft Credit','1.0','97','94');
INSERT INTO "Partial_Soft_Credit__c" VALUES(20,'Soft Credit','1.0','58','94');
INSERT INTO "Partial_Soft_Credit__c" VALUES(21,'Soft Credit','1.0','59','94');
INSERT INTO "Partial_Soft_Credit__c" VALUES(22,'Soft Credit','1.0','60','94');
INSERT INTO "Partial_Soft_Credit__c" VALUES(23,'Soft Credit','1.0','61','94');
INSERT INTO "Partial_Soft_Credit__c" VALUES(24,'Soft Credit','1.0','62','94');
INSERT INTO "Partial_Soft_Credit__c" VALUES(25,'Soft Credit','1.0','67','94');
INSERT INTO "Partial_Soft_Credit__c" VALUES(26,'Soft Credit','1.0','77','94');
INSERT INTO "Partial_Soft_Credit__c" VALUES(27,'Soft Credit','1.0','68','94');
INSERT INTO "Partial_Soft_Credit__c" VALUES(28,'Soft Credit','1.0','69','94');
INSERT INTO "Partial_Soft_Credit__c" VALUES(29,'Soft Credit','1.0','70','94');
INSERT INTO "Partial_Soft_Credit__c" VALUES(30,'Soft Credit','1.0','71','94');
INSERT INTO "Partial_Soft_Credit__c" VALUES(31,'Soft Credit','1.0','72','94');
INSERT INTO "Partial_Soft_Credit__c" VALUES(32,'Soft Credit','1.0','73','94');
INSERT INTO "Partial_Soft_Credit__c" VALUES(33,'Soft Credit','1.0','74','94');
INSERT INTO "Partial_Soft_Credit__c" VALUES(34,'Soft Credit','1.0','75','94');
INSERT INTO "Partial_Soft_Credit__c" VALUES(35,'Soft Credit','1.0','76','94');
INSERT INTO "Partial_Soft_Credit__c" VALUES(36,'Soft Credit','1.0','78','94');
INSERT INTO "Partial_Soft_Credit__c" VALUES(37,'Soft Credit','1.0','88','94');
INSERT INTO "Partial_Soft_Credit__c" VALUES(38,'Soft Credit','1.0','79','94');
INSERT INTO "Partial_Soft_Credit__c" VALUES(39,'Soft Credit','1.0','80','94');
INSERT INTO "Partial_Soft_Credit__c" VALUES(40,'Soft Credit','1.0','81','94');
INSERT INTO "Partial_Soft_Credit__c" VALUES(41,'Soft Credit','1.0','82','94');
INSERT INTO "Partial_Soft_Credit__c" VALUES(42,'Soft Credit','1.0','83','94');
INSERT INTO "Partial_Soft_Credit__c" VALUES(43,'Soft Credit','1.0','84','94');
INSERT INTO "Partial_Soft_Credit__c" VALUES(44,'Soft Credit','1.0','85','94');
INSERT INTO "Partial_Soft_Credit__c" VALUES(45,'Soft Credit','1.0','86','94');
INSERT INTO "Partial_Soft_Credit__c" VALUES(46,'Soft Credit','1.0','87','94');
INSERT INTO "Partial_Soft_Credit__c" VALUES(47,'Soft Credit','1.0','90','94');
INSERT INTO "Partial_Soft_Credit__c" VALUES(48,'Soft Credit','1.0','89','94');
INSERT INTO "Partial_Soft_Credit__c" VALUES(49,'Soft Credit','1.0','91','94');
INSERT INTO "Partial_Soft_Credit__c" VALUES(50,'Soft Credit','1.0','63','94');
INSERT INTO "Partial_Soft_Credit__c" VALUES(51,'Soft Credit','1.0','64','94');
INSERT INTO "Partial_Soft_Credit__c" VALUES(52,'Soft Credit','1.0','65','94');
INSERT INTO "Partial_Soft_Credit__c" VALUES(53,'Soft Credit','1.0','92','94');
INSERT INTO "Partial_Soft_Credit__c" VALUES(54,'Soft Credit','1.0','93','94');
INSERT INTO "Partial_Soft_Credit__c" VALUES(55,'Soft Credit','1.0','94','94');
INSERT INTO "Partial_Soft_Credit__c" VALUES(56,'Soft Credit','1.0','95','94');
INSERT INTO "Partial_Soft_Credit__c" VALUES(57,'Soft Credit','1.0','98','94');
INSERT INTO "Partial_Soft_Credit__c" VALUES(58,'Soft Credit','1.0','99','94');
INSERT INTO "Partial_Soft_Credit__c" VALUES(59,'Soft Credit','1.0','1','94');
INSERT INTO "Partial_Soft_Credit__c" VALUES(60,'Soft Credit','1.0','100','94');
INSERT INTO "Partial_Soft_Credit__c" VALUES(61,'Soft Credit','1.0','5','94');
INSERT INTO "Partial_Soft_Credit__c" VALUES(62,'Soft Credit','1.0','2','94');
INSERT INTO "Partial_Soft_Credit__c" VALUES(63,'Soft Credit','1.0','3','94');
INSERT INTO "Partial_Soft_Credit__c" VALUES(64,'Soft Credit','1.0','6','94');
INSERT INTO "Partial_Soft_Credit__c" VALUES(65,'Soft Credit','1.0','7','94');
INSERT INTO "Partial_Soft_Credit__c" VALUES(66,'Soft Credit','1.0','8','94');
INSERT INTO "Partial_Soft_Credit__c" VALUES(67,'Soft Credit','1.0','9','94');
INSERT INTO "Partial_Soft_Credit__c" VALUES(68,'Soft Credit','1.0','10','94');
INSERT INTO "Partial_Soft_Credit__c" VALUES(69,'Soft Credit','1.0','11','94');
INSERT INTO "Partial_Soft_Credit__c" VALUES(70,'Soft Credit','1.0','14','94');
INSERT INTO "Partial_Soft_Credit__c" VALUES(71,'Soft Credit','1.0','12','94');
INSERT INTO "Partial_Soft_Credit__c" VALUES(72,'Soft Credit','1.0','13','94');
INSERT INTO "Partial_Soft_Credit__c" VALUES(73,'Soft Credit','1.0','15','94');
INSERT INTO "Partial_Soft_Credit__c" VALUES(74,'Soft Credit','1.0','16','94');
INSERT INTO "Partial_Soft_Credit__c" VALUES(75,'Soft Credit','1.0','17','94');
INSERT INTO "Partial_Soft_Credit__c" VALUES(76,'Soft Credit','1.0','18','94');
INSERT INTO "Partial_Soft_Credit__c" VALUES(77,'Soft Credit','1.0','19','94');
INSERT INTO "Partial_Soft_Credit__c" VALUES(78,'Soft Credit','1.0','20','94');
INSERT INTO "Partial_Soft_Credit__c" VALUES(79,'Soft Credit','1.0','21','94');
INSERT INTO "Partial_Soft_Credit__c" VALUES(80,'Soft Credit','1.0','26','94');
INSERT INTO "Partial_Soft_Credit__c" VALUES(81,'Soft Credit','1.0','25','94');
INSERT INTO "Partial_Soft_Credit__c" VALUES(82,'Soft Credit','1.0','4','94');
INSERT INTO "Partial_Soft_Credit__c" VALUES(83,'Soft Credit','1.0','27','94');
INSERT INTO "Partial_Soft_Credit__c" VALUES(84,'Soft Credit','1.0','28','94');
INSERT INTO "Partial_Soft_Credit__c" VALUES(85,'Soft Credit','1.0','29','94');
INSERT INTO "Partial_Soft_Credit__c" VALUES(86,'Soft Credit','1.0','30','94');
INSERT INTO "Partial_Soft_Credit__c" VALUES(87,'Soft Credit','1.0','31','94');
INSERT INTO "Partial_Soft_Credit__c" VALUES(88,'Soft Credit','1.0','32','94');
INSERT INTO "Partial_Soft_Credit__c" VALUES(89,'Soft Credit','1.0','33','94');
INSERT INTO "Partial_Soft_Credit__c" VALUES(90,'Soft Credit','1.0','34','94');
INSERT INTO "Partial_Soft_Credit__c" VALUES(91,'Soft Credit','1.0','35','94');
INSERT INTO "Partial_Soft_Credit__c" VALUES(92,'Soft Credit','1.0','36','94');
INSERT INTO "Partial_Soft_Credit__c" VALUES(93,'Soft Credit','1.0','37','94');
INSERT INTO "Partial_Soft_Credit__c" VALUES(94,'Soft Credit','1.0','38','94');
INSERT INTO "Partial_Soft_Credit__c" VALUES(95,'Soft Credit','1.0','39','94');
INSERT INTO "Partial_Soft_Credit__c" VALUES(96,'Soft Credit','1.0','40','94');
INSERT INTO "Partial_Soft_Credit__c" VALUES(97,'Soft Credit','1.0','41','94');
INSERT INTO "Partial_Soft_Credit__c" VALUES(98,'Soft Credit','1.0','42','94');
INSERT INTO "Partial_Soft_Credit__c" VALUES(99,'Soft Credit','1.0','43','94');
INSERT INTO "Partial_Soft_Credit__c" VALUES(100,'Soft Credit','1.0','44','94');
CREATE TABLE "npe01__OppPayment__c" (
	id INTEGER NOT NULL,
	"npe01__Payment_Amount__c" VARCHAR(255),
	"npe01__Payment_Date__c" VARCHAR(255),
	"npe01__Scheduled_Date__c" VARCHAR(255),
	"npe01__Paid__c" VARCHAR(255),
	"npe01__Written_Off__c" VARCHAR(255),
	npe01__opportunity__c VARCHAR(255),
	PRIMARY KEY (id)
);
INSERT INTO "npe01__OppPayment__c" VALUES(1,'75.0','','2020-01-15','false','false','211');
INSERT INTO "npe01__OppPayment__c" VALUES(2,'75.0','','2020-02-15','false','false','212');
INSERT INTO "npe01__OppPayment__c" VALUES(3,'75.0','','2020-03-15','false','false','213');
INSERT INTO "npe01__OppPayment__c" VALUES(4,'75.0','','2020-04-15','false','false','214');
INSERT INTO "npe01__OppPayment__c" VALUES(5,'75.0','','2020-05-15','false','false','219');
INSERT INTO "npe01__OppPayment__c" VALUES(6,'75.0','','2020-06-15','false','false','220');
INSERT INTO "npe01__OppPayment__c" VALUES(7,'75.0','','2020-07-15','false','false','221');
INSERT INTO "npe01__OppPayment__c" VALUES(8,'75.0','','2020-08-15','false','false','215');
INSERT INTO "npe01__OppPayment__c" VALUES(9,'75.0','','2020-09-15','false','false','216');
INSERT INTO "npe01__OppPayment__c" VALUES(10,'75.0','','2020-10-15','false','false','217');
INSERT INTO "npe01__OppPayment__c" VALUES(11,'75.0','','2020-11-15','false','false','218');
INSERT INTO "npe01__OppPayment__c" VALUES(12,'785.8','2014-11-04','','false','false','19');
INSERT INTO "npe01__OppPayment__c" VALUES(13,'785.8','2014-12-04','','false','false','19');
INSERT INTO "npe01__OppPayment__c" VALUES(14,'181.0','2016-12-04','','true','false','20');
INSERT INTO "npe01__OppPayment__c" VALUES(15,'3422.0','2017-01-31','','true','false','21');
INSERT INTO "npe01__OppPayment__c" VALUES(16,'2434.0','2016-11-02','','true','false','22');
INSERT INTO "npe01__OppPayment__c" VALUES(17,'3738.0','2017-08-02','','true','false','33');
INSERT INTO "npe01__OppPayment__c" VALUES(18,'6351.0','2017-12-29','','true','false','34');
INSERT INTO "npe01__OppPayment__c" VALUES(19,'2233.0','2017-05-18','','true','false','35');
INSERT INTO "npe01__OppPayment__c" VALUES(20,'546.0','2017-04-10','','true','false','101');
INSERT INTO "npe01__OppPayment__c" VALUES(21,'3361.0','2016-09-08','','true','false','36');
INSERT INTO "npe01__OppPayment__c" VALUES(22,'3124.0','2018-05-15','','true','false','37');
INSERT INTO "npe01__OppPayment__c" VALUES(23,'2909.0','2018-05-16','','true','false','38');
INSERT INTO "npe01__OppPayment__c" VALUES(24,'1824.0','2017-07-30','','true','false','39');
INSERT INTO "npe01__OppPayment__c" VALUES(25,'4670.0','2016-09-17','','true','false','40');
INSERT INTO "npe01__OppPayment__c" VALUES(26,'5400.0','2017-03-22','','true','false','41');
INSERT INTO "npe01__OppPayment__c" VALUES(27,'9404.0','2016-02-15','','true','false','42');
INSERT INTO "npe01__OppPayment__c" VALUES(28,'218.0','2018-11-23','','true','false','11');
INSERT INTO "npe01__OppPayment__c" VALUES(29,'376.0','2018-10-13','','true','false','12');
INSERT INTO "npe01__OppPayment__c" VALUES(30,'744.0','2018-04-26','','true','false','31');
INSERT INTO "npe01__OppPayment__c" VALUES(31,'316.0','2018-10-07','','true','false','102');
INSERT INTO "npe01__OppPayment__c" VALUES(32,'619.0','2016-09-11','','true','false','32');
INSERT INTO "npe01__OppPayment__c" VALUES(33,'13.0','2018-02-28','','true','false','128');
INSERT INTO "npe01__OppPayment__c" VALUES(34,'609.0','2016-12-18','','true','false','129');
INSERT INTO "npe01__OppPayment__c" VALUES(35,'962.0','2018-01-28','','true','false','130');
INSERT INTO "npe01__OppPayment__c" VALUES(36,'204.0','2017-12-25','','true','false','131');
INSERT INTO "npe01__OppPayment__c" VALUES(37,'153.0','2017-06-01','','true','false','132');
INSERT INTO "npe01__OppPayment__c" VALUES(38,'89.0','2018-01-23','','true','false','133');
INSERT INTO "npe01__OppPayment__c" VALUES(39,'331.0','2018-01-26','','true','false','134');
INSERT INTO "npe01__OppPayment__c" VALUES(40,'272.0','2016-12-10','','true','false','201');
INSERT INTO "npe01__OppPayment__c" VALUES(41,'261.0','2018-06-06','','true','false','202');
INSERT INTO "npe01__OppPayment__c" VALUES(42,'921.0','2018-05-04','','true','false','203');
INSERT INTO "npe01__OppPayment__c" VALUES(43,'75.7','2014-08-28','','false','false','204');
INSERT INTO "npe01__OppPayment__c" VALUES(44,'75.7','2014-09-28','','false','false','204');
INSERT INTO "npe01__OppPayment__c" VALUES(45,'75.7','2014-10-28','','false','false','204');
INSERT INTO "npe01__OppPayment__c" VALUES(46,'75.7','2014-11-28','','false','false','204');
INSERT INTO "npe01__OppPayment__c" VALUES(47,'75.7','2014-12-28','','false','false','204');
INSERT INTO "npe01__OppPayment__c" VALUES(48,'75.7','2015-01-28','','false','false','204');
INSERT INTO "npe01__OppPayment__c" VALUES(49,'75.7','2015-02-28','','false','false','204');
INSERT INTO "npe01__OppPayment__c" VALUES(50,'75.7','2015-03-28','','false','false','204');
INSERT INTO "npe01__OppPayment__c" VALUES(51,'75.7','2015-04-28','','false','false','204');
INSERT INTO "npe01__OppPayment__c" VALUES(52,'75.7','2015-05-28','','false','false','204');
INSERT INTO "npe01__OppPayment__c" VALUES(53,'375.0','2016-09-04','','true','false','205');
INSERT INTO "npe01__OppPayment__c" VALUES(54,'698.0','2016-03-23','','true','false','206');
INSERT INTO "npe01__OppPayment__c" VALUES(55,'892.0','2017-04-20','','true','false','207');
INSERT INTO "npe01__OppPayment__c" VALUES(56,'8.5','2015-08-30','','false','false','208');
INSERT INTO "npe01__OppPayment__c" VALUES(57,'8.5','2015-09-30','','false','false','208');
INSERT INTO "npe01__OppPayment__c" VALUES(58,'8.5','2015-10-30','','false','false','208');
INSERT INTO "npe01__OppPayment__c" VALUES(59,'8.5','2015-11-30','','false','false','208');
INSERT INTO "npe01__OppPayment__c" VALUES(60,'8.5','2015-12-30','','false','false','208');
INSERT INTO "npe01__OppPayment__c" VALUES(61,'8.5','2016-01-30','','false','false','208');
INSERT INTO "npe01__OppPayment__c" VALUES(62,'8.5','2016-03-01','','false','false','208');
INSERT INTO "npe01__OppPayment__c" VALUES(63,'8.5','2016-03-30','','false','false','208');
INSERT INTO "npe01__OppPayment__c" VALUES(64,'8.5','2016-04-30','','false','false','208');
INSERT INTO "npe01__OppPayment__c" VALUES(65,'8.5','2016-05-30','','false','false','208');
INSERT INTO "npe01__OppPayment__c" VALUES(66,'830.0','2017-01-05','','true','false','209');
INSERT INTO "npe01__OppPayment__c" VALUES(67,'656.0','2018-01-15','','true','false','210');
INSERT INTO "npe01__OppPayment__c" VALUES(68,'842.0','2017-07-29','','true','false','135');
INSERT INTO "npe01__OppPayment__c" VALUES(69,'736.0','2016-09-14','','true','false','136');
INSERT INTO "npe01__OppPayment__c" VALUES(70,'978.0','2016-03-20','','true','false','137');
INSERT INTO "npe01__OppPayment__c" VALUES(71,'927.0','2017-04-24','','true','false','138');
INSERT INTO "npe01__OppPayment__c" VALUES(72,'321.0','2016-05-17','','true','false','139');
INSERT INTO "npe01__OppPayment__c" VALUES(73,'282.0','2016-02-04','','true','false','140');
INSERT INTO "npe01__OppPayment__c" VALUES(74,'750.0','2016-02-21','','true','false','141');
INSERT INTO "npe01__OppPayment__c" VALUES(75,'996.0','2016-06-16','','true','false','142');
INSERT INTO "npe01__OppPayment__c" VALUES(76,'536.0','2019-01-14','','true','false','143');
INSERT INTO "npe01__OppPayment__c" VALUES(77,'756.0','2018-11-10','','true','false','144');
INSERT INTO "npe01__OppPayment__c" VALUES(78,'119.0','2018-04-03','','true','false','145');
INSERT INTO "npe01__OppPayment__c" VALUES(79,'309.0','2016-11-01','','true','false','146');
INSERT INTO "npe01__OppPayment__c" VALUES(80,'230.0','2017-10-06','','true','false','147');
INSERT INTO "npe01__OppPayment__c" VALUES(81,'118.0','2017-04-18','','true','false','148');
INSERT INTO "npe01__OppPayment__c" VALUES(82,'32.7','2014-03-23','','false','false','149');
INSERT INTO "npe01__OppPayment__c" VALUES(83,'32.7','2014-04-23','','false','false','149');
INSERT INTO "npe01__OppPayment__c" VALUES(84,'32.7','2014-05-23','','false','false','149');
INSERT INTO "npe01__OppPayment__c" VALUES(85,'32.7','2014-06-23','','false','false','149');
INSERT INTO "npe01__OppPayment__c" VALUES(86,'32.7','2014-07-23','','false','false','149');
INSERT INTO "npe01__OppPayment__c" VALUES(87,'32.7','2014-08-23','','false','false','149');
INSERT INTO "npe01__OppPayment__c" VALUES(88,'32.7','2014-09-23','','false','false','149');
INSERT INTO "npe01__OppPayment__c" VALUES(89,'32.7','2014-10-23','','false','false','149');
INSERT INTO "npe01__OppPayment__c" VALUES(90,'32.7','2014-11-23','','false','false','149');
INSERT INTO "npe01__OppPayment__c" VALUES(91,'32.7','2014-12-23','','false','false','149');
INSERT INTO "npe01__OppPayment__c" VALUES(92,'557.0','2018-01-07','','true','false','150');
INSERT INTO "npe01__OppPayment__c" VALUES(93,'642.0','2018-02-08','','true','false','151');
INSERT INTO "npe01__OppPayment__c" VALUES(94,'782.0','2017-04-19','','true','false','152');
INSERT INTO "npe01__OppPayment__c" VALUES(95,'409.0','2017-05-21','','true','false','153');
INSERT INTO "npe01__OppPayment__c" VALUES(96,'501.0','2016-11-30','','true','false','154');
INSERT INTO "npe01__OppPayment__c" VALUES(97,'998.0','2017-08-18','','true','false','155');
INSERT INTO "npe01__OppPayment__c" VALUES(98,'338.0','2017-01-01','','true','false','156');
INSERT INTO "npe01__OppPayment__c" VALUES(99,'737.0','2018-12-15','','true','false','157');
INSERT INTO "npe01__OppPayment__c" VALUES(100,'410.0','2018-04-12','','true','false','158');
INSERT INTO "npe01__OppPayment__c" VALUES(101,'202.0','2018-10-16','','true','false','159');
INSERT INTO "npe01__OppPayment__c" VALUES(102,'997.0','2019-01-29','','true','false','160');
INSERT INTO "npe01__OppPayment__c" VALUES(103,'609.0','2016-06-09','','true','false','161');
INSERT INTO "npe01__OppPayment__c" VALUES(104,'952.0','2018-06-15','','true','false','162');
INSERT INTO "npe01__OppPayment__c" VALUES(105,'734.0','2017-02-01','','true','false','163');
INSERT INTO "npe01__OppPayment__c" VALUES(106,'54.0','2016-08-28','','false','false','164');
INSERT INTO "npe01__OppPayment__c" VALUES(107,'54.0','2016-09-28','','false','false','164');
INSERT INTO "npe01__OppPayment__c" VALUES(108,'54.0','2016-10-28','','false','false','164');
INSERT INTO "npe01__OppPayment__c" VALUES(109,'54.0','2016-11-28','','false','false','164');
INSERT INTO "npe01__OppPayment__c" VALUES(110,'54.0','2016-12-28','','false','false','164');
INSERT INTO "npe01__OppPayment__c" VALUES(111,'54.0','2017-01-28','','false','false','164');
INSERT INTO "npe01__OppPayment__c" VALUES(112,'54.0','2017-02-28','','false','false','164');
INSERT INTO "npe01__OppPayment__c" VALUES(113,'54.0','2017-03-28','','false','false','164');
INSERT INTO "npe01__OppPayment__c" VALUES(114,'54.0','2017-04-28','','false','false','164');
INSERT INTO "npe01__OppPayment__c" VALUES(115,'54.0','2017-05-28','','false','false','164');
INSERT INTO "npe01__OppPayment__c" VALUES(116,'507.0','2017-04-23','','true','false','165');
INSERT INTO "npe01__OppPayment__c" VALUES(117,'976.0','2017-11-07','','true','false','166');
INSERT INTO "npe01__OppPayment__c" VALUES(118,'973.0','2017-11-20','','true','false','167');
INSERT INTO "npe01__OppPayment__c" VALUES(119,'837.0','2018-03-22','','true','false','168');
INSERT INTO "npe01__OppPayment__c" VALUES(120,'871.0','2018-09-25','','true','false','169');
INSERT INTO "npe01__OppPayment__c" VALUES(121,'839.0','2018-11-11','','true','false','194');
INSERT INTO "npe01__OppPayment__c" VALUES(122,'451.0','2018-06-22','','true','false','195');
INSERT INTO "npe01__OppPayment__c" VALUES(123,'236.0','2019-01-18','','true','false','196');
INSERT INTO "npe01__OppPayment__c" VALUES(124,'504.0','2017-06-15','','true','false','170');
INSERT INTO "npe01__OppPayment__c" VALUES(125,'234.0','2017-12-20','','true','false','171');
INSERT INTO "npe01__OppPayment__c" VALUES(126,'762.0','2016-03-31','','true','false','172');
INSERT INTO "npe01__OppPayment__c" VALUES(127,'357.0','2017-10-24','','true','false','173');
INSERT INTO "npe01__OppPayment__c" VALUES(128,'314.0','2018-12-27','','true','false','84');
INSERT INTO "npe01__OppPayment__c" VALUES(129,'992.0','2018-02-28','','true','false','174');
INSERT INTO "npe01__OppPayment__c" VALUES(130,'666.0','2016-07-19','','true','false','175');
INSERT INTO "npe01__OppPayment__c" VALUES(131,'128.0','2017-04-22','','true','false','176');
INSERT INTO "npe01__OppPayment__c" VALUES(132,'111.0','2016-10-31','','true','false','177');
INSERT INTO "npe01__OppPayment__c" VALUES(133,'719.0','2016-06-10','','true','false','178');
INSERT INTO "npe01__OppPayment__c" VALUES(134,'22.0','2018-06-07','','true','false','179');
INSERT INTO "npe01__OppPayment__c" VALUES(135,'844.0','2017-05-30','','true','false','180');
INSERT INTO "npe01__OppPayment__c" VALUES(136,'989.0','2017-10-02','','true','false','181');
INSERT INTO "npe01__OppPayment__c" VALUES(137,'368.0','2017-09-04','','true','false','182');
INSERT INTO "npe01__OppPayment__c" VALUES(138,'896.0','2016-03-07','','true','false','183');
INSERT INTO "npe01__OppPayment__c" VALUES(139,'108.0','2018-07-01','','true','false','184');
INSERT INTO "npe01__OppPayment__c" VALUES(140,'911.0','2017-08-17','','true','false','185');
INSERT INTO "npe01__OppPayment__c" VALUES(141,'834.0','2017-04-08','','true','false','186');
INSERT INTO "npe01__OppPayment__c" VALUES(142,'45.0','2016-12-31','','true','false','187');
INSERT INTO "npe01__OppPayment__c" VALUES(143,'99.0','2017-11-25','','true','false','188');
INSERT INTO "npe01__OppPayment__c" VALUES(144,'971.0','2016-10-07','','true','false','189');
INSERT INTO "npe01__OppPayment__c" VALUES(145,'639.0','2018-08-19','','true','false','190');
INSERT INTO "npe01__OppPayment__c" VALUES(146,'919.0','2018-01-13','','true','false','191');
INSERT INTO "npe01__OppPayment__c" VALUES(147,'476.0','2016-03-22','','true','false','192');
INSERT INTO "npe01__OppPayment__c" VALUES(148,'321.0','2017-03-19','','true','false','193');
INSERT INTO "npe01__OppPayment__c" VALUES(149,'585.0','2018-08-25','','true','false','197');
INSERT INTO "npe01__OppPayment__c" VALUES(150,'546.0','2017-08-29','','true','false','198');
INSERT INTO "npe01__OppPayment__c" VALUES(151,'48.5','2014-06-29','','false','false','199');
INSERT INTO "npe01__OppPayment__c" VALUES(152,'48.5','2014-07-29','','false','false','199');
INSERT INTO "npe01__OppPayment__c" VALUES(153,'48.5','2014-08-29','','false','false','199');
INSERT INTO "npe01__OppPayment__c" VALUES(154,'48.5','2014-09-29','','false','false','199');
INSERT INTO "npe01__OppPayment__c" VALUES(155,'48.5','2014-10-29','','false','false','199');
INSERT INTO "npe01__OppPayment__c" VALUES(156,'48.5','2014-11-29','','false','false','199');
INSERT INTO "npe01__OppPayment__c" VALUES(157,'48.5','2014-12-29','','false','false','199');
INSERT INTO "npe01__OppPayment__c" VALUES(158,'48.5','2015-01-29','','false','false','199');
INSERT INTO "npe01__OppPayment__c" VALUES(159,'48.5','2015-03-01','','false','false','199');
INSERT INTO "npe01__OppPayment__c" VALUES(160,'48.5','2015-03-29','','false','false','199');
INSERT INTO "npe01__OppPayment__c" VALUES(161,'329.0','2018-09-18','','true','false','200');
INSERT INTO "npe01__OppPayment__c" VALUES(162,'750.0','2017-09-03','','true','false','103');
INSERT INTO "npe01__OppPayment__c" VALUES(163,'976.0','2016-06-01','','true','false','104');
INSERT INTO "npe01__OppPayment__c" VALUES(164,'22.0','2016-03-06','','true','false','105');
INSERT INTO "npe01__OppPayment__c" VALUES(165,'436.0','2019-01-04','','true','false','85');
INSERT INTO "npe01__OppPayment__c" VALUES(166,'627.0','2018-10-08','','true','false','106');
INSERT INTO "npe01__OppPayment__c" VALUES(167,'965.0','2018-01-01','','true','false','107');
INSERT INTO "npe01__OppPayment__c" VALUES(168,'116.0','2018-05-15','','true','false','108');
INSERT INTO "npe01__OppPayment__c" VALUES(169,'260.0','2018-12-06','','true','false','109');
INSERT INTO "npe01__OppPayment__c" VALUES(170,'365.0','2018-08-07','','true','false','110');
INSERT INTO "npe01__OppPayment__c" VALUES(171,'550.0','2018-06-25','','true','false','111');
INSERT INTO "npe01__OppPayment__c" VALUES(172,'13.1','2016-08-02','','false','false','112');
INSERT INTO "npe01__OppPayment__c" VALUES(173,'13.1','2016-09-02','','false','false','112');
INSERT INTO "npe01__OppPayment__c" VALUES(174,'13.1','2016-10-02','','false','false','112');
INSERT INTO "npe01__OppPayment__c" VALUES(175,'13.1','2016-11-02','','false','false','112');
INSERT INTO "npe01__OppPayment__c" VALUES(176,'13.1','2016-12-02','','false','false','112');
INSERT INTO "npe01__OppPayment__c" VALUES(177,'13.1','2017-01-02','','false','false','112');
INSERT INTO "npe01__OppPayment__c" VALUES(178,'13.1','2017-02-02','','false','false','112');
INSERT INTO "npe01__OppPayment__c" VALUES(179,'13.1','2017-03-02','','false','false','112');
INSERT INTO "npe01__OppPayment__c" VALUES(180,'13.1','2017-04-02','','false','false','112');
INSERT INTO "npe01__OppPayment__c" VALUES(181,'13.1','2017-05-02','','false','false','112');
INSERT INTO "npe01__OppPayment__c" VALUES(182,'631.0','2016-07-21','','true','false','113');
INSERT INTO "npe01__OppPayment__c" VALUES(183,'970.0','2018-09-15','','true','false','114');
INSERT INTO "npe01__OppPayment__c" VALUES(184,'59.0','2018-06-07','','true','false','115');
INSERT INTO "npe01__OppPayment__c" VALUES(185,'157.0','2016-12-28','','true','false','86');
INSERT INTO "npe01__OppPayment__c" VALUES(186,'253.0','2018-11-20','','true','false','116');
INSERT INTO "npe01__OppPayment__c" VALUES(187,'421.0','2016-04-23','','true','false','117');
INSERT INTO "npe01__OppPayment__c" VALUES(188,'743.0','2018-09-03','','true','false','118');
INSERT INTO "npe01__OppPayment__c" VALUES(189,'37.0','2017-11-19','','true','false','119');
INSERT INTO "npe01__OppPayment__c" VALUES(190,'409.0','2017-03-29','','true','false','68');
INSERT INTO "npe01__OppPayment__c" VALUES(191,'858.0','2018-03-05','','true','false','69');
INSERT INTO "npe01__OppPayment__c" VALUES(192,'146.0','2017-11-27','','true','false','120');
INSERT INTO "npe01__OppPayment__c" VALUES(193,'657.0','2016-09-08','','true','false','121');
INSERT INTO "npe01__OppPayment__c" VALUES(194,'36.0','2016-09-02','','true','false','122');
INSERT INTO "npe01__OppPayment__c" VALUES(195,'39.3','2015-05-18','','false','false','123');
INSERT INTO "npe01__OppPayment__c" VALUES(196,'39.3','2015-06-18','','false','false','123');
INSERT INTO "npe01__OppPayment__c" VALUES(197,'39.3','2015-07-18','','false','false','123');
INSERT INTO "npe01__OppPayment__c" VALUES(198,'39.3','2015-08-18','','false','false','123');
INSERT INTO "npe01__OppPayment__c" VALUES(199,'39.3','2015-09-18','','false','false','123');
INSERT INTO "npe01__OppPayment__c" VALUES(200,'39.3','2015-10-18','','false','false','123');
INSERT INTO "npe01__OppPayment__c" VALUES(201,'39.3','2015-11-19','','false','false','123');
INSERT INTO "npe01__OppPayment__c" VALUES(202,'39.3','2015-12-19','','false','false','123');
INSERT INTO "npe01__OppPayment__c" VALUES(203,'39.3','2016-01-19','','false','false','123');
INSERT INTO "npe01__OppPayment__c" VALUES(204,'39.3','2016-02-19','','false','false','123');
INSERT INTO "npe01__OppPayment__c" VALUES(205,'377.0','2018-06-16','','true','false','93');
INSERT INTO "npe01__OppPayment__c" VALUES(206,'64.3','2017-01-24','','false','false','124');
INSERT INTO "npe01__OppPayment__c" VALUES(207,'64.3','2017-02-24','','false','false','124');
INSERT INTO "npe01__OppPayment__c" VALUES(208,'64.3','2017-03-24','','false','false','124');
INSERT INTO "npe01__OppPayment__c" VALUES(209,'64.3','2017-04-24','','false','false','124');
INSERT INTO "npe01__OppPayment__c" VALUES(210,'64.3','2017-05-24','','false','false','124');
INSERT INTO "npe01__OppPayment__c" VALUES(211,'64.3','2017-06-24','','false','false','124');
INSERT INTO "npe01__OppPayment__c" VALUES(212,'64.3','2017-07-24','','false','false','124');
INSERT INTO "npe01__OppPayment__c" VALUES(213,'64.3','2017-08-24','','false','false','124');
INSERT INTO "npe01__OppPayment__c" VALUES(214,'64.3','2017-09-24','','false','false','124');
INSERT INTO "npe01__OppPayment__c" VALUES(215,'64.3','2017-10-24','','false','false','124');
INSERT INTO "npe01__OppPayment__c" VALUES(216,'813.0','2017-04-10','','true','false','125');
INSERT INTO "npe01__OppPayment__c" VALUES(217,'557.0','2017-12-02','','true','false','126');
INSERT INTO "npe01__OppPayment__c" VALUES(218,'926.0','2018-11-10','','true','false','127');
INSERT INTO "npe01__OppPayment__c" VALUES(219,'457.0','2017-08-27','','true','false','23');
INSERT INTO "npe01__OppPayment__c" VALUES(220,'13.0','2017-01-19','','true','false','24');
INSERT INTO "npe01__OppPayment__c" VALUES(221,'234.0','2017-11-04','','true','false','25');
INSERT INTO "npe01__OppPayment__c" VALUES(222,'84.0','2016-05-05','','true','false','26');
INSERT INTO "npe01__OppPayment__c" VALUES(223,'952.0','2018-11-16','','true','false','27');
INSERT INTO "npe01__OppPayment__c" VALUES(224,'3.0','2017-04-20','','true','false','28');
INSERT INTO "npe01__OppPayment__c" VALUES(225,'654.0','2016-03-02','','true','false','94');
INSERT INTO "npe01__OppPayment__c" VALUES(226,'521.0','2016-09-22','','true','false','29');
INSERT INTO "npe01__OppPayment__c" VALUES(227,'567.0','2016-02-26','','true','false','30');
INSERT INTO "npe01__OppPayment__c" VALUES(228,'504.0','2017-03-01','','true','false','43');
INSERT INTO "npe01__OppPayment__c" VALUES(229,'109.0','2019-02-07','','true','false','44');
INSERT INTO "npe01__OppPayment__c" VALUES(230,'479.0','2017-08-07','','true','false','45');
INSERT INTO "npe01__OppPayment__c" VALUES(231,'270.0','2016-10-28','','true','false','46');
INSERT INTO "npe01__OppPayment__c" VALUES(232,'31.0','2019-01-20','','true','false','47');
INSERT INTO "npe01__OppPayment__c" VALUES(233,'157.0','2018-04-24','','true','false','48');
INSERT INTO "npe01__OppPayment__c" VALUES(234,'31.0','2017-09-28','','true','false','49');
INSERT INTO "npe01__OppPayment__c" VALUES(235,'836.0','2019-01-12','','true','false','50');
INSERT INTO "npe01__OppPayment__c" VALUES(236,'926.0','2017-01-18','','true','false','95');
INSERT INTO "npe01__OppPayment__c" VALUES(237,'984.0','2016-03-20','','true','false','51');
INSERT INTO "npe01__OppPayment__c" VALUES(238,'862.0','2017-08-04','','true','false','52');
INSERT INTO "npe01__OppPayment__c" VALUES(239,'433.0','2018-01-22','','true','false','53');
INSERT INTO "npe01__OppPayment__c" VALUES(240,'794.0','2018-05-02','','true','false','54');
INSERT INTO "npe01__OppPayment__c" VALUES(241,'6.0','2018-04-27','','true','false','55');
INSERT INTO "npe01__OppPayment__c" VALUES(242,'87.0','2017-07-30','','true','false','56');
INSERT INTO "npe01__OppPayment__c" VALUES(243,'641.0','2018-10-05','','true','false','57');
INSERT INTO "npe01__OppPayment__c" VALUES(244,'29.0','2017-04-01','','true','false','58');
INSERT INTO "npe01__OppPayment__c" VALUES(245,'915.0','2016-07-21','','true','false','59');
INSERT INTO "npe01__OppPayment__c" VALUES(246,'907.0','2018-12-19','','true','false','60');
INSERT INTO "npe01__OppPayment__c" VALUES(247,'838.0','2017-07-29','','true','false','96');
INSERT INTO "npe01__OppPayment__c" VALUES(248,'905.0','2017-09-13','','true','false','61');
INSERT INTO "npe01__OppPayment__c" VALUES(249,'957.0','2016-11-01','','true','false','62');
INSERT INTO "npe01__OppPayment__c" VALUES(250,'547.0','2017-09-16','','true','false','63');
INSERT INTO "npe01__OppPayment__c" VALUES(251,'235.0','2017-07-08','','true','false','64');
INSERT INTO "npe01__OppPayment__c" VALUES(252,'502.0','2017-12-11','','true','false','1');
INSERT INTO "npe01__OppPayment__c" VALUES(253,'635.0','2018-05-04','','true','false','2');
INSERT INTO "npe01__OppPayment__c" VALUES(254,'514.0','2017-08-28','','true','false','65');
INSERT INTO "npe01__OppPayment__c" VALUES(255,'70.0','2018-07-06','','true','false','66');
INSERT INTO "npe01__OppPayment__c" VALUES(256,'401.0','2016-04-13','','true','false','67');
INSERT INTO "npe01__OppPayment__c" VALUES(257,'466.0','2016-12-10','','true','false','70');
INSERT INTO "npe01__OppPayment__c" VALUES(258,'46.0','2018-07-03','','true','false','97');
INSERT INTO "npe01__OppPayment__c" VALUES(259,'344.0','2018-01-07','','true','false','71');
INSERT INTO "npe01__OppPayment__c" VALUES(260,'110.0','2017-05-08','','true','false','72');
INSERT INTO "npe01__OppPayment__c" VALUES(261,'820.0','2018-01-26','','true','false','73');
INSERT INTO "npe01__OppPayment__c" VALUES(262,'492.0','2018-09-09','','true','false','74');
INSERT INTO "npe01__OppPayment__c" VALUES(263,'892.0','2018-10-25','','true','false','75');
INSERT INTO "npe01__OppPayment__c" VALUES(264,'798.0','2017-05-13','','true','false','76');
INSERT INTO "npe01__OppPayment__c" VALUES(265,'265.0','2016-04-17','','true','false','77');
INSERT INTO "npe01__OppPayment__c" VALUES(266,'934.0','2018-04-23','','true','false','78');
INSERT INTO "npe01__OppPayment__c" VALUES(267,'599.0','2016-11-23','','true','false','79');
INSERT INTO "npe01__OppPayment__c" VALUES(268,'538.0','2018-10-03','','true','false','80');
INSERT INTO "npe01__OppPayment__c" VALUES(269,'782.0','2017-03-21','','true','false','83');
INSERT INTO "npe01__OppPayment__c" VALUES(270,'440.0','2016-12-12','','true','false','98');
INSERT INTO "npe01__OppPayment__c" VALUES(271,'993.0','2016-04-21','','true','false','81');
INSERT INTO "npe01__OppPayment__c" VALUES(272,'4.0','2017-04-22','','true','false','82');
INSERT INTO "npe01__OppPayment__c" VALUES(273,'685.0','2017-08-07','','true','false','87');
INSERT INTO "npe01__OppPayment__c" VALUES(274,'974.0','2017-07-18','','true','false','88');
INSERT INTO "npe01__OppPayment__c" VALUES(275,'751.0','2019-01-30','','true','false','89');
INSERT INTO "npe01__OppPayment__c" VALUES(276,'449.0','2016-10-17','','true','false','90');
INSERT INTO "npe01__OppPayment__c" VALUES(277,'643.0','2017-09-26','','true','false','91');
INSERT INTO "npe01__OppPayment__c" VALUES(278,'127.0','2018-12-13','','true','false','92');
INSERT INTO "npe01__OppPayment__c" VALUES(279,'177.0','2018-11-23','','true','false','3');
INSERT INTO "npe01__OppPayment__c" VALUES(280,'353.0','2018-07-09','','true','false','99');
INSERT INTO "npe01__OppPayment__c" VALUES(281,'208.0','2018-01-20','','true','false','4');
INSERT INTO "npe01__OppPayment__c" VALUES(282,'553.0','2017-10-15','','true','false','5');
INSERT INTO "npe01__OppPayment__c" VALUES(283,'565.0','2018-09-06','','true','false','6');
INSERT INTO "npe01__OppPayment__c" VALUES(284,'310.0','2018-02-02','','true','false','7');
INSERT INTO "npe01__OppPayment__c" VALUES(285,'483.0','2016-06-11','','true','false','8');
INSERT INTO "npe01__OppPayment__c" VALUES(286,'151.0','2018-02-20','','true','false','9');
INSERT INTO "npe01__OppPayment__c" VALUES(287,'537.0','2016-05-31','','true','false','10');
INSERT INTO "npe01__OppPayment__c" VALUES(288,'496.5','2015-01-02','','false','false','13');
INSERT INTO "npe01__OppPayment__c" VALUES(289,'496.5','2015-02-02','','false','false','13');
INSERT INTO "npe01__OppPayment__c" VALUES(290,'496.5','2015-03-02','','false','false','13');
INSERT INTO "npe01__OppPayment__c" VALUES(291,'496.5','2015-04-02','','false','false','13');
INSERT INTO "npe01__OppPayment__c" VALUES(292,'496.5','2015-05-02','','false','false','13');
INSERT INTO "npe01__OppPayment__c" VALUES(293,'496.5','2015-06-02','','false','false','13');
INSERT INTO "npe01__OppPayment__c" VALUES(294,'496.5','2015-07-02','','false','false','13');
INSERT INTO "npe01__OppPayment__c" VALUES(295,'496.5','2015-08-02','','false','false','13');
INSERT INTO "npe01__OppPayment__c" VALUES(296,'496.5','2015-09-02','','false','false','13');
INSERT INTO "npe01__OppPayment__c" VALUES(297,'496.5','2015-10-02','','false','false','13');
INSERT INTO "npe01__OppPayment__c" VALUES(298,'5297.0','2017-11-27','','true','false','14');
INSERT INTO "npe01__OppPayment__c" VALUES(299,'6258.0','2016-07-24','','true','false','15');
INSERT INTO "npe01__OppPayment__c" VALUES(300,'338.0','2016-08-31','','true','false','100');
INSERT INTO "npe01__OppPayment__c" VALUES(301,'2804.0','2016-03-12','','true','false','16');
INSERT INTO "npe01__OppPayment__c" VALUES(302,'7164.0','2016-03-09','','true','false','17');
INSERT INTO "npe01__OppPayment__c" VALUES(303,'6989.0','2018-08-29','','true','false','18');
INSERT INTO "npe01__OppPayment__c" VALUES(304,'785.8','2014-03-04','','false','false','19');
INSERT INTO "npe01__OppPayment__c" VALUES(305,'785.8','2014-04-04','','false','false','19');
INSERT INTO "npe01__OppPayment__c" VALUES(306,'785.8','2014-05-04','','false','false','19');
INSERT INTO "npe01__OppPayment__c" VALUES(307,'785.8','2014-06-04','','false','false','19');
INSERT INTO "npe01__OppPayment__c" VALUES(308,'785.8','2014-07-04','','false','false','19');
INSERT INTO "npe01__OppPayment__c" VALUES(309,'785.8','2014-08-04','','false','false','19');
INSERT INTO "npe01__OppPayment__c" VALUES(310,'785.8','2014-09-04','','false','false','19');
INSERT INTO "npe01__OppPayment__c" VALUES(311,'785.8','2014-10-04','','false','false','19');
INSERT INTO "npe01__OppPayment__c" VALUES(312,'75.0','2019-12-15','','true','false','222');
CREATE TABLE "npe03__Recurring_Donation__c" (
	id INTEGER NOT NULL,
	"Name" VARCHAR(255),
	"npe03__Amount__c" VARCHAR(255),
	"npe03__Date_Established__c" VARCHAR(255),
	"npe03__Schedule_Type__c" VARCHAR(255),
	"npe03__Open_Ended_Status__c" VARCHAR(255),
	"npe03__Last_Payment_Date__c" VARCHAR(255),
	"npe03__Next_Payment_Date__c" VARCHAR(255),
	"npe03__Installment_Period__c" VARCHAR(255),
	"Day_of_Month__c" VARCHAR(255),
	"InstallmentFrequency__c" VARCHAR(255),
	"StartDate__c" VARCHAR(255),
	"PaymentMethod__c" VARCHAR(255),
	"RecurringType__c" VARCHAR(255),
	"Status__c" VARCHAR(255),
	npe03__contact__c VARCHAR(255),
	PRIMARY KEY (id)
);
INSERT INTO "npe03__Recurring_Donation__c" VALUES(1,'Carl Harvey: $75 Monthly','75.0','2018-02-04','','Open','2019-12-15','2020-01-15','Monthly','15','','2020-01-02','','Open','Active','66');
CREATE TABLE "npe4__Relationship__c" (
	id INTEGER NOT NULL,
	"npe4__Type__c" VARCHAR(255),
	npe4__contact__c VARCHAR(255),
	npe4__related_contact__c VARCHAR(255),
	PRIMARY KEY (id)
);
INSERT INTO "npe4__Relationship__c" VALUES(1,'Employee','4','83');
INSERT INTO "npe4__Relationship__c" VALUES(2,'Employee','6','20');
INSERT INTO "npe4__Relationship__c" VALUES(3,'Employee','7','12');
INSERT INTO "npe4__Relationship__c" VALUES(4,'Partner','8','9');
INSERT INTO "npe4__Relationship__c" VALUES(5,'Employee','8','18');
INSERT INTO "npe4__Relationship__c" VALUES(6,'Partner','9','8');
INSERT INTO "npe4__Relationship__c" VALUES(7,'Employee','9','36');
INSERT INTO "npe4__Relationship__c" VALUES(8,'Employee','10','60');
INSERT INTO "npe4__Relationship__c" VALUES(9,'Employee','11','97');
INSERT INTO "npe4__Relationship__c" VALUES(10,'Employee','14','32');
INSERT INTO "npe4__Relationship__c" VALUES(11,'Employee','12','7');
INSERT INTO "npe4__Relationship__c" VALUES(12,'Employee','13','37');
INSERT INTO "npe4__Relationship__c" VALUES(13,'Employee','15','29');
INSERT INTO "npe4__Relationship__c" VALUES(14,'Employee','16','74');
INSERT INTO "npe4__Relationship__c" VALUES(15,'Employee','17','66');
INSERT INTO "npe4__Relationship__c" VALUES(16,'Employee','18','8');
INSERT INTO "npe4__Relationship__c" VALUES(17,'Employee','19','35');
INSERT INTO "npe4__Relationship__c" VALUES(18,'Employee','20','6');
INSERT INTO "npe4__Relationship__c" VALUES(19,'Employee','21','2');
INSERT INTO "npe4__Relationship__c" VALUES(20,'Employee','26','40');
INSERT INTO "npe4__Relationship__c" VALUES(21,'Employee','25','79');
INSERT INTO "npe4__Relationship__c" VALUES(22,'Employee','27','76');
INSERT INTO "npe4__Relationship__c" VALUES(23,'Employee','28','3');
INSERT INTO "npe4__Relationship__c" VALUES(24,'Employee','29','15');
INSERT INTO "npe4__Relationship__c" VALUES(25,'Employee','30','34');
INSERT INTO "npe4__Relationship__c" VALUES(26,'Employee','31','92');
INSERT INTO "npe4__Relationship__c" VALUES(27,'Employee','32','14');
INSERT INTO "npe4__Relationship__c" VALUES(28,'Employee','33','63');
INSERT INTO "npe4__Relationship__c" VALUES(29,'Employee','34','30');
INSERT INTO "npe4__Relationship__c" VALUES(30,'Employee','35','19');
INSERT INTO "npe4__Relationship__c" VALUES(31,'Partner','35','36');
INSERT INTO "npe4__Relationship__c" VALUES(32,'Employee','36','9');
INSERT INTO "npe4__Relationship__c" VALUES(33,'Partner','36','35');
INSERT INTO "npe4__Relationship__c" VALUES(34,'Employee','37','13');
INSERT INTO "npe4__Relationship__c" VALUES(35,'Employee','38','64');
INSERT INTO "npe4__Relationship__c" VALUES(36,'Employee','39','89');
INSERT INTO "npe4__Relationship__c" VALUES(37,'Employee','40','26');
INSERT INTO "npe4__Relationship__c" VALUES(38,'Employee','41','1');
INSERT INTO "npe4__Relationship__c" VALUES(39,'Partner','42','43');
INSERT INTO "npe4__Relationship__c" VALUES(40,'Employee','42','43');
INSERT INTO "npe4__Relationship__c" VALUES(41,'Partner','42','44');
INSERT INTO "npe4__Relationship__c" VALUES(42,'Partner','42','45');
INSERT INTO "npe4__Relationship__c" VALUES(43,'Partner','42','46');
INSERT INTO "npe4__Relationship__c" VALUES(44,'Partner','42','47');
INSERT INTO "npe4__Relationship__c" VALUES(45,'Partner','42','48');
INSERT INTO "npe4__Relationship__c" VALUES(46,'Partner','42','49');
INSERT INTO "npe4__Relationship__c" VALUES(47,'Partner','42','50');
INSERT INTO "npe4__Relationship__c" VALUES(48,'Partner','42','51');
INSERT INTO "npe4__Relationship__c" VALUES(49,'Partner','43','42');
INSERT INTO "npe4__Relationship__c" VALUES(50,'Employee','43','42');
INSERT INTO "npe4__Relationship__c" VALUES(51,'Partner','44','42');
INSERT INTO "npe4__Relationship__c" VALUES(52,'Employee','44','45');
INSERT INTO "npe4__Relationship__c" VALUES(53,'Partner','45','42');
INSERT INTO "npe4__Relationship__c" VALUES(54,'Employee','45','44');
INSERT INTO "npe4__Relationship__c" VALUES(55,'Partner','46','42');
INSERT INTO "npe4__Relationship__c" VALUES(56,'Employee','46','47');
INSERT INTO "npe4__Relationship__c" VALUES(57,'Partner','47','42');
INSERT INTO "npe4__Relationship__c" VALUES(58,'Employee','47','46');
INSERT INTO "npe4__Relationship__c" VALUES(59,'Employee','57','58');
INSERT INTO "npe4__Relationship__c" VALUES(60,'Partner','48','42');
INSERT INTO "npe4__Relationship__c" VALUES(61,'Employee','48','49');
INSERT INTO "npe4__Relationship__c" VALUES(62,'Employee','22','88');
INSERT INTO "npe4__Relationship__c" VALUES(63,'Employee','23','91');
INSERT INTO "npe4__Relationship__c" VALUES(64,'Employee','24','82');
INSERT INTO "npe4__Relationship__c" VALUES(65,'Partner','49','42');
INSERT INTO "npe4__Relationship__c" VALUES(66,'Employee','49','48');
INSERT INTO "npe4__Relationship__c" VALUES(67,'Partner','50','42');
INSERT INTO "npe4__Relationship__c" VALUES(68,'Employee','50','51');
INSERT INTO "npe4__Relationship__c" VALUES(69,'Partner','51','42');
INSERT INTO "npe4__Relationship__c" VALUES(70,'Employee','51','50');
INSERT INTO "npe4__Relationship__c" VALUES(71,'Employee','52','84');
INSERT INTO "npe4__Relationship__c" VALUES(72,'Employee','53','61');
INSERT INTO "npe4__Relationship__c" VALUES(73,'Employee','54','98');
INSERT INTO "npe4__Relationship__c" VALUES(74,'Employee','66','17');
INSERT INTO "npe4__Relationship__c" VALUES(75,'Employee','55','62');
INSERT INTO "npe4__Relationship__c" VALUES(76,'Employee','56','68');
INSERT INTO "npe4__Relationship__c" VALUES(77,'Employee','96','95');
INSERT INTO "npe4__Relationship__c" VALUES(78,'Employee','97','11');
INSERT INTO "npe4__Relationship__c" VALUES(79,'Employee','58','57');
INSERT INTO "npe4__Relationship__c" VALUES(80,'Employee','59','80');
INSERT INTO "npe4__Relationship__c" VALUES(81,'Employee','60','10');
INSERT INTO "npe4__Relationship__c" VALUES(82,'Employee','61','53');
INSERT INTO "npe4__Relationship__c" VALUES(83,'Employee','62','55');
INSERT INTO "npe4__Relationship__c" VALUES(84,'Employee','67','75');
INSERT INTO "npe4__Relationship__c" VALUES(85,'Employee','77','73');
INSERT INTO "npe4__Relationship__c" VALUES(86,'Employee','68','56');
INSERT INTO "npe4__Relationship__c" VALUES(87,'Employee','69','71');
INSERT INTO "npe4__Relationship__c" VALUES(88,'Employee','70','100');
INSERT INTO "npe4__Relationship__c" VALUES(89,'Employee','71','69');
INSERT INTO "npe4__Relationship__c" VALUES(90,'Employee','72','90');
INSERT INTO "npe4__Relationship__c" VALUES(91,'Employee','73','77');
INSERT INTO "npe4__Relationship__c" VALUES(92,'Employee','74','16');
INSERT INTO "npe4__Relationship__c" VALUES(93,'Employee','75','67');
INSERT INTO "npe4__Relationship__c" VALUES(94,'Employee','76','27');
INSERT INTO "npe4__Relationship__c" VALUES(95,'Employee','78','87');
INSERT INTO "npe4__Relationship__c" VALUES(96,'Employee','88','22');
INSERT INTO "npe4__Relationship__c" VALUES(97,'Partner','88','89');
INSERT INTO "npe4__Relationship__c" VALUES(98,'Employee','79','25');
INSERT INTO "npe4__Relationship__c" VALUES(99,'Employee','80','59');
INSERT INTO "npe4__Relationship__c" VALUES(100,'Employee','81','85');
INSERT INTO "npe4__Relationship__c" VALUES(101,'Employee','82','24');
INSERT INTO "npe4__Relationship__c" VALUES(102,'Employee','83','4');
INSERT INTO "npe4__Relationship__c" VALUES(103,'Employee','84','52');
INSERT INTO "npe4__Relationship__c" VALUES(104,'Employee','85','81');
INSERT INTO "npe4__Relationship__c" VALUES(105,'Employee','86','65');
INSERT INTO "npe4__Relationship__c" VALUES(106,'Employee','87','78');
INSERT INTO "npe4__Relationship__c" VALUES(107,'Employee','90','72');
INSERT INTO "npe4__Relationship__c" VALUES(108,'Employee','89','39');
INSERT INTO "npe4__Relationship__c" VALUES(109,'Partner','89','88');
INSERT INTO "npe4__Relationship__c" VALUES(110,'Employee','91','23');
INSERT INTO "npe4__Relationship__c" VALUES(111,'Employee','63','33');
INSERT INTO "npe4__Relationship__c" VALUES(112,'Employee','64','38');
INSERT INTO "npe4__Relationship__c" VALUES(113,'Employee','65','86');
INSERT INTO "npe4__Relationship__c" VALUES(114,'Employee','92','31');
INSERT INTO "npe4__Relationship__c" VALUES(115,'Employee','93','5');
INSERT INTO "npe4__Relationship__c" VALUES(116,'Employee','94','99');
INSERT INTO "npe4__Relationship__c" VALUES(117,'Employee','95','96');
INSERT INTO "npe4__Relationship__c" VALUES(118,'Employee','98','54');
INSERT INTO "npe4__Relationship__c" VALUES(119,'Employee','99','94');
INSERT INTO "npe4__Relationship__c" VALUES(120,'Employee','1','41');
INSERT INTO "npe4__Relationship__c" VALUES(121,'Employee','100','70');
INSERT INTO "npe4__Relationship__c" VALUES(122,'Employee','5','93');
INSERT INTO "npe4__Relationship__c" VALUES(123,'Employee','2','21');
INSERT INTO "npe4__Relationship__c" VALUES(124,'Employee','3','28');
CREATE TABLE "CustomObject1__c" (
    id INTEGER NOT NULL,
    Name VARCHAR(255),
    RecordTypeId VARCHAR(255),
    Opportunity__c VARCHAR(255),
    C1_rt_picklist__c VARCHAR(255),
    C1_currency2__c VARCHAR(255),
    C1_currency__c VARCHAR(255),
    C1_date__c VARCHAR(255),
    C1_number__c VARCHAR(255),
    C1_phone__c VARCHAR(255),
    C1_picklist__c VARCHAR(255),
    C1_text2__c VARCHAR(255),
    C1_text__c VARCHAR(255),
    C1_textarea__c VARCHAR(255),
    C1_url__c VARCHAR(255),
    PRIMARY KEY (id)
);
INSERT INTO "CustomObject1__c" VALUES(1, 'Flower 1', 'Flower', '', 'Marigold', '', '', '', '', '', '', '', '', '', '');
INSERT INTO "CustomObject1__c" VALUES(2, 'Flower 2', 'Flower', '', '', '', '', '', '', '', '', '', '', '', '');
INSERT INTO "CustomObject1__c" VALUES(3, 'Vegetable 1', 'Vegetable', '', 'Potato', '', '', '', '', '', '', '', '', '', '');
INSERT INTO "CustomObject1__c" VALUES(4, 'Vegetable 2', 'Vegetable', '', '', '', '', '', '', '', '', '', '', '', '');
INSERT INTO "CustomObject1__c" VALUES(5, 'Fruit 1', 'Fruit', '', 'Apple', '', '', '', '', '', '', '', '', '', '');
INSERT INTO "CustomObject1__c" VALUES(6, 'Fruit 2', 'Fruit', '', '', '', '', '', '', '', '', '', '', '', '');

CREATE TABLE "CustomObject1__c_rt_mapping" (
    record_type_id VARCHAR(255) NOT NULL,
    developer_name VARCHAR(255),
    PRIMARY KEY (record_type_id)
);
INSERT INTO "CustomObject1__c_rt_mapping" VALUES('Flower', 'Flower');
INSERT INTO "CustomObject1__c_rt_mapping" VALUES('Vegetable', 'Vegetable');
INSERT INTO "CustomObject1__c_rt_mapping" VALUES('Fruit', 'Fruit');

-- fix for allowing namespaced scratch orgs to deploy these record types
CREATE TABLE "npsp__CustomObject1__c_rt_mapping" (
    record_type_id VARCHAR(255) NOT NULL,
    developer_name VARCHAR(255),
    PRIMARY KEY (record_type_id)
);
INSERT INTO "npsp__CustomObject1__c_rt_mapping" VALUES('Flower', 'Flower');
INSERT INTO "npsp__CustomObject1__c_rt_mapping" VALUES('Vegetable', 'Vegetable');
INSERT INTO "npsp__CustomObject1__c_rt_mapping" VALUES('Fruit', 'Fruit');
COMMIT;
