BEGIN TRANSACTION;
CREATE TABLE "Account" (
	id INTEGER NOT NULL, 
	"Name" VARCHAR(255), 
	"BillingCountry" VARCHAR(255), 
	"BillingStreet" VARCHAR(255), 
	"BillingState" VARCHAR(255), 
	"BillingCity" VARCHAR(255), 
	"BillingPostalCode" VARCHAR(255), 
	"npe01__SYSTEM_AccountType__c" VARCHAR(255), 
	"RecordTypeId" VARCHAR(255), 
	PRIMARY KEY (id)
);
INSERT INTO "Account" VALUES(1,'Sample Account for Entitlements','','','','','','','');
INSERT INTO "Account" VALUES(2,'Gevee','','','','','','','0128A000002hay1QAA');
INSERT INTO "Account" VALUES(3,'Gigabox','','','','','','','0128A000002hay1QAA');
INSERT INTO "Account" VALUES(4,'Innotype','','','','','','','0128A000002hay1QAA');
INSERT INTO "Account" VALUES(5,'Jabberbean','','','','','','','0128A000002hay1QAA');
INSERT INTO "Account" VALUES(6,'Devshare','','','','','','','0128A000002hay1QAA');
INSERT INTO "Account" VALUES(7,'Jatri','','','','','','','0128A000002hay1QAA');
INSERT INTO "Account" VALUES(8,'Jaxspan','','','','','','','0128A000002hay1QAA');
INSERT INTO "Account" VALUES(9,'Jayo','','','','','','','0128A000002hay1QAA');
INSERT INTO "Account" VALUES(10,'Kazu','','','','','','','0128A000002hay1QAA');
INSERT INTO "Account" VALUES(11,'Kwideo','','','','','','','0128A000002hay1QAA');
INSERT INTO "Account" VALUES(12,'Lajo','','','','','','','0128A000002hay1QAA');
INSERT INTO "Account" VALUES(13,'Latz','','','','','','','0128A000002hay1QAA');
INSERT INTO "Account" VALUES(14,'Layo','','','','','','','0128A000002hay1QAA');
INSERT INTO "Account" VALUES(15,'Meeveo','','','','','','','0128A000002hay1QAA');
INSERT INTO "Account" VALUES(16,'Mynte','','','','','','','0128A000002hay1QAA');
INSERT INTO "Account" VALUES(17,'Myworks','','','','','','','0128A000002hay1QAA');
INSERT INTO "Account" VALUES(18,'Ntags','','','','','','','0128A000002hay1QAA');
INSERT INTO "Account" VALUES(19,'Oloo','','','','','','','0128A000002hay1QAA');
INSERT INTO "Account" VALUES(20,'Flashpoint','','','','','','','0128A000002hay1QAA');
INSERT INTO "Account" VALUES(21,'Flashspan','','','','','','','0128A000002hay1QAA');
INSERT INTO "Account" VALUES(22,'Flipbug','','','','','','','0128A000002hay1QAA');
INSERT INTO "Account" VALUES(23,'Fliptune','','','','','','','0128A000002hay1QAA');
INSERT INTO "Account" VALUES(24,'Omba','','','','','','','0128A000002hay1QAA');
INSERT INTO "Account" VALUES(25,'Oyoloo','','','','','','','0128A000002hay1QAA');
INSERT INTO "Account" VALUES(26,'Podcat','','','','','','','0128A000002hay1QAA');
INSERT INTO "Account" VALUES(27,'Quimm','','','','','','','0128A000002hay1QAA');
INSERT INTO "Account" VALUES(28,'Realblab','','','','','','','0128A000002hay1QAA');
INSERT INTO "Account" VALUES(29,'Realpoint','','','','','','','0128A000002hay1QAA');
INSERT INTO "Account" VALUES(30,'Rhynyx','','','','','','','0128A000002hay1QAA');
INSERT INTO "Account" VALUES(31,'Roodel','','','','','','','0128A000002hay1QAA');
INSERT INTO "Account" VALUES(32,'Skibox','','','','','','','0128A000002hay1QAA');
INSERT INTO "Account" VALUES(33,'Skidoo','','','','','','','0128A000002hay1QAA');
INSERT INTO "Account" VALUES(34,'Skimia','','','','','','','0128A000002hay1QAA');
INSERT INTO "Account" VALUES(35,'Skinder','','','','','','','0128A000002hay1QAA');
INSERT INTO "Account" VALUES(36,'Skinte','','','','','','','0128A000002hay1QAA');
INSERT INTO "Account" VALUES(37,'Skyba','','','','','','','0128A000002hay1QAA');
INSERT INTO "Account" VALUES(38,'Tagchat','','','','','','','0128A000002hay1QAA');
INSERT INTO "Account" VALUES(39,'Tagtune','','','','','','','0128A000002hay1QAA');
INSERT INTO "Account" VALUES(40,'Talane','','','','','','','0128A000002hay1QAA');
INSERT INTO "Account" VALUES(41,'Tambee','','','','','','','0128A000002hay1QAA');
INSERT INTO "Account" VALUES(42,'Tavu','','','','','','','0128A000002hay1QAA');
INSERT INTO "Account" VALUES(43,'Tazzy','','','','','','','0128A000002hay1QAA');
INSERT INTO "Account" VALUES(44,'Thoughtbridge','','','','','','','0128A000002hay1QAA');
INSERT INTO "Account" VALUES(45,'Thoughtsphere','','','','','','','0128A000002hay1QAA');
INSERT INTO "Account" VALUES(46,'Trilia','','','','','','','0128A000002hay1QAA');
INSERT INTO "Account" VALUES(47,'Twinte','','','','','','','0128A000002hay1QAA');
INSERT INTO "Account" VALUES(48,'Twitternation','','','','','','','0128A000002hay1QAA');
INSERT INTO "Account" VALUES(49,'Twitterwire','','','','','','','0128A000002hay1QAA');
INSERT INTO "Account" VALUES(50,'Voolith','','','','','','','0128A000002hay1QAA');
INSERT INTO "Account" VALUES(51,'Voonix','','','','','','','0128A000002hay1QAA');
INSERT INTO "Account" VALUES(52,'Wikivu','','','','','','','0128A000002hay1QAA');
INSERT INTO "Account" VALUES(53,'Wordtune','','','','','','','0128A000002hay1QAA');
INSERT INTO "Account" VALUES(54,'Yata','','','','','','','0128A000002hay1QAA');
INSERT INTO "Account" VALUES(55,'Yombu','','','','','','','0128A000002hay1QAA');
INSERT INTO "Account" VALUES(56,'Youopia','','','','','','','0128A000002hay1QAA');
INSERT INTO "Account" VALUES(57,'Yozio','','','','','','','0128A000002hay1QAA');
INSERT INTO "Account" VALUES(58,'Zazio','','','','','','','0128A000002hay1QAA');
INSERT INTO "Account" VALUES(59,'Zoomlounge','','','','','','','0128A000002hay1QAA');
INSERT INTO "Account" VALUES(60,'Patterson Household','Argentina','26 Blackbird Junction','','La Banda','','Household Account','0128A000002hay0QAA');
INSERT INTO "Account" VALUES(61,'Bradley Household','Argentina','392 Mariners Cove Street','','La Falda','','Household Account','0128A000002hay0QAA');
INSERT INTO "Account" VALUES(62,'Harper Household','Brazil','01 Corry Park','','Irati','','Household Account','0128A000002hay0QAA');
INSERT INTO "Account" VALUES(63,'Thompson Household','Brazil','10 Butterfield Place','','Açucena','','Household Account','0128A000002hay0QAA');
INSERT INTO "Account" VALUES(64,'Williams Household','Brazil','20 Oakridge Circle','','Guaratuba','','Household Account','0128A000002hay0QAA');
INSERT INTO "Account" VALUES(65,'Harvey Household','Brazil','3170 Mitchell Parkway','','Campinas','','Household Account','0128A000002hay0QAA');
INSERT INTO "Account" VALUES(66,'Patterson Household','Brazil','405 Sunbrook Terrace','','Codajás','','Household Account','0128A000002hay0QAA');
INSERT INTO "Account" VALUES(67,'Hart and Hawkins Household','Canada','819 Sycamore Avenue','','Dollard-Des Ormeaux','','Household Account','0128A000002hay0QAA');
INSERT INTO "Account" VALUES(68,'Howell Household','China','02 Golf View Pass','','Xindu','','Household Account','0128A000002hay0QAA');
INSERT INTO "Account" VALUES(69,'Gilbert Household','China','03 Arapahoe Hill','','Jiangxi','','Household Account','0128A000002hay0QAA');
INSERT INTO "Account" VALUES(70,'Gardner Household','China','0377 Shasta Trail','','Panzhou','','Household Account','0128A000002hay0QAA');
INSERT INTO "Account" VALUES(71,'Ross Household','China','1056 Corscot Center','','Guanzhou','','Household Account','0128A000002hay0QAA');
INSERT INTO "Account" VALUES(72,'Black Household','China','18 Drewry Street','','Yangshufang','','Household Account','0128A000002hay0QAA');
INSERT INTO "Account" VALUES(73,'Frazier Household','China','18 Twin Pines Circle','','Laojiangjunjie','','Household Account','0128A000002hay0QAA');
INSERT INTO "Account" VALUES(74,'Murray and Nichols Household','China','2 Victoria Point','','Liquan Chengguanzhen','','Household Account','0128A000002hay0QAA');
INSERT INTO "Account" VALUES(75,'Flores Household','China','26 Annamark Alley','','Hatu Buh','','Household Account','0128A000002hay0QAA');
INSERT INTO "Account" VALUES(76,'Long Household','China','3 Buena Vista Road','','Yonghe','','Household Account','0128A000002hay0QAA');
INSERT INTO "Account" VALUES(77,'Fowler Household','China','428 Katie Court','','Jiangning','','Household Account','0128A000002hay0QAA');
INSERT INTO "Account" VALUES(78,'Pierce Household','China','491 Lerdahl Pass','','Shangjiangxu','','Household Account','0128A000002hay0QAA');
INSERT INTO "Account" VALUES(79,'Johnston Household','China','57 Mitchell Circle','','Gaotuo','','Household Account','0128A000002hay0QAA');
INSERT INTO "Account" VALUES(80,'Gomez Household','China','59 Sheridan Avenue','','Xiaowuzhan','','Household Account','0128A000002hay0QAA');
INSERT INTO "Account" VALUES(81,'Knight Household','China','612 Almo Hill','','Shuidong','','Household Account','0128A000002hay0QAA');
INSERT INTO "Account" VALUES(82,'Sanders Household','China','67377 Memorial Road','','Baikui','','Household Account','0128A000002hay0QAA');
INSERT INTO "Account" VALUES(83,'Flores Household','China','73 Browning Junction','','Licheng','','Household Account','0128A000002hay0QAA');
INSERT INTO "Account" VALUES(84,'Fernandez Household','China','8193 Dunning Point','','Gangnan','','Household Account','0128A000002hay0QAA');
INSERT INTO "Account" VALUES(85,'Hicks Household','China','82521 Pond Terrace','','Bailang','','Household Account','0128A000002hay0QAA');
INSERT INTO "Account" VALUES(86,'Chapman Household','China','90472 Montana Center','','Tangqian','','Household Account','0128A000002hay0QAA');
INSERT INTO "Account" VALUES(87,'Mills Household','China','9068 Clove Pass','','Xinfeng','','Household Account','0128A000002hay0QAA');
INSERT INTO "Account" VALUES(88,'Nelson Household','Colombia','2 Mccormick Drive','','Arboleda','','Household Account','0128A000002hay0QAA');
INSERT INTO "Account" VALUES(89,'Grant Household','Czech Republic','230 Veith Place','','Želiv','','Household Account','0128A000002hay0QAA');
INSERT INTO "Account" VALUES(90,'Ward Household','Czech Republic','59 Mosinee Drive','','Dřiteň','','Household Account','0128A000002hay0QAA');
INSERT INTO "Account" VALUES(91,'James Household','Czech Republic','65 Maywood Drive','','Hošťka','','Household Account','0128A000002hay0QAA');
INSERT INTO "Account" VALUES(92,'Wallace Household','Czech Republic','82 Lukken Terrace','','Sedlice','','Household Account','0128A000002hay0QAA');
INSERT INTO "Account" VALUES(93,'Chapman Household','Czech Republic','9407 Dottie Street','','Žirovnice','','Household Account','0128A000002hay0QAA');
INSERT INTO "Account" VALUES(94,'Fuller Household','Ecuador','67 Milwaukee Parkway','','Montalvo','','Household Account','0128A000002hay0QAA');
INSERT INTO "Account" VALUES(95,'Jones Household','Finland','8 Loomis Alley','','Muhos','','Household Account','0128A000002hay0QAA');
INSERT INTO "Account" VALUES(96,'Banks Household','France','4564 Victoria Parkway','Rhône-Alpes','Meylan','38244 CEDEX','Household Account','0128A000002hay0QAA');
INSERT INTO "Account" VALUES(97,'Perkins Household','France','5 Burning Wood Alley','Poitou-Charentes','Royan','17209 CEDEX','Household Account','0128A000002hay0QAA');
INSERT INTO "Account" VALUES(98,'Medina and Morales Household','France','861 Dahle Street','Centre','Orléans','45933 CEDEX 9','Household Account','0128A000002hay0QAA');
INSERT INTO "Account" VALUES(99,'Burton Household','France','87 Cambridge Hill','Picardie','Amiens','80891 CEDEX 3','Household Account','0128A000002hay0QAA');
INSERT INTO "Account" VALUES(100,'Hayes Household','France','97798 Green Trail','Aquitaine','Boé','47555 CEDEX','Household Account','0128A000002hay0QAA');
INSERT INTO "Account" VALUES(101,'Oliver Household','Indonesia','075 High Crossing Center','','Kajanan','','Household Account','0128A000002hay0QAA');
INSERT INTO "Account" VALUES(102,'Alvarez Household','Indonesia','2 Chinook Road','','Sumberdangdang','','Household Account','0128A000002hay0QAA');
INSERT INTO "Account" VALUES(103,'Watson Household','Indonesia','402 Loomis Lane','','Cileunyi','','Household Account','0128A000002hay0QAA');
INSERT INTO "Account" VALUES(104,'Wallace Household','Indonesia','52 Mifflin Circle','','Tempaling','','Household Account','0128A000002hay0QAA');
INSERT INTO "Account" VALUES(105,'Riley Household','Italy','2 Old Gate Parkway','Sicilia','Messina','98146','Household Account','0128A000002hay0QAA');
INSERT INTO "Account" VALUES(106,'Rivera Household','Japan','9 Carpenter Trail','','Jōetsu','','Household Account','0128A000002hay0QAA');
INSERT INTO "Account" VALUES(107,'Stephens Household','Kazakhstan','0491 La Follette Crossing','','Taldyqorghan','','Household Account','0128A000002hay0QAA');
INSERT INTO "Account" VALUES(108,'Fisher Household','Kazakhstan','1902 Randy Alley','','Kokshetau','','Household Account','0128A000002hay0QAA');
INSERT INTO "Account" VALUES(109,'Torres Household','New Zealand','535 Susan Trail','','Red Hill','','Household Account','0128A000002hay0QAA');
INSERT INTO "Account" VALUES(110,'Jenkins Household','Nigeria','7060 Marcy Center','','Tegina','','Household Account','0128A000002hay0QAA');
INSERT INTO "Account" VALUES(111,'Anderson Household','Philippines','0087 Russell Pass','','Takub','','Household Account','0128A000002hay0QAA');
INSERT INTO "Account" VALUES(112,'Perry Household','Philippines','0990 Mayfield Hill','','Calaba','','Household Account','0128A000002hay0QAA');
INSERT INTO "Account" VALUES(113,'Morrison Household','Philippines','1 Oriole Parkway','','Hermosa','','Household Account','0128A000002hay0QAA');
INSERT INTO "Account" VALUES(114,'Ward Household','Philippines','126 Morningstar Park','','Bantacan','','Household Account','0128A000002hay0QAA');
INSERT INTO "Account" VALUES(115,'Washington Household','Philippines','309 Basil Junction','','Sexmoan','','Household Account','0128A000002hay0QAA');
INSERT INTO "Account" VALUES(116,'Franklin Household','Philippines','4026 Monument Terrace','','Lais','','Household Account','0128A000002hay0QAA');
INSERT INTO "Account" VALUES(117,'Hunt Household','Greece','0 Carpenter Lane','','Markópoulo Oropoú','','Household Account','0128A000002hay0QAA');
INSERT INTO "Account" VALUES(118,'Garrett Household','Greece','18113 Helena Place','','Kariaí','','Household Account','0128A000002hay0QAA');
INSERT INTO "Account" VALUES(119,'Taylor, Alvarez, Stone, Smith, Russell, Medina, Kelly, Johnson and Harrison Household','Greece','7589 Pennsylvania Junction','','Kassándreia','','Household Account','0128A000002hay0QAA');
INSERT INTO "Account" VALUES(120,'Bailey Household','Philippines','75 Ramsey Pass','','Bantacan','','Household Account','0128A000002hay0QAA');
INSERT INTO "Account" VALUES(121,'Thomas Household','Philippines','909 Alpine Avenue','','Lumbang','','Household Account','0128A000002hay0QAA');
INSERT INTO "Account" VALUES(122,'Lane Household','Philippines','92336 Bunker Hill Drive','','Mambago','','Household Account','0128A000002hay0QAA');
INSERT INTO "Account" VALUES(123,'Perry Household','Poland','0 Darwin Lane','','Kowale','','Household Account','0128A000002hay0QAA');
INSERT INTO "Account" VALUES(124,'Anderson Household','Poland','098 Scoville Point','','Przecław','','Household Account','0128A000002hay0QAA');
INSERT INTO "Account" VALUES(125,'Hansen Household','Poland','13 Crownhardt Point','','Wilkowice','','Household Account','0128A000002hay0QAA');
INSERT INTO "Account" VALUES(126,'Willis Household','Poland','843 Cottonwood Lane','','Świnna','','Household Account','0128A000002hay0QAA');
INSERT INTO "Account" VALUES(127,'Holmes Household','Poland','942 Vidon Hill','','Kiełczów','','Household Account','0128A000002hay0QAA');
INSERT INTO "Account" VALUES(128,'Kelly Household','Portugal','0 Shopko Avenue','Lisboa','Aldeia de Juzo','2750-015','Household Account','0128A000002hay0QAA');
INSERT INTO "Account" VALUES(129,'Reyes Household','Portugal','49997 Oakridge Pass','Coimbra','Ribeira','3360-257','Household Account','0128A000002hay0QAA');
INSERT INTO "Account" VALUES(130,'Burke Household','Russia','0747 Drewry Crossing','','Staropyshminsk','','Household Account','0128A000002hay0QAA');
INSERT INTO "Account" VALUES(131,'Webb Household','Russia','4 Lillian Trail','','Slyudyanka','','Household Account','0128A000002hay0QAA');
INSERT INTO "Account" VALUES(132,'Long Household','Russia','755 Thierer Place','','Uchkulan','','Household Account','0128A000002hay0QAA');
INSERT INTO "Account" VALUES(133,'Powell Household','Russia','8 Transport Plaza','','Peresvet','','Household Account','0128A000002hay0QAA');
INSERT INTO "Account" VALUES(134,'Powell Household','Russia','93 Eastlawn Crossing','','Bolgar','','Household Account','0128A000002hay0QAA');
INSERT INTO "Account" VALUES(135,'Jenkins Household','Sierra Leone','484 Londonderry Plaza','','Kayima','','Household Account','0128A000002hay0QAA');
INSERT INTO "Account" VALUES(136,'Gonzales Household','South Korea','701 Waubesa Crossing','','Enjitsu','','Household Account','0128A000002hay0QAA');
INSERT INTO "Account" VALUES(137,'Richards Household','Sweden','62 Graedel Center','Stockholm','Sundbyberg','172 69','Household Account','0128A000002hay0QAA');
INSERT INTO "Account" VALUES(138,'Sullivan Household','Syria','24609 Thompson Parkway','','Tasīl','','Household Account','0128A000002hay0QAA');
INSERT INTO "Account" VALUES(139,'Chapman Household','Thailand','1 Basil Circle','','Bueng Samakkhi','','Household Account','0128A000002hay0QAA');
INSERT INTO "Account" VALUES(140,'Hudson Household','Thailand','4328 Hoffman Road','','Kamalasai','','Household Account','0128A000002hay0QAA');
INSERT INTO "Account" VALUES(141,'Warren Household','Thailand','5730 International Lane','','Phuket','','Household Account','0128A000002hay0QAA');
INSERT INTO "Account" VALUES(142,'King Household','Ukraine','2072 Hayes Plaza','','Rybache','','Household Account','0128A000002hay0QAA');
INSERT INTO "Account" VALUES(143,'Riley Household','Ukraine','39955 Canary Avenue','','Truskavets','','Household Account','0128A000002hay0QAA');
INSERT INTO "Account" VALUES(144,'Porter Household','United States','07050 Doe Crossing Plaza','Minnesota','Saint Paul','55108','Household Account','0128A000002hay0QAA');
INSERT INTO "Account" VALUES(145,'Austin Household','United States','36055 Maple Hill','Connecticut','Waterbury','06705','Household Account','0128A000002hay0QAA');
INSERT INTO "Account" VALUES(146,'Carr Household','United States','50 Cherokee Way','Louisiana','Baton Rouge','70894','Household Account','0128A000002hay0QAA');
INSERT INTO "Account" VALUES(147,'Aimbo','','','','','','','0128A000002hay1QAA');
INSERT INTO "Account" VALUES(148,'Aivee','','','','','','','0128A000002hay1QAA');
INSERT INTO "Account" VALUES(149,'Avamba','','','','','','','0128A000002hay1QAA');
INSERT INTO "Account" VALUES(150,'Blognation','','','','','','','0128A000002hay1QAA');
INSERT INTO "Account" VALUES(151,'Brainbox','','','','','','','0128A000002hay1QAA');
INSERT INTO "Account" VALUES(152,'Brightbean','','','','','','','0128A000002hay1QAA');
INSERT INTO "Account" VALUES(153,'Brightdog','','','','','','','0128A000002hay1QAA');
INSERT INTO "Account" VALUES(154,'Browsecat','','','','','','','0128A000002hay1QAA');
INSERT INTO "Account" VALUES(155,'Bubblebox','','','','','','','0128A000002hay1QAA');
INSERT INTO "Account" VALUES(156,'Centidel','','','','','','','0128A000002hay1QAA');
INSERT INTO "Account" VALUES(157,'Centizu','','','','','','','0128A000002hay1QAA');
INSERT INTO "Account" VALUES(158,'Chatterpoint','','','','','','','0128A000002hay1QAA');
INSERT INTO "Account" VALUES(159,'Dabtype','','','','','','','0128A000002hay1QAA');
INSERT INTO "Account" VALUES(160,'Divape','','','','','','','0128A000002hay1QAA');
INSERT INTO "Account" VALUES(161,'Dynazzy','','','','','','','0128A000002hay1QAA');
INSERT INTO "Account" VALUES(162,'Eare','','','','','','','0128A000002hay1QAA');
INSERT INTO "Account" VALUES(163,'Eazzy','','','','','','','0128A000002hay1QAA');
INSERT INTO "Account" VALUES(164,'Edgeify','','','','','','','0128A000002hay1QAA');
INSERT INTO "Account" VALUES(165,'Edgewire','','','','','','','0128A000002hay1QAA');
INSERT INTO "Account" VALUES(166,'Fatz','','','','','','','0128A000002hay1QAA');
INSERT INTO "Account" VALUES(167,'Flashdog','','','','','','','0128A000002hay1QAA');
CREATE TABLE "Account_rt_mapping" (
	record_type_id VARCHAR(18) NOT NULL, 
	developer_name VARCHAR(255), 
	PRIMARY KEY (record_type_id)
);
INSERT INTO "Account_rt_mapping" VALUES('0128A000002hay0QAA','HH_Account');
INSERT INTO "Account_rt_mapping" VALUES('0128A000002hay1QAA','Organization');
CREATE TABLE "Address__c" (
	id INTEGER NOT NULL, 
	"MailingCountry__c" VARCHAR(255), 
	"MailingStreet__c" VARCHAR(255), 
	"MailingState__c" VARCHAR(255), 
	"MailingCity__c" VARCHAR(255), 
	"MailingPostalCode__c" VARCHAR(255), 
	"Seasonal_Start_Month__c" VARCHAR(255), 
	"Seasonal_Start_Day__c" VARCHAR(255), 
	"Seasonal_End_Month__c" VARCHAR(255), 
	"Seasonal_End_Day__c" VARCHAR(255), 
	"Household_Account__c" VARCHAR(255), 
	PRIMARY KEY (id)
);
INSERT INTO "Address__c" VALUES(1,'China','03 Arapahoe Hill','','Jiangxi','','','','','','69');
INSERT INTO "Address__c" VALUES(2,'China','0377 Shasta Trail','','Panzhou','','','','','','70');
INSERT INTO "Address__c" VALUES(3,'China','1056 Corscot Center','','Guanzhou','','','','','','71');
INSERT INTO "Address__c" VALUES(4,'Argentina','26 Blackbird Junction','','La Banda','','','','','','60');
INSERT INTO "Address__c" VALUES(5,'Argentina','392 Mariners Cove Street','','La Falda','','','','','','61');
INSERT INTO "Address__c" VALUES(6,'Brazil','01 Corry Park','','Irati','','','','','','62');
INSERT INTO "Address__c" VALUES(7,'Brazil','10 Butterfield Place','','Açucena','','','','','','63');
INSERT INTO "Address__c" VALUES(8,'Brazil','20 Oakridge Circle','','Guaratuba','','','','','','64');
INSERT INTO "Address__c" VALUES(9,'Brazil','3170 Mitchell Parkway','','Campinas','','','','','','65');
INSERT INTO "Address__c" VALUES(10,'Brazil','405 Sunbrook Terrace','','Codajás','','','','','','66');
INSERT INTO "Address__c" VALUES(11,'Canada','819 Sycamore Avenue','','Dollard-Des Ormeaux','','','','','','67');
INSERT INTO "Address__c" VALUES(12,'China','02 Golf View Pass','','Xindu','','','','','','68');
INSERT INTO "Address__c" VALUES(13,'China','18 Drewry Street','','Yangshufang','','','','','','72');
INSERT INTO "Address__c" VALUES(14,'China','18 Twin Pines Circle','','Laojiangjunjie','','','','','','73');
INSERT INTO "Address__c" VALUES(15,'China','2 Victoria Point','','Liquan Chengguanzhen','','','','','','74');
INSERT INTO "Address__c" VALUES(16,'China','26 Annamark Alley','','Hatu Buh','','','','','','75');
INSERT INTO "Address__c" VALUES(17,'China','3 Buena Vista Road','','Yonghe','','','','','','76');
INSERT INTO "Address__c" VALUES(18,'China','428 Katie Court','','Jiangning','','','','','','77');
INSERT INTO "Address__c" VALUES(19,'France','97798 Green Trail','Aquitaine','Boé','47555 CEDEX','','','','','100');
INSERT INTO "Address__c" VALUES(20,'China','491 Lerdahl Pass','','Shangjiangxu','','','','','','78');
INSERT INTO "Address__c" VALUES(21,'China','57 Mitchell Circle','','Gaotuo','','','','','','79');
INSERT INTO "Address__c" VALUES(22,'China','59 Sheridan Avenue','','Xiaowuzhan','','','','','','80');
INSERT INTO "Address__c" VALUES(23,'China','612 Almo Hill','','Shuidong','','','','','','81');
INSERT INTO "Address__c" VALUES(24,'China','67377 Memorial Road','','Baikui','','','','','','82');
INSERT INTO "Address__c" VALUES(25,'China','73 Browning Junction','','Licheng','','','','','','83');
INSERT INTO "Address__c" VALUES(26,'China','8193 Dunning Point','','Gangnan','','','','','','84');
INSERT INTO "Address__c" VALUES(27,'China','82521 Pond Terrace','','Bailang','','','','','','85');
INSERT INTO "Address__c" VALUES(28,'China','90472 Montana Center','','Tangqian','','','','','','86');
INSERT INTO "Address__c" VALUES(29,'China','9068 Clove Pass','','Xinfeng','','','','','','87');
INSERT INTO "Address__c" VALUES(30,'Colombia','2 Mccormick Drive','','Arboleda','','','','','','88');
INSERT INTO "Address__c" VALUES(31,'Czech Republic','230 Veith Place','','Želiv','','','','','','89');
INSERT INTO "Address__c" VALUES(32,'Czech Republic','59 Mosinee Drive','','Dřiteň','','','','','','90');
INSERT INTO "Address__c" VALUES(33,'Czech Republic','65 Maywood Drive','','Hošťka','','','','','','91');
INSERT INTO "Address__c" VALUES(34,'Czech Republic','82 Lukken Terrace','','Sedlice','','','','','','92');
INSERT INTO "Address__c" VALUES(35,'Czech Republic','9407 Dottie Street','','Žirovnice','','','','','','93');
INSERT INTO "Address__c" VALUES(36,'Ecuador','67 Milwaukee Parkway','','Montalvo','','','','','','94');
INSERT INTO "Address__c" VALUES(37,'Finland','8 Loomis Alley','','Muhos','','','','','','95');
INSERT INTO "Address__c" VALUES(38,'France','4564 Victoria Parkway','Rhône-Alpes','Meylan','38244 CEDEX','','','','','96');
INSERT INTO "Address__c" VALUES(39,'France','5 Burning Wood Alley','Poitou-Charentes','Royan','17209 CEDEX','','','','','97');
INSERT INTO "Address__c" VALUES(40,'France','861 Dahle Street','Centre','Orléans','45933 CEDEX 9','','','','','98');
INSERT INTO "Address__c" VALUES(41,'France','87 Cambridge Hill','Picardie','Amiens','80891 CEDEX 3','','','','','99');
INSERT INTO "Address__c" VALUES(42,'Indonesia','075 High Crossing Center','','Kajanan','','','','','','101');
INSERT INTO "Address__c" VALUES(43,'Indonesia','2 Chinook Road','','Sumberdangdang','','','','','','102');
INSERT INTO "Address__c" VALUES(44,'Indonesia','402 Loomis Lane','','Cileunyi','','','','','','103');
INSERT INTO "Address__c" VALUES(45,'Indonesia','52 Mifflin Circle','','Tempaling','','','','','','104');
INSERT INTO "Address__c" VALUES(46,'Italy','2 Old Gate Parkway','Sicilia','Messina','98146','','','','','105');
INSERT INTO "Address__c" VALUES(47,'Japan','9 Carpenter Trail','','Jōetsu','','','','','','106');
INSERT INTO "Address__c" VALUES(48,'Kazakhstan','0491 La Follette Crossing','','Taldyqorghan','','','','','','107');
INSERT INTO "Address__c" VALUES(49,'Kazakhstan','1902 Randy Alley','','Kokshetau','','','','','','108');
INSERT INTO "Address__c" VALUES(50,'New Zealand','535 Susan Trail','','Red Hill','','','','','','109');
INSERT INTO "Address__c" VALUES(51,'Poland','098 Scoville Point','','Przecław','','','','','','124');
INSERT INTO "Address__c" VALUES(52,'Nigeria','7060 Marcy Center','','Tegina','','','','','','110');
INSERT INTO "Address__c" VALUES(53,'Philippines','0087 Russell Pass','','Takub','','','','','','111');
INSERT INTO "Address__c" VALUES(54,'Philippines','0990 Mayfield Hill','','Calaba','','','','','','112');
INSERT INTO "Address__c" VALUES(55,'Philippines','1 Oriole Parkway','','Hermosa','','','','','','113');
INSERT INTO "Address__c" VALUES(56,'Philippines','126 Morningstar Park','','Bantacan','','','','','','114');
INSERT INTO "Address__c" VALUES(57,'Philippines','309 Basil Junction','','Sexmoan','','','','','','115');
INSERT INTO "Address__c" VALUES(58,'Philippines','4026 Monument Terrace','','Lais','','','','','','116');
INSERT INTO "Address__c" VALUES(59,'Greece','0 Carpenter Lane','','Markópoulo Oropoú','','','','','','117');
INSERT INTO "Address__c" VALUES(60,'Greece','18113 Helena Place','','Kariaí','','','','','','118');
INSERT INTO "Address__c" VALUES(61,'Greece','7589 Pennsylvania Junction','','Kassándreia','','','','','','119');
INSERT INTO "Address__c" VALUES(62,'Philippines','75 Ramsey Pass','','Bantacan','','','','','','120');
INSERT INTO "Address__c" VALUES(63,'Philippines','909 Alpine Avenue','','Lumbang','','','','','','121');
INSERT INTO "Address__c" VALUES(64,'Philippines','92336 Bunker Hill Drive','','Mambago','','','','','','122');
INSERT INTO "Address__c" VALUES(65,'Poland','0 Darwin Lane','','Kowale','','','','','','123');
INSERT INTO "Address__c" VALUES(66,'Poland','942 Vidon Hill','','Kiełczów','','','','','','127');
INSERT INTO "Address__c" VALUES(67,'Portugal','0 Shopko Avenue','Lisboa','Aldeia de Juzo','2750-015','','','','','128');
INSERT INTO "Address__c" VALUES(68,'Portugal','49997 Oakridge Pass','Coimbra','Ribeira','3360-257','','','','','129');
INSERT INTO "Address__c" VALUES(69,'Poland','13 Crownhardt Point','','Wilkowice','','','','','','125');
INSERT INTO "Address__c" VALUES(70,'Poland','843 Cottonwood Lane','','Świnna','','','','','','126');
INSERT INTO "Address__c" VALUES(71,'Russia','0747 Drewry Crossing','','Staropyshminsk','','','','','','130');
INSERT INTO "Address__c" VALUES(72,'Russia','4 Lillian Trail','','Slyudyanka','','','','','','131');
INSERT INTO "Address__c" VALUES(73,'Russia','755 Thierer Place','','Uchkulan','','','','','','132');
INSERT INTO "Address__c" VALUES(74,'Russia','8 Transport Plaza','','Peresvet','','','','','','133');
INSERT INTO "Address__c" VALUES(75,'Russia','93 Eastlawn Crossing','','Bolgar','','','','','','134');
INSERT INTO "Address__c" VALUES(76,'Sierra Leone','484 Londonderry Plaza','','Kayima','','','','','','135');
INSERT INTO "Address__c" VALUES(77,'South Korea','701 Waubesa Crossing','','Enjitsu','','','','','','136');
INSERT INTO "Address__c" VALUES(78,'Sweden','62 Graedel Center','Stockholm','Sundbyberg','172 69','','','','','137');
INSERT INTO "Address__c" VALUES(79,'Syria','24609 Thompson Parkway','','Tasīl','','','','','','138');
INSERT INTO "Address__c" VALUES(80,'Thailand','1 Basil Circle','','Bueng Samakkhi','','','','','','139');
INSERT INTO "Address__c" VALUES(81,'Thailand','4328 Hoffman Road','','Kamalasai','','','','','','140');
INSERT INTO "Address__c" VALUES(82,'Thailand','5730 International Lane','','Phuket','','','','','','141');
INSERT INTO "Address__c" VALUES(83,'Ukraine','2072 Hayes Plaza','','Rybache','','','','','','142');
INSERT INTO "Address__c" VALUES(84,'Ukraine','39955 Canary Avenue','','Truskavets','','','','','','143');
INSERT INTO "Address__c" VALUES(85,'United States','07050 Doe Crossing Plaza','Minnesota','Saint Paul','55108','','','','','144');
INSERT INTO "Address__c" VALUES(86,'United States','36055 Maple Hill','Connecticut','Waterbury','06705','','','','','145');
INSERT INTO "Address__c" VALUES(87,'United States','50 Cherokee Way','Louisiana','Baton Rouge','70894','','','','','146');
INSERT INTO "Address__c" VALUES(88,'Argentina','26 Blackbird Junction','','La Banda','','6','15','8','30','60');
INSERT INTO "Address__c" VALUES(89,'Argentina','26 Blackbird Junction','','La Banda','','','','','','60');
INSERT INTO "Address__c" VALUES(90,'China','03 Arapahoe Hill','','Jiangxi','','','','','','69');
INSERT INTO "Address__c" VALUES(91,'China','0377 Shasta Trail','','Panzhou','','','','','','70');
INSERT INTO "Address__c" VALUES(92,'China','1056 Corscot Center','','Guanzhou','','','','','','71');
INSERT INTO "Address__c" VALUES(93,'China','18 Drewry Street','','Yangshufang','','','','','','72');
INSERT INTO "Address__c" VALUES(94,'China','18 Twin Pines Circle','','Laojiangjunjie','','','','','','73');
INSERT INTO "Address__c" VALUES(95,'China','2 Victoria Point','','Liquan Chengguanzhen','','','','','','74');
INSERT INTO "Address__c" VALUES(96,'China','26 Annamark Alley','','Hatu Buh','','','','','','75');
INSERT INTO "Address__c" VALUES(97,'China','3 Buena Vista Road','','Yonghe','','','','','','76');
INSERT INTO "Address__c" VALUES(98,'China','428 Katie Court','','Jiangning','','','','','','77');
INSERT INTO "Address__c" VALUES(99,'China','491 Lerdahl Pass','','Shangjiangxu','','','','','','78');
INSERT INTO "Address__c" VALUES(100,'Argentina','392 Mariners Cove Street','','La Falda','','','','','','61');
INSERT INTO "Address__c" VALUES(101,'China','57 Mitchell Circle','','Gaotuo','','','','','','79');
INSERT INTO "Address__c" VALUES(102,'China','59 Sheridan Avenue','','Xiaowuzhan','','','','','','80');
INSERT INTO "Address__c" VALUES(103,'China','612 Almo Hill','','Shuidong','','','','','','81');
INSERT INTO "Address__c" VALUES(104,'China','67377 Memorial Road','','Baikui','','','','','','82');
INSERT INTO "Address__c" VALUES(105,'China','73 Browning Junction','','Licheng','','','','','','83');
INSERT INTO "Address__c" VALUES(106,'China','8193 Dunning Point','','Gangnan','','','','','','84');
INSERT INTO "Address__c" VALUES(107,'China','82521 Pond Terrace','','Bailang','','','','','','85');
INSERT INTO "Address__c" VALUES(108,'Kazakhstan','0491 La Follette Crossing','','Taldyqorghan','','','','','','92');
INSERT INTO "Address__c" VALUES(109,'Kazakhstan','1902 Randy Alley','','Kokshetau','','','','','','92');
INSERT INTO "Address__c" VALUES(110,'New Zealand','535 Susan Trail','','Red Hill','','','','','','92');
INSERT INTO "Address__c" VALUES(111,'Nigeria','7060 Marcy Center','','Tegina','','','','','','92');
INSERT INTO "Address__c" VALUES(112,'Philippines','0087 Russell Pass','','Takub','','','','','','92');
INSERT INTO "Address__c" VALUES(113,'Philippines','0990 Mayfield Hill','','Calaba','','','','','','92');
INSERT INTO "Address__c" VALUES(114,'Philippines','1 Oriole Parkway','','Hermosa','','','','','','92');
INSERT INTO "Address__c" VALUES(115,'Philippines','126 Morningstar Park','','Bantacan','','','','','','92');
INSERT INTO "Address__c" VALUES(116,'Czech Republic','82 Lukken Terrace','','Sedlice','','','','','','92');
INSERT INTO "Address__c" VALUES(117,'Colombia','2 Mccormick Drive','','Arboleda','','','','','','92');
INSERT INTO "Address__c" VALUES(118,'Czech Republic','230 Veith Place','','Želiv','','','','','','92');
INSERT INTO "Address__c" VALUES(119,'Czech Republic','59 Mosinee Drive','','Dřiteň','','','','','','92');
INSERT INTO "Address__c" VALUES(120,'Czech Republic','65 Maywood Drive','','Hošťka','','','','','','92');
INSERT INTO "Address__c" VALUES(121,'Czech Republic','82 Lukken Terrace','','Sedlice','','','','','','92');
INSERT INTO "Address__c" VALUES(122,'Czech Republic','9407 Dottie Street','','Žirovnice','','','','','','92');
INSERT INTO "Address__c" VALUES(123,'Ecuador','67 Milwaukee Parkway','','Montalvo','','','','','','92');
INSERT INTO "Address__c" VALUES(124,'Finland','8 Loomis Alley','','Muhos','','','','','','92');
INSERT INTO "Address__c" VALUES(125,'France','4564 Victoria Parkway','Rhône-Alpes','Meylan','38244 CEDEX','','','','','92');
INSERT INTO "Address__c" VALUES(126,'France','5 Burning Wood Alley','Poitou-Charentes','Royan','17209 CEDEX','','','','','92');
INSERT INTO "Address__c" VALUES(127,'France','861 Dahle Street','Centre','Orléans','45933 CEDEX 9','','','','','92');
INSERT INTO "Address__c" VALUES(128,'France','87 Cambridge Hill','Picardie','Amiens','80891 CEDEX 3','','','','','92');
INSERT INTO "Address__c" VALUES(129,'France','97798 Green Trail','Aquitaine','Boé','47555 CEDEX','','','','','92');
INSERT INTO "Address__c" VALUES(130,'Greece','18113 Helena Place','','Kariaí','','','','','','92');
INSERT INTO "Address__c" VALUES(131,'Greece','7589 Pennsylvania Junction','','Kassándreia','','','','','','92');
INSERT INTO "Address__c" VALUES(132,'Indonesia','075 High Crossing Center','','Kajanan','','','','','','92');
INSERT INTO "Address__c" VALUES(133,'China','90472 Montana Center','','Tangqian','','','','','','86');
INSERT INTO "Address__c" VALUES(134,'China','9068 Clove Pass','','Xinfeng','','','','','','87');
INSERT INTO "Address__c" VALUES(135,'Colombia','2 Mccormick Drive','','Arboleda','','','','','','88');
INSERT INTO "Address__c" VALUES(136,'Brazil','01 Corry Park','','Irati','','','','','','62');
INSERT INTO "Address__c" VALUES(137,'Czech Republic','230 Veith Place','','Želiv','','','','','','89');
INSERT INTO "Address__c" VALUES(138,'Czech Republic','59 Mosinee Drive','','Dřiteň','','','','','','90');
INSERT INTO "Address__c" VALUES(139,'Czech Republic','65 Maywood Drive','','Hošťka','','','','','','91');
INSERT INTO "Address__c" VALUES(140,'United States','07050 Doe Crossing Plaza','Minnesota','Saint Paul','55108','','','','','92');
INSERT INTO "Address__c" VALUES(141,'United States','36055 Maple Hill','Connecticut','Waterbury','06705','','','','','92');
INSERT INTO "Address__c" VALUES(142,'United States','50 Cherokee Way','Louisiana','Baton Rouge','70894','','','','','92');
INSERT INTO "Address__c" VALUES(143,'Argentina','26 Blackbird Junction','','La Banda','','','','','','92');
INSERT INTO "Address__c" VALUES(144,'Argentina','392 Mariners Cove Street','','La Falda','','','','','','92');
INSERT INTO "Address__c" VALUES(145,'Brazil','01 Corry Park','','Irati','','','','','','92');
INSERT INTO "Address__c" VALUES(146,'Brazil','10 Butterfield Place','','Açucena','','','','','','92');
INSERT INTO "Address__c" VALUES(147,'Brazil','20 Oakridge Circle','','Guaratuba','','','','','','92');
INSERT INTO "Address__c" VALUES(148,'Brazil','3170 Mitchell Parkway','','Campinas','','','','','','92');
INSERT INTO "Address__c" VALUES(149,'Brazil','405 Sunbrook Terrace','','Codajás','','','','','','92');
INSERT INTO "Address__c" VALUES(150,'Canada','819 Sycamore Avenue','','Dollard-Des Ormeaux','','','','','','92');
INSERT INTO "Address__c" VALUES(151,'China','02 Golf View Pass','','Xindu','','','','','','92');
INSERT INTO "Address__c" VALUES(152,'China','03 Arapahoe Hill','','Jiangxi','','','','','','92');
INSERT INTO "Address__c" VALUES(153,'China','0377 Shasta Trail','','Panzhou','','','','','','92');
INSERT INTO "Address__c" VALUES(154,'China','1056 Corscot Center','','Guanzhou','','','','','','92');
INSERT INTO "Address__c" VALUES(155,'China','18 Drewry Street','','Yangshufang','','','','','','92');
INSERT INTO "Address__c" VALUES(156,'China','18 Twin Pines Circle','','Laojiangjunjie','','','','','','92');
INSERT INTO "Address__c" VALUES(157,'China','2 Victoria Point','','Liquan Chengguanzhen','','','','','','92');
INSERT INTO "Address__c" VALUES(158,'China','26 Annamark Alley','','Hatu Buh','','','','','','92');
INSERT INTO "Address__c" VALUES(159,'China','3 Buena Vista Road','','Yonghe','','','','','','92');
INSERT INTO "Address__c" VALUES(160,'China','428 Katie Court','','Jiangning','','','','','','92');
INSERT INTO "Address__c" VALUES(161,'China','491 Lerdahl Pass','','Shangjiangxu','','','','','','92');
INSERT INTO "Address__c" VALUES(162,'Sweden','62 Graedel Center','Stockholm','Sundbyberg','172 69','','','','','92');
INSERT INTO "Address__c" VALUES(163,'Syria','24609 Thompson Parkway','','Tasīl','','','','','','92');
INSERT INTO "Address__c" VALUES(164,'Thailand','1 Basil Circle','','Bueng Samakkhi','','','','','','92');
INSERT INTO "Address__c" VALUES(165,'Thailand','4328 Hoffman Road','','Kamalasai','','','','','','92');
INSERT INTO "Address__c" VALUES(166,'Thailand','5730 International Lane','','Phuket','','','','','','92');
INSERT INTO "Address__c" VALUES(167,'Ukraine','2072 Hayes Plaza','','Rybache','','','','','','92');
INSERT INTO "Address__c" VALUES(168,'Ukraine','39955 Canary Avenue','','Truskavets','','','','','','92');
INSERT INTO "Address__c" VALUES(169,'Greece','0 Carpenter Lane','','Markópoulo Oropoú','','','','','','92');
INSERT INTO "Address__c" VALUES(170,'Czech Republic','9407 Dottie Street','','Žirovnice','','','','','','93');
INSERT INTO "Address__c" VALUES(171,'Ecuador','67 Milwaukee Parkway','','Montalvo','','','','','','94');
INSERT INTO "Address__c" VALUES(172,'Finland','8 Loomis Alley','','Muhos','','','','','','95');
INSERT INTO "Address__c" VALUES(173,'France','4564 Victoria Parkway','Rhône-Alpes','Meylan','38244 CEDEX','','','','','96');
INSERT INTO "Address__c" VALUES(174,'France','5 Burning Wood Alley','Poitou-Charentes','Royan','17209 CEDEX','','','','','97');
INSERT INTO "Address__c" VALUES(175,'France','861 Dahle Street','Centre','Orléans','45933 CEDEX 9','','','','','98');
INSERT INTO "Address__c" VALUES(176,'Brazil','10 Butterfield Place','','Açucena','','','','','','63');
INSERT INTO "Address__c" VALUES(177,'France','87 Cambridge Hill','Picardie','Amiens','80891 CEDEX 3','6','15','8','30','99');
INSERT INTO "Address__c" VALUES(178,'France','87 Cambridge Hill','Picardie','Amiens','80891 CEDEX 3','','','','','99');
INSERT INTO "Address__c" VALUES(179,'France','97798 Green Trail','Aquitaine','Boé','47555 CEDEX','','','','','100');
INSERT INTO "Address__c" VALUES(180,'Indonesia','075 High Crossing Center','','Kajanan','','','','','','101');
INSERT INTO "Address__c" VALUES(181,'Indonesia','2 Chinook Road','','Sumberdangdang','','','','','','102');
INSERT INTO "Address__c" VALUES(182,'Indonesia','402 Loomis Lane','','Cileunyi','','','','','','103');
INSERT INTO "Address__c" VALUES(183,'Indonesia','52 Mifflin Circle','','Tempaling','','','','','','104');
INSERT INTO "Address__c" VALUES(184,'Italy','2 Old Gate Parkway','Sicilia','Messina','98146','','','','','105');
INSERT INTO "Address__c" VALUES(185,'Japan','9 Carpenter Trail','','Jōetsu','','','','','','106');
INSERT INTO "Address__c" VALUES(186,'Kazakhstan','0491 La Follette Crossing','','Taldyqorghan','','','','','','107');
INSERT INTO "Address__c" VALUES(187,'Kazakhstan','1902 Randy Alley','','Kokshetau','','','','','','108');
INSERT INTO "Address__c" VALUES(188,'Brazil','20 Oakridge Circle','','Guaratuba','','','','','','64');
INSERT INTO "Address__c" VALUES(189,'Russia','8 Transport Plaza','','Peresvet','','','','','','133');
INSERT INTO "Address__c" VALUES(190,'Russia','93 Eastlawn Crossing','','Bolgar','','','','','','134');
INSERT INTO "Address__c" VALUES(191,'Sierra Leone','484 Londonderry Plaza','','Kayima','','','','','','135');
INSERT INTO "Address__c" VALUES(192,'South Korea','701 Waubesa Crossing','','Enjitsu','','','','','','136');
INSERT INTO "Address__c" VALUES(193,'Sweden','62 Graedel Center','Stockholm','Sundbyberg','172 69','','','','','137');
INSERT INTO "Address__c" VALUES(194,'Syria','24609 Thompson Parkway','','Tasīl','','','','','','138');
INSERT INTO "Address__c" VALUES(195,'Canada','819 Sycamore Avenue','','Dollard-Des Ormeaux','','','','','','67');
INSERT INTO "Address__c" VALUES(196,'Thailand','1 Basil Circle','','Bueng Samakkhi','','','','','','139');
INSERT INTO "Address__c" VALUES(197,'Thailand','4328 Hoffman Road','','Kamalasai','','','','','','140');
INSERT INTO "Address__c" VALUES(198,'Thailand','5730 International Lane','','Phuket','','','','','','141');
INSERT INTO "Address__c" VALUES(199,'Ukraine','2072 Hayes Plaza','','Rybache','','','','','','142');
INSERT INTO "Address__c" VALUES(200,'Ukraine','39955 Canary Avenue','','Truskavets','','','','','','143');
INSERT INTO "Address__c" VALUES(201,'United States','07050 Doe Crossing Plaza','Minnesota','Saint Paul','55108','','','','','144');
INSERT INTO "Address__c" VALUES(202,'United States','36055 Maple Hill','Connecticut','Waterbury','06705','','','','','145');
INSERT INTO "Address__c" VALUES(203,'United States','50 Cherokee Way','Louisiana','Baton Rouge','70894','','','','','146');
INSERT INTO "Address__c" VALUES(204,'China','02 Golf View Pass','','Xindu','','6','15','8','30','68');
INSERT INTO "Address__c" VALUES(205,'China','02 Golf View Pass','','Xindu','','','','','','68');
INSERT INTO "Address__c" VALUES(206,'Russia','4 Lillian Trail','','Slyudyanka','','','','','','131');
INSERT INTO "Address__c" VALUES(207,'Russia','755 Thierer Place','','Uchkulan','','','','','','132');
INSERT INTO "Address__c" VALUES(208,'Indonesia','2 Chinook Road','','Sumberdangdang','','','','','','92');
INSERT INTO "Address__c" VALUES(209,'Indonesia','402 Loomis Lane','','Cileunyi','','','','','','92');
INSERT INTO "Address__c" VALUES(210,'Philippines','309 Basil Junction','','Sexmoan','','','','','','92');
INSERT INTO "Address__c" VALUES(211,'Philippines','4026 Monument Terrace','','Lais','','','','','','92');
INSERT INTO "Address__c" VALUES(212,'Philippines','75 Ramsey Pass','','Bantacan','','','','','','92');
INSERT INTO "Address__c" VALUES(213,'Philippines','909 Alpine Avenue','','Lumbang','','','','','','92');
INSERT INTO "Address__c" VALUES(214,'Philippines','92336 Bunker Hill Drive','','Mambago','','','','','','92');
INSERT INTO "Address__c" VALUES(215,'Poland','0 Darwin Lane','','Kowale','','','','','','92');
INSERT INTO "Address__c" VALUES(216,'Poland','098 Scoville Point','','Przecław','','','','','','92');
INSERT INTO "Address__c" VALUES(217,'Poland','13 Crownhardt Point','','Wilkowice','','','','','','92');
INSERT INTO "Address__c" VALUES(218,'Poland','843 Cottonwood Lane','','Świnna','','','','','','92');
INSERT INTO "Address__c" VALUES(219,'Poland','942 Vidon Hill','','Kiełczów','','','','','','92');
INSERT INTO "Address__c" VALUES(220,'Portugal','0 Shopko Avenue','Lisboa','Aldeia de Juzo','2750-015','','','','','92');
INSERT INTO "Address__c" VALUES(221,'Portugal','49997 Oakridge Pass','Coimbra','Ribeira','3360-257','','','','','92');
INSERT INTO "Address__c" VALUES(222,'Russia','0747 Drewry Crossing','','Staropyshminsk','','','','','','92');
INSERT INTO "Address__c" VALUES(223,'Russia','4 Lillian Trail','','Slyudyanka','','','','','','92');
INSERT INTO "Address__c" VALUES(224,'Russia','755 Thierer Place','','Uchkulan','','','','','','92');
INSERT INTO "Address__c" VALUES(225,'Russia','8 Transport Plaza','','Peresvet','','','','','','92');
INSERT INTO "Address__c" VALUES(226,'Russia','93 Eastlawn Crossing','','Bolgar','','','','','','92');
INSERT INTO "Address__c" VALUES(227,'Sierra Leone','484 Londonderry Plaza','','Kayima','','','','','','92');
INSERT INTO "Address__c" VALUES(228,'South Korea','701 Waubesa Crossing','','Enjitsu','','','','','','92');
INSERT INTO "Address__c" VALUES(229,'China','57 Mitchell Circle','','Gaotuo','','','','','','92');
INSERT INTO "Address__c" VALUES(230,'China','59 Sheridan Avenue','','Xiaowuzhan','','','','','','92');
INSERT INTO "Address__c" VALUES(231,'China','612 Almo Hill','','Shuidong','','','','','','92');
INSERT INTO "Address__c" VALUES(232,'China','67377 Memorial Road','','Baikui','','','','','','92');
INSERT INTO "Address__c" VALUES(233,'China','73 Browning Junction','','Licheng','','','','','','92');
INSERT INTO "Address__c" VALUES(234,'China','8193 Dunning Point','','Gangnan','','','','','','92');
INSERT INTO "Address__c" VALUES(235,'China','82521 Pond Terrace','','Bailang','','','','','','92');
INSERT INTO "Address__c" VALUES(236,'China','90472 Montana Center','','Tangqian','','','','','','92');
INSERT INTO "Address__c" VALUES(237,'China','9068 Clove Pass','','Xinfeng','','','','','','92');
INSERT INTO "Address__c" VALUES(238,'Indonesia','52 Mifflin Circle','','Tempaling','','','','','','92');
INSERT INTO "Address__c" VALUES(239,'Italy','2 Old Gate Parkway','Sicilia','Messina','98146','','','','','92');
INSERT INTO "Address__c" VALUES(240,'Japan','9 Carpenter Trail','','Jōetsu','','','','','','92');
INSERT INTO "Address__c" VALUES(241,'New Zealand','535 Susan Trail','','Red Hill','','6','15','8','30','109');
INSERT INTO "Address__c" VALUES(242,'New Zealand','535 Susan Trail','','Red Hill','','','','','','109');
INSERT INTO "Address__c" VALUES(243,'Nigeria','7060 Marcy Center','','Tegina','','','','','','110');
INSERT INTO "Address__c" VALUES(244,'Philippines','0087 Russell Pass','','Takub','','','','','','111');
INSERT INTO "Address__c" VALUES(245,'Philippines','0990 Mayfield Hill','','Calaba','','','','','','112');
INSERT INTO "Address__c" VALUES(246,'Philippines','1 Oriole Parkway','','Hermosa','','','','','','113');
INSERT INTO "Address__c" VALUES(247,'Philippines','126 Morningstar Park','','Bantacan','','','','','','114');
INSERT INTO "Address__c" VALUES(248,'Philippines','309 Basil Junction','','Sexmoan','','','','','','115');
INSERT INTO "Address__c" VALUES(249,'Philippines','4026 Monument Terrace','','Lais','','','','','','116');
INSERT INTO "Address__c" VALUES(250,'Greece','0 Carpenter Lane','','Markópoulo Oropoú','','','','','','117');
INSERT INTO "Address__c" VALUES(251,'Greece','18113 Helena Place','','Kariaí','','','','','','118');
INSERT INTO "Address__c" VALUES(252,'Brazil','3170 Mitchell Parkway','','Campinas','','','','','','65');
INSERT INTO "Address__c" VALUES(253,'Greece','7589 Pennsylvania Junction','','Kassándreia','','','','','','119');
INSERT INTO "Address__c" VALUES(254,'Philippines','75 Ramsey Pass','','Bantacan','','','','','','120');
INSERT INTO "Address__c" VALUES(255,'Philippines','909 Alpine Avenue','','Lumbang','','','','','','121');
INSERT INTO "Address__c" VALUES(256,'Philippines','92336 Bunker Hill Drive','','Mambago','','','','','','122');
INSERT INTO "Address__c" VALUES(257,'Poland','0 Darwin Lane','','Kowale','','6','15','8','30','123');
INSERT INTO "Address__c" VALUES(258,'Poland','0 Darwin Lane','','Kowale','','','','','','123');
INSERT INTO "Address__c" VALUES(259,'Poland','098 Scoville Point','','Przecław','','','','','','124');
INSERT INTO "Address__c" VALUES(260,'Poland','13 Crownhardt Point','','Wilkowice','','','','','','125');
INSERT INTO "Address__c" VALUES(261,'Poland','843 Cottonwood Lane','','Świnna','','','','','','126');
INSERT INTO "Address__c" VALUES(262,'Poland','942 Vidon Hill','','Kiełczów','','','','','','127');
INSERT INTO "Address__c" VALUES(263,'Portugal','0 Shopko Avenue','Lisboa','Aldeia de Juzo','2750-015','','','','','128');
INSERT INTO "Address__c" VALUES(264,'Brazil','405 Sunbrook Terrace','','Codajás','','','','','','66');
INSERT INTO "Address__c" VALUES(265,'Portugal','49997 Oakridge Pass','Coimbra','Ribeira','3360-257','','','','','129');
INSERT INTO "Address__c" VALUES(266,'Russia','0747 Drewry Crossing','','Staropyshminsk','','','','','','130');
CREATE TABLE "Allocation__c" (
	id INTEGER NOT NULL, 
	"Percent__c" VARCHAR(255), 
	"Amount__c" VARCHAR(255), 
	"Opportunity__c" VARCHAR(255), 
	"General_Accounting_Unit__c" VARCHAR(255), 
	"Recurring_Donation__c" VARCHAR(255), 
	PRIMARY KEY (id)
);
INSERT INTO "Allocation__c" VALUES(1,'10.0','39.3','156','15','');
INSERT INTO "Allocation__c" VALUES(2,'10.0','39.3','156','17','');
INSERT INTO "Allocation__c" VALUES(3,'10.0','39.3','156','20','');
INSERT INTO "Allocation__c" VALUES(4,'10.0','39.3','156','3','');
INSERT INTO "Allocation__c" VALUES(5,'10.0','39.3','156','35','');
INSERT INTO "Allocation__c" VALUES(6,'10.0','39.3','156','41','');
INSERT INTO "Allocation__c" VALUES(7,'10.0','39.3','156','44','');
INSERT INTO "Allocation__c" VALUES(8,'10.0','39.3','156','47','');
INSERT INTO "Allocation__c" VALUES(9,'10.0','39.3','156','6','');
INSERT INTO "Allocation__c" VALUES(10,'10.0','39.3','156','7','');
INSERT INTO "Allocation__c" VALUES(11,'10.0','64.3','157','12','');
INSERT INTO "Allocation__c" VALUES(12,'10.0','64.3','157','13','');
INSERT INTO "Allocation__c" VALUES(13,'10.0','64.3','157','15','');
INSERT INTO "Allocation__c" VALUES(14,'10.0','64.3','157','18','');
INSERT INTO "Allocation__c" VALUES(15,'10.0','64.3','157','20','');
INSERT INTO "Allocation__c" VALUES(16,'10.0','64.3','157','24','');
INSERT INTO "Allocation__c" VALUES(17,'10.0','64.3','157','3','');
INSERT INTO "Allocation__c" VALUES(18,'10.0','64.3','157','30','');
INSERT INTO "Allocation__c" VALUES(19,'10.0','64.3','157','34','');
INSERT INTO "Allocation__c" VALUES(20,'10.0','64.3','157','42','');
INSERT INTO "Allocation__c" VALUES(21,'10.0','496.5','45','12','');
INSERT INTO "Allocation__c" VALUES(22,'10.0','496.5','45','12','');
INSERT INTO "Allocation__c" VALUES(23,'10.0','496.5','45','18','');
INSERT INTO "Allocation__c" VALUES(24,'10.0','496.5','45','19','');
INSERT INTO "Allocation__c" VALUES(25,'10.0','496.5','45','25','');
INSERT INTO "Allocation__c" VALUES(26,'10.0','496.5','45','29','');
INSERT INTO "Allocation__c" VALUES(27,'10.0','496.5','45','32','');
INSERT INTO "Allocation__c" VALUES(28,'10.0','496.5','45','50','');
INSERT INTO "Allocation__c" VALUES(29,'10.0','496.5','45','50','');
INSERT INTO "Allocation__c" VALUES(30,'10.0','496.5','45','9','');
INSERT INTO "Allocation__c" VALUES(31,'10.0','32.7','182','18','');
INSERT INTO "Allocation__c" VALUES(32,'10.0','32.7','182','2','');
INSERT INTO "Allocation__c" VALUES(33,'10.0','32.7','182','26','');
INSERT INTO "Allocation__c" VALUES(34,'10.0','32.7','182','28','');
INSERT INTO "Allocation__c" VALUES(35,'10.0','32.7','182','33','');
INSERT INTO "Allocation__c" VALUES(36,'10.0','32.7','182','35','');
INSERT INTO "Allocation__c" VALUES(37,'10.0','32.7','182','37','');
INSERT INTO "Allocation__c" VALUES(38,'10.0','32.7','182','4','');
INSERT INTO "Allocation__c" VALUES(39,'10.0','32.7','182','40','');
INSERT INTO "Allocation__c" VALUES(40,'10.0','32.7','182','40','');
INSERT INTO "Allocation__c" VALUES(41,'10.0','54.0','197','1','');
INSERT INTO "Allocation__c" VALUES(42,'10.0','54.0','197','12','');
INSERT INTO "Allocation__c" VALUES(43,'10.0','54.0','197','14','');
INSERT INTO "Allocation__c" VALUES(44,'10.0','54.0','197','15','');
INSERT INTO "Allocation__c" VALUES(45,'10.0','8.5','20','34','');
INSERT INTO "Allocation__c" VALUES(46,'10.0','8.5','20','45','');
INSERT INTO "Allocation__c" VALUES(47,'10.0','8.5','20','42','');
INSERT INTO "Allocation__c" VALUES(48,'10.0','8.5','20','5','');
INSERT INTO "Allocation__c" VALUES(49,'10.0','8.5','20','31','');
INSERT INTO "Allocation__c" VALUES(50,'10.0','8.5','20','7','');
INSERT INTO "Allocation__c" VALUES(51,'10.0','75.1','120','10','');
INSERT INTO "Allocation__c" VALUES(52,'10.0','75.1','120','11','');
INSERT INTO "Allocation__c" VALUES(53,'10.0','75.1','120','19','');
INSERT INTO "Allocation__c" VALUES(54,'10.0','75.1','120','2','');
INSERT INTO "Allocation__c" VALUES(55,'10.0','75.1','120','24','');
INSERT INTO "Allocation__c" VALUES(56,'10.0','75.1','120','26','');
INSERT INTO "Allocation__c" VALUES(57,'10.0','75.1','120','27','');
INSERT INTO "Allocation__c" VALUES(58,'10.0','75.1','120','36','');
INSERT INTO "Allocation__c" VALUES(59,'10.0','75.1','120','47','');
INSERT INTO "Allocation__c" VALUES(60,'10.0','75.1','120','47','');
INSERT INTO "Allocation__c" VALUES(61,'10.0','54.0','197','17','');
INSERT INTO "Allocation__c" VALUES(62,'10.0','54.0','197','33','');
INSERT INTO "Allocation__c" VALUES(63,'10.0','54.0','197','38','');
INSERT INTO "Allocation__c" VALUES(64,'10.0','54.0','197','38','');
INSERT INTO "Allocation__c" VALUES(65,'10.0','54.0','197','46','');
INSERT INTO "Allocation__c" VALUES(66,'10.0','54.0','197','50','');
INSERT INTO "Allocation__c" VALUES(67,'10.0','785.8','51','1','');
INSERT INTO "Allocation__c" VALUES(68,'10.0','785.8','51','12','');
INSERT INTO "Allocation__c" VALUES(69,'10.0','785.8','51','13','');
INSERT INTO "Allocation__c" VALUES(70,'10.0','785.8','51','15','');
INSERT INTO "Allocation__c" VALUES(71,'10.0','785.8','51','20','');
INSERT INTO "Allocation__c" VALUES(72,'10.0','785.8','51','29','');
INSERT INTO "Allocation__c" VALUES(73,'10.0','785.8','51','3','');
INSERT INTO "Allocation__c" VALUES(74,'10.0','785.8','51','3','');
INSERT INTO "Allocation__c" VALUES(75,'10.0','785.8','51','43','');
INSERT INTO "Allocation__c" VALUES(76,'10.0','785.8','51','47','');
INSERT INTO "Allocation__c" VALUES(77,'10.0','48.5','232','12','');
INSERT INTO "Allocation__c" VALUES(78,'10.0','48.5','232','14','');
INSERT INTO "Allocation__c" VALUES(79,'10.0','48.5','232','16','');
INSERT INTO "Allocation__c" VALUES(80,'10.0','48.5','232','21','');
INSERT INTO "Allocation__c" VALUES(81,'10.0','48.5','232','22','');
INSERT INTO "Allocation__c" VALUES(82,'10.0','48.5','232','22','');
INSERT INTO "Allocation__c" VALUES(83,'10.0','48.5','232','38','');
INSERT INTO "Allocation__c" VALUES(84,'10.0','48.5','232','39','');
INSERT INTO "Allocation__c" VALUES(85,'10.0','48.5','232','45','');
INSERT INTO "Allocation__c" VALUES(86,'10.0','48.5','232','49','');
INSERT INTO "Allocation__c" VALUES(87,'10.0','75.7','16','22','');
INSERT INTO "Allocation__c" VALUES(88,'10.0','75.7','16','24','');
INSERT INTO "Allocation__c" VALUES(89,'10.0','75.7','16','27','');
INSERT INTO "Allocation__c" VALUES(90,'10.0','75.7','16','28','');
INSERT INTO "Allocation__c" VALUES(91,'10.0','75.7','16','36','');
INSERT INTO "Allocation__c" VALUES(92,'10.0','75.7','16','4','');
INSERT INTO "Allocation__c" VALUES(93,'10.0','75.7','16','46','');
INSERT INTO "Allocation__c" VALUES(94,'10.0','75.7','16','43','');
INSERT INTO "Allocation__c" VALUES(95,'10.0','75.7','16','48','');
INSERT INTO "Allocation__c" VALUES(96,'10.0','75.7','16','8','');
INSERT INTO "Allocation__c" VALUES(97,'10.0','8.5','20','16','');
INSERT INTO "Allocation__c" VALUES(98,'10.0','8.5','20','2','');
INSERT INTO "Allocation__c" VALUES(99,'10.0','8.5','20','23','');
INSERT INTO "Allocation__c" VALUES(100,'10.0','8.5','20','30','');
CREATE TABLE "Campaign" (
	id INTEGER NOT NULL, 
	name VARCHAR(255), 
	PRIMARY KEY (id)
);
INSERT INTO "Campaign" VALUES(1,'Jan 2015 Meeting');
INSERT INTO "Campaign" VALUES(2,'Feb 2015 Meeting');
INSERT INTO "Campaign" VALUES(3,'Mar 2015 Meeting');
INSERT INTO "Campaign" VALUES(4,'Apr 2015 Meeting');
INSERT INTO "Campaign" VALUES(5,'May 2015 Meeting');
INSERT INTO "Campaign" VALUES(6,'Jun 2015 Meeting');
INSERT INTO "Campaign" VALUES(7,'Jul 2015 Meeting');
INSERT INTO "Campaign" VALUES(8,'Aug 2015 Meeting');
INSERT INTO "Campaign" VALUES(9,'Sept 2015 Meeting');
INSERT INTO "Campaign" VALUES(10,'Oct 2015 Meeting');
INSERT INTO "Campaign" VALUES(11,'Nov 2015 Meeting');
INSERT INTO "Campaign" VALUES(12,'Dec 2015 Meeting');
INSERT INTO "Campaign" VALUES(13,'All Contacts');
CREATE TABLE "CampaignMember" (
	id INTEGER NOT NULL, 
	status VARCHAR(255), 
	"ContactId" VARCHAR(255), 
	"CampaignId" VARCHAR(255), 
	PRIMARY KEY (id)
);
INSERT INTO "CampaignMember" VALUES(1,'Sent','61','13');
INSERT INTO "CampaignMember" VALUES(2,'Sent','62','13');
INSERT INTO "CampaignMember" VALUES(3,'Sent','63','13');
INSERT INTO "CampaignMember" VALUES(4,'Sent','64','13');
INSERT INTO "CampaignMember" VALUES(5,'Sent','68','13');
INSERT INTO "CampaignMember" VALUES(6,'Sent','65','13');
INSERT INTO "CampaignMember" VALUES(7,'Sent','79','13');
INSERT INTO "CampaignMember" VALUES(8,'Sent','80','13');
INSERT INTO "CampaignMember" VALUES(9,'Sent','80','2');
INSERT INTO "CampaignMember" VALUES(10,'Sent','16','13');
INSERT INTO "CampaignMember" VALUES(11,'Sent','81','13');
INSERT INTO "CampaignMember" VALUES(12,'Sent','82','13');
INSERT INTO "CampaignMember" VALUES(13,'Sent','83','13');
INSERT INTO "CampaignMember" VALUES(14,'Sent','84','13');
INSERT INTO "CampaignMember" VALUES(15,'Sent','85','1');
INSERT INTO "CampaignMember" VALUES(16,'Sent','85','10');
INSERT INTO "CampaignMember" VALUES(17,'Sent','85','11');
INSERT INTO "CampaignMember" VALUES(18,'Sent','85','12');
INSERT INTO "CampaignMember" VALUES(19,'Sent','85','13');
INSERT INTO "CampaignMember" VALUES(20,'Sent','85','2');
INSERT INTO "CampaignMember" VALUES(21,'Sent','85','3');
INSERT INTO "CampaignMember" VALUES(22,'Sent','85','4');
INSERT INTO "CampaignMember" VALUES(23,'Sent','85','5');
INSERT INTO "CampaignMember" VALUES(24,'Sent','85','6');
INSERT INTO "CampaignMember" VALUES(25,'Sent','85','7');
INSERT INTO "CampaignMember" VALUES(26,'Sent','85','8');
INSERT INTO "CampaignMember" VALUES(27,'Sent','85','9');
INSERT INTO "CampaignMember" VALUES(28,'Sent','86','13');
INSERT INTO "CampaignMember" VALUES(29,'Sent','87','13');
INSERT INTO "CampaignMember" VALUES(30,'Sent','88','13');
INSERT INTO "CampaignMember" VALUES(31,'Sent','89','13');
INSERT INTO "CampaignMember" VALUES(32,'Sent','90','13');
INSERT INTO "CampaignMember" VALUES(33,'Sent','17','1');
INSERT INTO "CampaignMember" VALUES(34,'Sent','17','10');
INSERT INTO "CampaignMember" VALUES(35,'Sent','17','11');
INSERT INTO "CampaignMember" VALUES(36,'Sent','17','12');
INSERT INTO "CampaignMember" VALUES(37,'Sent','17','13');
INSERT INTO "CampaignMember" VALUES(38,'Sent','17','3');
INSERT INTO "CampaignMember" VALUES(39,'Sent','17','4');
INSERT INTO "CampaignMember" VALUES(40,'Sent','17','5');
INSERT INTO "CampaignMember" VALUES(41,'Sent','17','6');
INSERT INTO "CampaignMember" VALUES(42,'Sent','17','7');
INSERT INTO "CampaignMember" VALUES(43,'Sent','17','8');
INSERT INTO "CampaignMember" VALUES(44,'Sent','17','9');
INSERT INTO "CampaignMember" VALUES(45,'Sent','91','13');
INSERT INTO "CampaignMember" VALUES(46,'Sent','91','2');
INSERT INTO "CampaignMember" VALUES(47,'Sent','92','13');
INSERT INTO "CampaignMember" VALUES(48,'Sent','93','13');
INSERT INTO "CampaignMember" VALUES(49,'Sent','93','2');
INSERT INTO "CampaignMember" VALUES(50,'Sent','94','13');
INSERT INTO "CampaignMember" VALUES(51,'Sent','95','13');
INSERT INTO "CampaignMember" VALUES(52,'Sent','96','13');
INSERT INTO "CampaignMember" VALUES(53,'Sent','97','13');
INSERT INTO "CampaignMember" VALUES(54,'Sent','98','13');
INSERT INTO "CampaignMember" VALUES(55,'Sent','99','13');
INSERT INTO "CampaignMember" VALUES(56,'Sent','100','13');
INSERT INTO "CampaignMember" VALUES(57,'Sent','18','13');
INSERT INTO "CampaignMember" VALUES(58,'Sent','18','2');
INSERT INTO "CampaignMember" VALUES(59,'Sent','101','13');
INSERT INTO "CampaignMember" VALUES(60,'Sent','101','2');
INSERT INTO "CampaignMember" VALUES(61,'Sent','102','13');
INSERT INTO "CampaignMember" VALUES(62,'Sent','2','13');
INSERT INTO "CampaignMember" VALUES(63,'Sent','3','13');
INSERT INTO "CampaignMember" VALUES(64,'Sent','3','2');
INSERT INTO "CampaignMember" VALUES(65,'Sent','4','13');
INSERT INTO "CampaignMember" VALUES(66,'Sent','5','13');
INSERT INTO "CampaignMember" VALUES(67,'Sent','54','13');
INSERT INTO "CampaignMember" VALUES(68,'Sent','55','13');
INSERT INTO "CampaignMember" VALUES(69,'Sent','6','13');
INSERT INTO "CampaignMember" VALUES(70,'Sent','7','13');
INSERT INTO "CampaignMember" VALUES(71,'Sent','10','13');
INSERT INTO "CampaignMember" VALUES(72,'Sent','19','13');
INSERT INTO "CampaignMember" VALUES(73,'Sent','19','2');
INSERT INTO "CampaignMember" VALUES(74,'Sent','8','13');
INSERT INTO "CampaignMember" VALUES(75,'Sent','20','13');
INSERT INTO "CampaignMember" VALUES(76,'Sent','21','13');
INSERT INTO "CampaignMember" VALUES(77,'Sent','22','13');
INSERT INTO "CampaignMember" VALUES(78,'Sent','23','13');
INSERT INTO "CampaignMember" VALUES(79,'Sent','24','13');
INSERT INTO "CampaignMember" VALUES(80,'Sent','25','13');
INSERT INTO "CampaignMember" VALUES(81,'Sent','26','1');
INSERT INTO "CampaignMember" VALUES(82,'Sent','26','10');
INSERT INTO "CampaignMember" VALUES(83,'Sent','26','11');
INSERT INTO "CampaignMember" VALUES(84,'Sent','26','12');
INSERT INTO "CampaignMember" VALUES(85,'Sent','26','13');
INSERT INTO "CampaignMember" VALUES(86,'Sent','26','3');
INSERT INTO "CampaignMember" VALUES(87,'Sent','26','4');
INSERT INTO "CampaignMember" VALUES(88,'Sent','26','5');
INSERT INTO "CampaignMember" VALUES(89,'Sent','26','6');
INSERT INTO "CampaignMember" VALUES(90,'Sent','26','7');
INSERT INTO "CampaignMember" VALUES(91,'Sent','26','8');
INSERT INTO "CampaignMember" VALUES(92,'Sent','26','9');
INSERT INTO "CampaignMember" VALUES(93,'Sent','27','13');
INSERT INTO "CampaignMember" VALUES(94,'Sent','28','13');
INSERT INTO "CampaignMember" VALUES(95,'Sent','11','13');
INSERT INTO "CampaignMember" VALUES(96,'Sent','29','13');
INSERT INTO "CampaignMember" VALUES(97,'Sent','30','13');
INSERT INTO "CampaignMember" VALUES(98,'Sent','31','13');
INSERT INTO "CampaignMember" VALUES(99,'Sent','32','13');
INSERT INTO "CampaignMember" VALUES(100,'Sent','33','13');
INSERT INTO "CampaignMember" VALUES(101,'Sent','34','13');
INSERT INTO "CampaignMember" VALUES(102,'Sent','35','13');
INSERT INTO "CampaignMember" VALUES(103,'Sent','36','13');
INSERT INTO "CampaignMember" VALUES(104,'Sent','37','13');
INSERT INTO "CampaignMember" VALUES(105,'Sent','38','13');
INSERT INTO "CampaignMember" VALUES(106,'Sent','12','13');
INSERT INTO "CampaignMember" VALUES(107,'Sent','39','13');
INSERT INTO "CampaignMember" VALUES(108,'Sent','40','13');
INSERT INTO "CampaignMember" VALUES(109,'Sent','40','2');
INSERT INTO "CampaignMember" VALUES(110,'Sent','41','13');
INSERT INTO "CampaignMember" VALUES(111,'Sent','42','13');
INSERT INTO "CampaignMember" VALUES(112,'Sent','43','13');
INSERT INTO "CampaignMember" VALUES(113,'Sent','44','13');
INSERT INTO "CampaignMember" VALUES(114,'Sent','45','13');
INSERT INTO "CampaignMember" VALUES(115,'Sent','46','13');
INSERT INTO "CampaignMember" VALUES(116,'Sent','47','13');
INSERT INTO "CampaignMember" VALUES(117,'Sent','48','13');
INSERT INTO "CampaignMember" VALUES(118,'Sent','13','13');
INSERT INTO "CampaignMember" VALUES(119,'Sent','66','13');
INSERT INTO "CampaignMember" VALUES(120,'Sent','67','13');
INSERT INTO "CampaignMember" VALUES(121,'Sent','69','13');
INSERT INTO "CampaignMember" VALUES(122,'Sent','69','2');
INSERT INTO "CampaignMember" VALUES(123,'Sent','70','13');
INSERT INTO "CampaignMember" VALUES(124,'Sent','71','13');
INSERT INTO "CampaignMember" VALUES(125,'Sent','72','13');
INSERT INTO "CampaignMember" VALUES(126,'Sent','73','13');
INSERT INTO "CampaignMember" VALUES(127,'Sent','74','13');
INSERT INTO "CampaignMember" VALUES(128,'Sent','75','13');
INSERT INTO "CampaignMember" VALUES(129,'Sent','76','13');
INSERT INTO "CampaignMember" VALUES(130,'Sent','14','13');
INSERT INTO "CampaignMember" VALUES(131,'Sent','77','13');
INSERT INTO "CampaignMember" VALUES(132,'Sent','78','13');
INSERT INTO "CampaignMember" VALUES(133,'Sent','49','13');
INSERT INTO "CampaignMember" VALUES(134,'Sent','50','1');
INSERT INTO "CampaignMember" VALUES(135,'Sent','50','10');
INSERT INTO "CampaignMember" VALUES(136,'Sent','50','11');
INSERT INTO "CampaignMember" VALUES(137,'Sent','50','12');
INSERT INTO "CampaignMember" VALUES(138,'Sent','50','13');
INSERT INTO "CampaignMember" VALUES(139,'Sent','50','3');
INSERT INTO "CampaignMember" VALUES(140,'Sent','50','4');
INSERT INTO "CampaignMember" VALUES(141,'Sent','50','5');
INSERT INTO "CampaignMember" VALUES(142,'Sent','50','6');
INSERT INTO "CampaignMember" VALUES(143,'Sent','50','7');
INSERT INTO "CampaignMember" VALUES(144,'Sent','50','8');
INSERT INTO "CampaignMember" VALUES(145,'Sent','50','9');
INSERT INTO "CampaignMember" VALUES(146,'Sent','51','13');
INSERT INTO "CampaignMember" VALUES(147,'Sent','52','13');
INSERT INTO "CampaignMember" VALUES(148,'Sent','53','13');
INSERT INTO "CampaignMember" VALUES(149,'Sent','57','13');
INSERT INTO "CampaignMember" VALUES(150,'Sent','56','13');
INSERT INTO "CampaignMember" VALUES(151,'Sent','58','13');
INSERT INTO "CampaignMember" VALUES(152,'Sent','15','1');
INSERT INTO "CampaignMember" VALUES(153,'Sent','15','10');
INSERT INTO "CampaignMember" VALUES(154,'Sent','15','11');
INSERT INTO "CampaignMember" VALUES(155,'Sent','15','12');
INSERT INTO "CampaignMember" VALUES(156,'Sent','15','13');
INSERT INTO "CampaignMember" VALUES(157,'Sent','15','3');
INSERT INTO "CampaignMember" VALUES(158,'Sent','15','4');
INSERT INTO "CampaignMember" VALUES(159,'Sent','15','5');
INSERT INTO "CampaignMember" VALUES(160,'Sent','15','6');
INSERT INTO "CampaignMember" VALUES(161,'Sent','15','7');
INSERT INTO "CampaignMember" VALUES(162,'Sent','15','8');
INSERT INTO "CampaignMember" VALUES(163,'Sent','15','9');
INSERT INTO "CampaignMember" VALUES(164,'Sent','59','13');
INSERT INTO "CampaignMember" VALUES(165,'Sent','60','13');
CREATE TABLE "Contact" (
	id INTEGER NOT NULL, 
	"Salutation" VARCHAR(255), 
	"FirstName" VARCHAR(255), 
	"LastName" VARCHAR(255), 
	"Email" VARCHAR(255), 
	"Phone" VARCHAR(255), 
	"Title" VARCHAR(255), 
	"AccountId" VARCHAR(255), 
	"Primary_Affiliation__c" VARCHAR(255), 
	PRIMARY KEY (id)
);
INSERT INTO "Contact" VALUES(1,'','Josh','Patterson','','','','60','');
INSERT INTO "Contact" VALUES(2,'Dr','Judith','Warren','jwarren26@linkedin.com','','Senior Editor','141','159');
INSERT INTO "Contact" VALUES(3,'Mr','Nicholas','King','','1-(068)662-5765','','142','14');
INSERT INTO "Contact" VALUES(4,'Honorable','Julie','Riley','','','','143','36');
INSERT INTO "Contact" VALUES(5,'Dr','Rebecca','Porter','','4-(706)074-7847','Assistant Manager','144','58');
INSERT INTO "Contact" VALUES(6,'Dr','Christopher','Austin','','','','145','24');
INSERT INTO "Contact" VALUES(7,'','Maria','Carr','','2-(078)409-0982','','146','35');
INSERT INTO "Contact" VALUES(8,'Ms','Gloria','Howell','','','','68','162');
INSERT INTO "Contact" VALUES(9,'','Juliet','Chapman','','','','93','93');
INSERT INTO "Contact" VALUES(10,'Ms','Alice','Patterson','','1-(266)195-4611','Financial Analyst','60','157');
INSERT INTO "Contact" VALUES(11,'Honorable','Kevin','Gilbert','','','Registered Nurse','69','167');
INSERT INTO "Contact" VALUES(12,'Ms','Jean','Gardner','jgardner8@linkedin.com','2-(361)757-2109','Business Systems Development Analyst','70','39');
INSERT INTO "Contact" VALUES(13,'Honorable','Mary','Ross','','','Recruiter','71','34');
INSERT INTO "Contact" VALUES(14,'Honorable','Lois','Hernandez','','','Research Nurse','15','');
INSERT INTO "Contact" VALUES(15,'Honorable','Janice','Black','jblack1s@goodreads.com','9-(505)154-9220','Operator','72','17');
INSERT INTO "Contact" VALUES(16,'Ms','Helen','Frazier','hfrazier5@time.com','','Paralegal','73','4');
INSERT INTO "Contact" VALUES(17,'','Phyllis','Nichols','','','','74','5');
INSERT INTO "Contact" VALUES(18,'Mr','Lori','Murray','','','','74','10');
INSERT INTO "Contact" VALUES(19,'','Jose','Flores','jfloresf@usgs.gov','','Administrative Officer','75','152');
INSERT INTO "Contact" VALUES(20,'Dr','Pamela','Long','plong22@salon.com','0-(126)286-3604','','76','18');
INSERT INTO "Contact" VALUES(21,'','Joyce','Fowler','jfowler1z@bbb.org','9-(390)341-9013','','77','3');
INSERT INTO "Contact" VALUES(22,'Mr','Mary','Pierce','mpierce19@narod.ru','2-(217)899-8081','Human Resources Assistant I','78','156');
INSERT INTO "Contact" VALUES(23,'Rev','Billy','Bradley','','5-(546)327-8049','Assistant Manager','61','41');
INSERT INTO "Contact" VALUES(24,'Dr','Rebecca','Johnston','','','Chief Design Engineer','79','147');
INSERT INTO "Contact" VALUES(25,'Rev','Ashley','Gomez','agomez6@guardian.co.uk','1-(509)186-1014','','80','153');
INSERT INTO "Contact" VALUES(26,'Mrs','Debra','Knight','','','','81','165');
INSERT INTO "Contact" VALUES(27,'Honorable','Ruth','Sanders','','','Administrative Assistant I','82','7');
INSERT INTO "Contact" VALUES(28,'Ms','Lillian','Flores','','','','83','8');
INSERT INTO "Contact" VALUES(29,'Honorable','Andrew','Fernandez','afernandez2n@comcast.net','6-(663)655-4163','','84','16');
INSERT INTO "Contact" VALUES(30,'','Robin','Hicks','','9-(233)213-5568','','85','166');
INSERT INTO "Contact" VALUES(31,'Mr','Marilyn','Chapman','','1-(487)342-6350','Programmer Analyst IV','86','12');
INSERT INTO "Contact" VALUES(32,'Mr','Pamela','Mills','pmills1q@reverbnation.com','9-(851)323-6414','Senior Editor','87','43');
INSERT INTO "Contact" VALUES(33,'Mr','Frances','Nelson','','2-(685)755-1269','Sales Representative','88','47');
INSERT INTO "Contact" VALUES(34,'Mrs','Jerry','Harper','','','Account Representative II','62','22');
INSERT INTO "Contact" VALUES(35,'Dr','Jessica','Grant','','1-(952)559-8782','','89','45');
INSERT INTO "Contact" VALUES(36,'Honorable','Diane','Ward','','1-(271)207-4341','Payment Adjustment Coordinator','90','56');
INSERT INTO "Contact" VALUES(37,'','Cheryl','James','','5-(045)740-1346','Information Systems Manager','91','40');
INSERT INTO "Contact" VALUES(38,'Mr','Matthew','Wallace','','7-(656)377-5745','Biostatistician II','92','148');
INSERT INTO "Contact" VALUES(39,'Mr','Ann','Chapman','','','Food Chemist','93','160');
INSERT INTO "Contact" VALUES(40,'Honorable','Judith','Fuller','','9-(162)417-5819','','94','6');
INSERT INTO "Contact" VALUES(41,'Mr','Catherine','Jones','','4-(912)166-3558','','95','42');
INSERT INTO "Contact" VALUES(42,'','Jeremy','Banks','jbankso@edublogs.org','3-(121)796-1312','','96','34');
INSERT INTO "Contact" VALUES(43,'Rev','Randy','Perkins','rperkins23@furl.net','5-(314)277-1500','','97','161');
INSERT INTO "Contact" VALUES(44,'Ms','Joshua','Morales','jmorales2l@nbcnews.com','','Executive Secretary','98','9');
INSERT INTO "Contact" VALUES(45,'Ms','Robert','Medina','rmedina2k@amazon.co.uk','2-(601)920-7404','Nurse Practicioner','98','11');
INSERT INTO "Contact" VALUES(46,'Mrs','Jeffrey','Thompson','','1-(503)051-4278','','63','155');
INSERT INTO "Contact" VALUES(47,'Honorable','Arthur','Burton','aburtonq@hostgator.com','4-(245)684-4705','','99','39');
INSERT INTO "Contact" VALUES(48,'Ms','Evelyn','Hayes','','','','100','48');
INSERT INTO "Contact" VALUES(49,'Mrs','Ruby','Oliver','','1-(926)682-2565','Staff Accountant I','101','51');
INSERT INTO "Contact" VALUES(50,'','Phyllis','Alvarez','','4-(935)637-3713','','102','26');
INSERT INTO "Contact" VALUES(51,'Mrs','Dorothy','Watson','dwatson13@virginia.edu','3-(843)452-8728','Senior Quality Engineer','103','19');
INSERT INTO "Contact" VALUES(52,'Rev','Shawn','Wallace','swallace7@ftc.gov','','','104','157');
INSERT INTO "Contact" VALUES(53,'Dr','Donna','Riley','drileyu@ed.gov','7-(161)939-6638','','105','23');
INSERT INTO "Contact" VALUES(54,'Honorable','Jacqueline','Rivera','jrivera1n@wikispaces.com','','Design Engineer','106','57');
INSERT INTO "Contact" VALUES(55,'Mrs','Eugene','Stephens','estephensx@bizjournals.com','','Administrative Officer','107','17');
INSERT INTO "Contact" VALUES(56,'Dr','Anthony','Fisher','afisher9@yale.edu','4-(323)334-2796','Human Resources Manager','108','32');
INSERT INTO "Contact" VALUES(57,'','Kathryn','Williams','','','','64','31');
INSERT INTO "Contact" VALUES(58,'Mr','Andrea','Torres','','8-(792)543-6916','','109','15');
INSERT INTO "Contact" VALUES(59,'Rev','Brenda','Jenkins','bjenkins1d@sfgate.com','','','110','151');
INSERT INTO "Contact" VALUES(60,'Honorable','Jason','Anderson','','','Social Worker','111','25');
INSERT INTO "Contact" VALUES(61,'Mrs','Phillip','Perry','','','','112','158');
INSERT INTO "Contact" VALUES(62,'Ms','Julia','Morrison','','','','113','33');
INSERT INTO "Contact" VALUES(63,'Rev','Ryan','Ward','','','','114','38');
INSERT INTO "Contact" VALUES(64,'Dr','Craig','Washington','cwashington1i@miitbeian.gov.cn','3-(227)090-2681','','115','52');
INSERT INTO "Contact" VALUES(65,'Mrs','Timothy','Franklin','tfranklin1j@seesaa.net','','','116','54');
INSERT INTO "Contact" VALUES(66,'Honorable','Eugene','Hunt','ehuntz@toplist.cz','2-(568)222-2673','','117','46');
INSERT INTO "Contact" VALUES(67,'Ms','Billy','Garrett','','0-(853)323-8778','Administrative Officer','118','157');
INSERT INTO "Contact" VALUES(68,'Mr','Carl','Harvey','','5-(233)156-4659','','65','164');
INSERT INTO "Contact" VALUES(69,'Dr','Raymond','Alvarez','','','Research Associate','119','59');
INSERT INTO "Contact" VALUES(70,'Dr','Stephanie','Bailey','','2-(434)350-2344','Programmer IV','119','59');
INSERT INTO "Contact" VALUES(71,'','Samuel','Harrison','','4-(604)044-0141','Software Consultant','119','59');
INSERT INTO "Contact" VALUES(72,'Honorable','David','Johnson','djohnson2b@scribd.com','2-(993)514-8842','','119','59');
INSERT INTO "Contact" VALUES(73,'Mr','Angela','Kelly','akelly2i@miitbeian.gov.cn','','','119','59');
INSERT INTO "Contact" VALUES(74,'Mrs','Chris','Medina','cmedina2a@networkadvertising.org','2-(128)916-8821','Quality Engineer','119','59');
INSERT INTO "Contact" VALUES(75,'Ms','Barbara','Russell','','2-(745)944-4149','Registered Nurse','119','59');
INSERT INTO "Contact" VALUES(76,'Mrs','Ernest','Smith','','','','119','59');
INSERT INTO "Contact" VALUES(77,'','Albert','Stone','astone2g@dot.gov','','','119','59');
INSERT INTO "Contact" VALUES(78,'Honorable','Gary','Taylor','','','','119','59');
INSERT INTO "Contact" VALUES(79,'Dr','Joe','Bailey','','1-(495)461-4170','','120','2');
INSERT INTO "Contact" VALUES(80,'Rev','Russell','Thomas','rthomas2m@e-recht24.de','','Web Developer IV','121','20');
INSERT INTO "Contact" VALUES(81,'Ms','Joseph','Lane','','8-(234)380-1727','Paralegal','122','163');
INSERT INTO "Contact" VALUES(82,'','George','Perry','','','','123','21');
INSERT INTO "Contact" VALUES(83,'Honorable','Sara','Anderson','','2-(803)151-8520','','124','149');
INSERT INTO "Contact" VALUES(84,'Ms','Martha','Hansen','mhanseny@t-online.de','','Software Engineer I','125','30');
INSERT INTO "Contact" VALUES(85,'Ms','Mildred','Willis','','3-(474)705-1693','','126','154');
INSERT INTO "Contact" VALUES(86,'Ms','Roy','Holmes','rholmes1r@digg.com','5-(595)114-1672','Legal Assistant','127','55');
INSERT INTO "Contact" VALUES(87,'','Mildred','Kelly','','7-(629)659-4669','Occupational Therapist','128','55');
INSERT INTO "Contact" VALUES(88,'Mr','Kathryn','Patterson','kpattersone@vkontakte.ru','5-(310)993-7204','','66','29');
INSERT INTO "Contact" VALUES(89,'Rev','Ryan','Reyes','','','','129','37');
INSERT INTO "Contact" VALUES(90,'Mrs','Howard','Burke','hburke1e@yandex.ru','','Chief Design Engineer','130','22');
INSERT INTO "Contact" VALUES(91,'','Melissa','Webb','','0-(411)456-7376','Accountant I','131','15');
INSERT INTO "Contact" VALUES(92,'Mrs','Kathy','Long','','8-(902)778-4158','','132','28');
INSERT INTO "Contact" VALUES(93,'Rev','Walter','Powell','','4-(668)963-5868','','133','47');
INSERT INTO "Contact" VALUES(94,'','Russell','Powell','rpowell1h@redcross.org','','Clinical Specialist','134','34');
INSERT INTO "Contact" VALUES(95,'Mr','Harry','Jenkins','hjenkinsh@typepad.com','5-(956)554-4923','Automation Specialist IV','135','50');
INSERT INTO "Contact" VALUES(96,'Rev','Rose','Gonzales','','','VP Product Management','136','27');
INSERT INTO "Contact" VALUES(97,'','Matthew','Richards','','','','137','53');
INSERT INTO "Contact" VALUES(98,'Mrs','Gerald','Sullivan','','9-(806)552-8308','','138','37');
INSERT INTO "Contact" VALUES(99,'','George','Hawkins','ghawkins2q@typepad.com','6-(759)496-9987','Desktop Support Technician','67','13');
INSERT INTO "Contact" VALUES(100,'Mr','Gloria','Hart','','7-(709)961-7856','','67','49');
INSERT INTO "Contact" VALUES(101,'Ms','Nicole','Chapman','nchapman0@europa.eu','3-(472)603-5084','','139','150');
INSERT INTO "Contact" VALUES(102,'','Kevin','Hudson','','','','140','44');
CREATE TABLE "General_Accounting_Unit__c" (
	id INTEGER NOT NULL, 
	name VARCHAR(255), 
	PRIMARY KEY (id)
);
INSERT INTO "General_Accounting_Unit__c" VALUES(1,'The curabitur convallis Fund');
INSERT INTO "General_Accounting_Unit__c" VALUES(2,'The sit Fund');
INSERT INTO "General_Accounting_Unit__c" VALUES(3,'The semper Fund');
INSERT INTO "General_Accounting_Unit__c" VALUES(4,'The orci nullam Fund');
INSERT INTO "General_Accounting_Unit__c" VALUES(5,'The parturient Fund');
INSERT INTO "General_Accounting_Unit__c" VALUES(6,'The ut Fund');
INSERT INTO "General_Accounting_Unit__c" VALUES(7,'The velit Fund');
INSERT INTO "General_Accounting_Unit__c" VALUES(8,'The nulla integer Fund');
INSERT INTO "General_Accounting_Unit__c" VALUES(9,'The consequat lectus Fund');
INSERT INTO "General_Accounting_Unit__c" VALUES(10,'The nam Fund');
INSERT INTO "General_Accounting_Unit__c" VALUES(11,'The id Fund');
INSERT INTO "General_Accounting_Unit__c" VALUES(12,'The quam sollicitudin Fund');
INSERT INTO "General_Accounting_Unit__c" VALUES(13,'The est phasellus Fund');
INSERT INTO "General_Accounting_Unit__c" VALUES(14,'The in Fund');
INSERT INTO "General_Accounting_Unit__c" VALUES(15,'The lacus at Fund');
INSERT INTO "General_Accounting_Unit__c" VALUES(16,'The dui nec Fund');
INSERT INTO "General_Accounting_Unit__c" VALUES(17,'The sociis Fund');
INSERT INTO "General_Accounting_Unit__c" VALUES(18,'The ut at Fund');
INSERT INTO "General_Accounting_Unit__c" VALUES(19,'The et Fund');
INSERT INTO "General_Accounting_Unit__c" VALUES(20,'The ultrices Fund');
INSERT INTO "General_Accounting_Unit__c" VALUES(21,'The pellentesque viverra Fund');
INSERT INTO "General_Accounting_Unit__c" VALUES(22,'The adipiscing elit Fund');
INSERT INTO "General_Accounting_Unit__c" VALUES(23,'The donec dapibus Fund');
INSERT INTO "General_Accounting_Unit__c" VALUES(24,'The hac habitasse Fund');
INSERT INTO "General_Accounting_Unit__c" VALUES(25,'The sit Fund');
INSERT INTO "General_Accounting_Unit__c" VALUES(26,'The non Fund');
INSERT INTO "General_Accounting_Unit__c" VALUES(27,'The id sapien Fund');
INSERT INTO "General_Accounting_Unit__c" VALUES(28,'The purus phasellus Fund');
INSERT INTO "General_Accounting_Unit__c" VALUES(29,'The in Fund');
INSERT INTO "General_Accounting_Unit__c" VALUES(30,'The in Fund');
INSERT INTO "General_Accounting_Unit__c" VALUES(31,'The elit Fund');
INSERT INTO "General_Accounting_Unit__c" VALUES(32,'The pretium nisl Fund');
INSERT INTO "General_Accounting_Unit__c" VALUES(33,'The a Fund');
INSERT INTO "General_Accounting_Unit__c" VALUES(34,'The integer aliquet Fund');
INSERT INTO "General_Accounting_Unit__c" VALUES(35,'The magna Fund');
INSERT INTO "General_Accounting_Unit__c" VALUES(36,'The consequat Fund');
INSERT INTO "General_Accounting_Unit__c" VALUES(37,'The dapibus Fund');
INSERT INTO "General_Accounting_Unit__c" VALUES(38,'The ipsum Fund');
INSERT INTO "General_Accounting_Unit__c" VALUES(39,'The sit Fund');
INSERT INTO "General_Accounting_Unit__c" VALUES(40,'The nullam Fund');
INSERT INTO "General_Accounting_Unit__c" VALUES(41,'The proin eu Fund');
INSERT INTO "General_Accounting_Unit__c" VALUES(42,'The erat Fund');
INSERT INTO "General_Accounting_Unit__c" VALUES(43,'The eget Fund');
INSERT INTO "General_Accounting_Unit__c" VALUES(44,'The eleifend pede Fund');
INSERT INTO "General_Accounting_Unit__c" VALUES(45,'The et Fund');
INSERT INTO "General_Accounting_Unit__c" VALUES(46,'The nulla Fund');
INSERT INTO "General_Accounting_Unit__c" VALUES(47,'The felis eu Fund');
INSERT INTO "General_Accounting_Unit__c" VALUES(48,'The tempus sit Fund');
INSERT INTO "General_Accounting_Unit__c" VALUES(49,'The lobortis sapien Fund');
INSERT INTO "General_Accounting_Unit__c" VALUES(50,'The augue quam Fund');
CREATE TABLE "Opportunity" (
	id INTEGER NOT NULL, 
	name VARCHAR(255), 
	amount VARCHAR(255), 
	stage_name VARCHAR(255), 
	close_date VARCHAR(255), 
	dont_create_payments VARCHAR(255), 
	"AccountId" VARCHAR(255), 
	"Primary_Contact__c" VARCHAR(255), 
	"npe03__Recurring_Donation__c" VARCHAR(255), 
	"CampaignId" VARCHAR(255), 
	PRIMARY KEY (id)
);
INSERT INTO "Opportunity" VALUES(1,'Carl Harvey Donation (7) 7/15/2019','75.0','Closed Won','2019-07-15','False','65','68','1','');
INSERT INTO "Opportunity" VALUES(2,'Carl Harvey Donation (12) 12/15/2019','75.0','Closed Won','2019-12-15','False','65','68','1','');
INSERT INTO "Opportunity" VALUES(3,'Raymond Alvarez: $820','820.0','Closed Won','2018-01-26','False','119','69','','');
INSERT INTO "Opportunity" VALUES(4,'Raymond Alvarez: $492','492.0','Closed Won','2018-09-09','False','119','69','','');
INSERT INTO "Opportunity" VALUES(5,'Raymond Alvarez: $892','892.0','Closed Won','2018-10-25','False','119','69','','');
INSERT INTO "Opportunity" VALUES(6,'Raymond Alvarez: $798','798.0','Closed Won','2017-05-13','False','119','69','','');
INSERT INTO "Opportunity" VALUES(7,'Raymond Alvarez: $265','265.0','Closed Won','2016-04-17','False','119','69','','');
INSERT INTO "Opportunity" VALUES(8,'Raymond Alvarez: $934','934.0','Closed Won','2018-04-23','False','119','69','','');
INSERT INTO "Opportunity" VALUES(9,'Raymond Alvarez: $599','599.0','Closed Won','2016-11-23','False','119','69','','');
INSERT INTO "Opportunity" VALUES(10,'Raymond Alvarez: $538','538.0','Closed Won','2018-10-03','False','119','69','','');
INSERT INTO "Opportunity" VALUES(11,'Raymond Alvarez: $993','993.0','Closed Won','2016-04-21','False','119','69','','');
INSERT INTO "Opportunity" VALUES(12,'Raymond Alvarez: $4','4.0','Closed Won','2017-04-22','False','119','69','','');
INSERT INTO "Opportunity" VALUES(13,'Joseph Lane: $272','272.0','Closed Won','2016-12-10','False','122','81','','');
INSERT INTO "Opportunity" VALUES(14,'Joseph Lane: $261','261.0','Closed Won','2018-06-06','False','122','81','','');
INSERT INTO "Opportunity" VALUES(15,'Joseph Lane: $921','921.0','Closed Won','2018-05-04','False','122','81','','');
INSERT INTO "Opportunity" VALUES(16,'Joseph Lane: $757','757.0','Closed Won','2017-06-28','True','122','81','','');
INSERT INTO "Opportunity" VALUES(17,'Joseph Lane: $375','375.0','Closed Won','2016-09-04','False','122','81','','');
INSERT INTO "Opportunity" VALUES(18,'Joseph Lane: $698','698.0','Closed Won','2016-03-23','False','122','81','','');
INSERT INTO "Opportunity" VALUES(19,'Joseph Lane: $892','892.0','Closed Won','2017-04-20','False','122','81','','');
INSERT INTO "Opportunity" VALUES(20,'Joseph Lane: $85','85.0','Closed Won','2018-06-30','True','122','81','','');
INSERT INTO "Opportunity" VALUES(21,'Joseph Lane: $830','830.0','Closed Won','2017-01-05','False','122','81','','');
INSERT INTO "Opportunity" VALUES(22,'Joseph Lane: $656','656.0','Closed Won','2018-01-15','False','122','81','','');
INSERT INTO "Opportunity" VALUES(23,'Alice Patterson - Soft Credit 7','44.0','Closed Won','2021-12-23','False','60','1','','');
INSERT INTO "Opportunity" VALUES(24,'Alice Patterson - Hard Credit 2','165.0','Closed Won','2021-11-01','False','60','10','','');
INSERT INTO "Opportunity" VALUES(25,'Alice Patterson - Soft Credit 19','190.0','Closed Won','2021-09-11','False','60','1','','');
INSERT INTO "Opportunity" VALUES(26,'Alice Patterson - Hard Credit 3','790.0','Closed Won','2021-11-11','False','60','10','','');
INSERT INTO "Opportunity" VALUES(27,'Alice Patterson - Hard Credit 12','33.0','Closed Won','2021-11-30','False','60','10','','');
INSERT INTO "Opportunity" VALUES(28,'Alice Patterson - Partial Soft Credit 6','330.0','Closed Won','2021-05-22','False','60','1','','');
INSERT INTO "Opportunity" VALUES(29,'Patterson - Soft Credit 2','250.0','Closed Won','2021-11-10','False','60','1','','');
INSERT INTO "Opportunity" VALUES(30,'Alice Patterson - Hard Credit 17','543.0','Closed Won','2021-12-04','False','60','10','','');
INSERT INTO "Opportunity" VALUES(31,'Alice Patterson - Partial Soft Credit 7','666.0','Closed Won','2021-11-19','False','60','1','','');
INSERT INTO "Opportunity" VALUES(32,'Alice Patterson - Partial Soft Credit 2','130.0','Closed Won','2021-11-20','False','60','1','','');
INSERT INTO "Opportunity" VALUES(33,'Alice Patterson - Non Closed/Won Opp 7','40.0','Value Proposition','2021-11-19','False','60','1','','');
INSERT INTO "Opportunity" VALUES(34,'Alice Patterson - Non Closed/Won Opp 10','436.0','Id. Decision Makers','2021-11-05','False','60','1','','');
INSERT INTO "Opportunity" VALUES(35,'Alice Patterson: $177','177.0','Closed Won','2018-11-23','False','60','10','','');
INSERT INTO "Opportunity" VALUES(36,'Alice Patterson: $208','208.0','Closed Won','2018-01-20','False','60','10','','');
INSERT INTO "Opportunity" VALUES(37,'Alice Patterson: $553','553.0','Closed Won','2017-10-15','False','60','10','','');
INSERT INTO "Opportunity" VALUES(38,'Alice Patterson: $565','565.0','Closed Won','2018-09-06','False','60','10','','');
INSERT INTO "Opportunity" VALUES(39,'Alice Patterson: $310','310.0','Closed Won','2018-02-02','False','60','10','','');
INSERT INTO "Opportunity" VALUES(40,'Alice Patterson: $483','483.0','Closed Won','2016-06-11','False','60','10','','');
INSERT INTO "Opportunity" VALUES(41,'Alice Patterson: $151','151.0','Closed Won','2018-02-20','False','60','10','','');
INSERT INTO "Opportunity" VALUES(42,'Alice Patterson: $537','537.0','Closed Won','2016-05-31','False','60','10','','');
INSERT INTO "Opportunity" VALUES(43,'Alice Patterson: $218','218.0','Closed Won','2018-11-23','False','60','10','','');
INSERT INTO "Opportunity" VALUES(44,'Alice Patterson: $376','376.0','Closed Won','2018-10-13','False','60','10','','');
INSERT INTO "Opportunity" VALUES(45,'Edgeify: $4965','4965.0','Closed Won','2017-11-02','True','164','','','');
INSERT INTO "Opportunity" VALUES(46,'Edgeify: $5297','5297.0','Closed Won','2017-11-27','False','164','','','');
INSERT INTO "Opportunity" VALUES(47,'Edgeify: $6258','6258.0','Closed Won','2016-07-24','False','164','','','');
INSERT INTO "Opportunity" VALUES(48,'Edgeify: $2804','2804.0','Closed Won','2016-03-12','False','164','','','');
INSERT INTO "Opportunity" VALUES(49,'Edgeify: $7164','7164.0','Closed Won','2016-03-09','False','164','','','');
INSERT INTO "Opportunity" VALUES(50,'Edgeify: $6989','6989.0','Closed Won','2018-08-29','False','164','','','');
INSERT INTO "Opportunity" VALUES(51,'Edgeify: $7858','7858.0','Closed Won','2017-01-04','True','164','','','');
INSERT INTO "Opportunity" VALUES(52,'Edgeify: $181','181.0','Closed Won','2016-12-04','False','164','','','');
INSERT INTO "Opportunity" VALUES(53,'Edgeify: $3422','3422.0','Closed Won','2017-01-31','False','164','','','');
INSERT INTO "Opportunity" VALUES(54,'Edgeify: $2434','2434.0','Closed Won','2016-11-02','False','164','','','');
INSERT INTO "Opportunity" VALUES(55,'Jean Gardner: $457','457.0','Closed Won','2017-08-27','False','70','12','','');
INSERT INTO "Opportunity" VALUES(56,'Jean Gardner: $13','13.0','Closed Won','2017-01-19','False','70','12','','');
INSERT INTO "Opportunity" VALUES(57,'Jean Gardner: $234','234.0','Closed Won','2017-11-04','False','70','12','','');
INSERT INTO "Opportunity" VALUES(58,'Jean Gardner: $84','84.0','Closed Won','2016-05-05','False','70','12','','');
INSERT INTO "Opportunity" VALUES(59,'Carl Harvey Donation (4) 4/15/2019','75.0','Closed Won','2019-04-15','False','65','68','1','');
INSERT INTO "Opportunity" VALUES(60,'Carl Harvey Donation (8) 8/15/2019','75.0','Closed Won','2019-08-15','False','65','68','1','');
INSERT INTO "Opportunity" VALUES(61,'Carl Harvey Donation (9) 9/15/2019','75.0','Closed Won','2019-09-15','False','65','68','1','');
INSERT INTO "Opportunity" VALUES(62,'Carl Harvey Donation (10) 10/15/2019','75.0','Closed Won','2019-10-15','False','65','68','1','');
INSERT INTO "Opportunity" VALUES(63,'Carl Harvey Donation (11) 11/15/2019','75.0','Closed Won','2019-11-15','False','65','68','1','');
INSERT INTO "Opportunity" VALUES(64,'Carl Harvey Donation (5) 5/15/2019','75.0','Closed Won','2019-05-15','False','65','68','1','');
INSERT INTO "Opportunity" VALUES(65,'Carl Harvey Donation (6) 6/15/2019','75.0','Closed Won','2019-06-15','False','65','68','1','');
INSERT INTO "Opportunity" VALUES(66,'Patterson - Partial Soft Credit 2','575.0','Closed Won','2021-11-10','False','60','1','','');
INSERT INTO "Opportunity" VALUES(67,'Patterson - Non-Closed Opp 1','100.0','Closed Lost','2021-11-10','False','60','10','','');
INSERT INTO "Opportunity" VALUES(68,'Jean Gardner: $952','952.0','Closed Won','2018-11-16','False','70','12','','');
INSERT INTO "Opportunity" VALUES(69,'Jean Gardner: $3','3.0','Closed Won','2017-04-20','False','70','12','','');
INSERT INTO "Opportunity" VALUES(70,'Jean Gardner: $521','521.0','Closed Won','2016-09-22','False','70','12','','');
INSERT INTO "Opportunity" VALUES(71,'Jean Gardner: $567','567.0','Closed Won','2016-02-26','False','70','12','','');
INSERT INTO "Opportunity" VALUES(72,'Jean Gardner: $744','744.0','Closed Won','2018-04-26','False','70','12','','');
INSERT INTO "Opportunity" VALUES(73,'Jean Gardner: $619','619.0','Closed Won','2016-09-11','False','70','12','','');
INSERT INTO "Opportunity" VALUES(74,'Skidoo: $3738','3738.0','Closed Won','2017-08-02','False','33','','','');
INSERT INTO "Opportunity" VALUES(75,'Skidoo: $6351','6351.0','Closed Won','2017-12-29','False','33','','','');
INSERT INTO "Opportunity" VALUES(76,'Skidoo: $2233','2233.0','Closed Won','2017-05-18','False','33','','','');
INSERT INTO "Opportunity" VALUES(77,'Skidoo: $3361','3361.0','Closed Won','2016-09-08','False','33','','','');
INSERT INTO "Opportunity" VALUES(78,'Skidoo: $3124','3124.0','Closed Won','2018-05-15','False','33','','','');
INSERT INTO "Opportunity" VALUES(79,'Skidoo: $2909','2909.0','Closed Won','2018-05-16','False','33','','','');
INSERT INTO "Opportunity" VALUES(80,'Skidoo: $1824','1824.0','Closed Won','2017-07-30','False','33','','','');
INSERT INTO "Opportunity" VALUES(81,'Skidoo: $4670','4670.0','Closed Won','2016-09-17','False','33','','','');
INSERT INTO "Opportunity" VALUES(82,'Skidoo: $5400','5400.0','Closed Won','2017-03-22','False','33','','','');
INSERT INTO "Opportunity" VALUES(83,'Skidoo: $9404','9404.0','Closed Won','2016-02-15','False','33','','','');
INSERT INTO "Opportunity" VALUES(84,'Lori Murray: $504','504.0','Closed Won','2017-03-01','False','74','18','','');
INSERT INTO "Opportunity" VALUES(85,'Lori Murray: $109','109.0','Closed Won','2019-02-07','False','74','18','','');
INSERT INTO "Opportunity" VALUES(86,'Lori Murray: $479','479.0','Closed Won','2017-08-07','False','74','18','','');
INSERT INTO "Opportunity" VALUES(87,'Lori Murray: $270','270.0','Closed Won','2016-10-28','False','74','18','','');
INSERT INTO "Opportunity" VALUES(88,'Lori Murray: $31','31.0','Closed Won','2019-01-20','False','74','18','','');
INSERT INTO "Opportunity" VALUES(89,'Lori Murray: $157','157.0','Closed Won','2018-04-24','False','74','18','','');
INSERT INTO "Opportunity" VALUES(90,'Lori Murray: $31','31.0','Closed Won','2017-09-28','False','74','18','','');
INSERT INTO "Opportunity" VALUES(91,'Lori Murray: $836','836.0','Closed Won','2019-01-12','False','74','18','','');
INSERT INTO "Opportunity" VALUES(92,'Lori Murray: $984','984.0','Closed Won','2016-03-20','False','74','18','','');
INSERT INTO "Opportunity" VALUES(93,'Lori Murray: $862','862.0','Closed Won','2017-08-04','False','74','18','','');
INSERT INTO "Opportunity" VALUES(94,'Robin Hicks: $433','433.0','Closed Won','2018-01-22','False','85','30','','');
INSERT INTO "Opportunity" VALUES(95,'Robin Hicks: $794','794.0','Closed Won','2018-05-02','False','85','30','','');
INSERT INTO "Opportunity" VALUES(96,'Robin Hicks: $6','6.0','Closed Won','2018-04-27','False','85','30','','');
INSERT INTO "Opportunity" VALUES(97,'Robin Hicks: $87','87.0','Closed Won','2017-07-30','False','85','30','','');
INSERT INTO "Opportunity" VALUES(98,'Robin Hicks: $641','641.0','Closed Won','2018-10-05','False','85','30','','');
INSERT INTO "Opportunity" VALUES(99,'Robin Hicks: $29','29.0','Closed Won','2017-04-01','False','85','30','','');
INSERT INTO "Opportunity" VALUES(100,'Robin Hicks: $915','915.0','Closed Won','2016-07-21','False','85','30','','');
INSERT INTO "Opportunity" VALUES(101,'Robin Hicks: $907','907.0','Closed Won','2018-12-19','False','85','30','','');
INSERT INTO "Opportunity" VALUES(102,'Robin Hicks: $905','905.0','Closed Won','2017-09-13','False','85','30','','');
INSERT INTO "Opportunity" VALUES(103,'Robin Hicks: $957','957.0','Closed Won','2016-11-01','False','85','30','','');
INSERT INTO "Opportunity" VALUES(104,'Ann Chapman: $502','502.0','Closed Won','2017-12-11','False','93','39','','');
INSERT INTO "Opportunity" VALUES(105,'Ann Chapman: $635','635.0','Closed Won','2018-05-04','False','93','39','','');
INSERT INTO "Opportunity" VALUES(106,'Ann Chapman: $547','547.0','Closed Won','2017-09-16','False','93','39','','');
INSERT INTO "Opportunity" VALUES(107,'Ann Chapman: $235','235.0','Closed Won','2017-07-08','False','93','39','','');
INSERT INTO "Opportunity" VALUES(108,'Ann Chapman: $514','514.0','Closed Won','2017-08-28','False','93','39','','');
INSERT INTO "Opportunity" VALUES(109,'Ann Chapman: $70','70.0','Closed Won','2018-07-06','False','93','39','','');
INSERT INTO "Opportunity" VALUES(110,'Ann Chapman: $401','401.0','Closed Won','2016-04-13','False','93','39','','');
INSERT INTO "Opportunity" VALUES(111,'Ann Chapman: $466','466.0','Closed Won','2016-12-10','False','93','39','','');
INSERT INTO "Opportunity" VALUES(112,'Ann Chapman: $344','344.0','Closed Won','2018-01-07','False','93','39','','');
INSERT INTO "Opportunity" VALUES(113,'Ann Chapman: $110','110.0','Closed Won','2017-05-08','False','93','39','','');
INSERT INTO "Opportunity" VALUES(114,'Eugene Stephens: $782','782.0','Closed Won','2017-03-21','False','107','55','','');
INSERT INTO "Opportunity" VALUES(115,'Eugene Stephens: $314','314.0','Closed Won','2018-12-27','False','107','55','','');
INSERT INTO "Opportunity" VALUES(116,'Eugene Stephens: $436','436.0','Closed Won','2019-01-04','False','107','55','','');
INSERT INTO "Opportunity" VALUES(117,'Eugene Stephens: $157','157.0','Closed Won','2016-12-28','False','107','55','','');
INSERT INTO "Opportunity" VALUES(118,'Eugene Stephens: $685','685.0','Closed Won','2017-08-07','False','107','55','','');
INSERT INTO "Opportunity" VALUES(119,'Eugene Stephens: $974','974.0','Closed Won','2017-07-18','False','107','55','','');
INSERT INTO "Opportunity" VALUES(120,'Eugene Stephens: $751','751.0','Closed Won','2019-01-30','False','107','55','','');
INSERT INTO "Opportunity" VALUES(121,'Eugene Stephens: $449','449.0','Closed Won','2016-10-17','False','107','55','','');
INSERT INTO "Opportunity" VALUES(122,'Eugene Stephens: $643','643.0','Closed Won','2017-09-26','False','107','55','','');
INSERT INTO "Opportunity" VALUES(123,'Eugene Stephens: $127','127.0','Closed Won','2018-12-13','False','107','55','','');
INSERT INTO "Opportunity" VALUES(124,'Anthony Fisher: $377','377.0','Closed Won','2018-06-16','False','108','56','','');
INSERT INTO "Opportunity" VALUES(125,'Anthony Fisher: $654','654.0','Closed Won','2016-03-02','False','108','56','','');
INSERT INTO "Opportunity" VALUES(126,'Anthony Fisher: $926','926.0','Closed Won','2017-01-18','False','108','56','','');
INSERT INTO "Opportunity" VALUES(127,'Anthony Fisher: $838','838.0','Closed Won','2017-07-29','False','108','56','','');
INSERT INTO "Opportunity" VALUES(128,'Anthony Fisher: $46','46.0','Closed Won','2018-07-03','False','108','56','','');
INSERT INTO "Opportunity" VALUES(129,'Anthony Fisher: $440','440.0','Closed Won','2016-12-12','False','108','56','','');
INSERT INTO "Opportunity" VALUES(130,'Anthony Fisher: $353','353.0','Closed Won','2018-07-09','False','108','56','','');
INSERT INTO "Opportunity" VALUES(131,'Anthony Fisher: $338','338.0','Closed Won','2016-08-31','False','108','56','','');
INSERT INTO "Opportunity" VALUES(132,'Anthony Fisher: $546','546.0','Closed Won','2017-04-10','False','108','56','','');
INSERT INTO "Opportunity" VALUES(133,'Anthony Fisher: $316','316.0','Closed Won','2018-10-07','False','108','56','','');
INSERT INTO "Opportunity" VALUES(134,'Carl Harvey: $409','409.0','Closed Won','2017-03-29','False','65','68','','');
INSERT INTO "Opportunity" VALUES(135,'Carl Harvey: $858','858.0','Closed Won','2018-03-05','False','65','68','','');
INSERT INTO "Opportunity" VALUES(136,'Carl Harvey: $750','750.0','Closed Won','2017-09-03','False','65','68','','');
INSERT INTO "Opportunity" VALUES(137,'Carl Harvey: $976','976.0','Closed Won','2016-06-01','False','65','68','','');
INSERT INTO "Opportunity" VALUES(138,'Carl Harvey: $22','22.0','Closed Won','2016-03-06','False','65','68','','');
INSERT INTO "Opportunity" VALUES(139,'Carl Harvey: $627','627.0','Closed Won','2018-10-08','False','65','68','','');
INSERT INTO "Opportunity" VALUES(140,'Carl Harvey: $965','965.0','Closed Won','2018-01-01','False','65','68','','');
INSERT INTO "Opportunity" VALUES(141,'Carl Harvey: $116','116.0','Closed Won','2018-05-15','False','65','68','','');
INSERT INTO "Opportunity" VALUES(142,'Carl Harvey: $260','260.0','Closed Won','2018-12-06','False','65','68','','');
INSERT INTO "Opportunity" VALUES(143,'Carl Harvey: $365','365.0','Closed Won','2018-08-07','False','65','68','','');
INSERT INTO "Opportunity" VALUES(144,'Carl Harvey: $550','550.0','Closed Won','2018-06-25','False','65','68','','');
INSERT INTO "Opportunity" VALUES(145,'Carl Harvey: $131','131.0','Closed Won','2019-06-02','True','65','68','','');
INSERT INTO "Opportunity" VALUES(146,'Carl Harvey: $631','631.0','Closed Won','2016-07-21','False','65','68','','');
INSERT INTO "Opportunity" VALUES(147,'Carl Harvey: $970','970.0','Closed Won','2018-09-15','False','65','68','','');
INSERT INTO "Opportunity" VALUES(148,'Carl Harvey: $59','59.0','Closed Won','2018-06-07','False','65','68','','');
INSERT INTO "Opportunity" VALUES(149,'Carl Harvey: $253','253.0','Closed Won','2018-11-20','False','65','68','','');
INSERT INTO "Opportunity" VALUES(150,'Carl Harvey: $421','421.0','Closed Won','2016-04-23','False','65','68','','');
INSERT INTO "Opportunity" VALUES(151,'Carl Harvey: $743','743.0','Closed Won','2018-09-03','False','65','68','','');
INSERT INTO "Opportunity" VALUES(152,'Carl Harvey: $37','37.0','Closed Won','2017-11-19','False','65','68','','');
INSERT INTO "Opportunity" VALUES(153,'Carl Harvey: $146','146.0','Closed Won','2017-11-27','False','65','68','','');
INSERT INTO "Opportunity" VALUES(154,'Carl Harvey: $657','657.0','Closed Won','2016-09-08','False','65','68','','');
INSERT INTO "Opportunity" VALUES(155,'Carl Harvey: $36','36.0','Closed Won','2016-09-02','False','65','68','','');
INSERT INTO "Opportunity" VALUES(156,'Carl Harvey: $393','393.0','Closed Won','2018-03-18','True','65','68','','');
INSERT INTO "Opportunity" VALUES(157,'Carl Harvey: $643','643.0','Closed Won','2019-11-24','True','65','68','','');
INSERT INTO "Opportunity" VALUES(158,'Carl Harvey: $813','813.0','Closed Won','2017-04-10','False','65','68','','');
INSERT INTO "Opportunity" VALUES(159,'Carl Harvey: $557','557.0','Closed Won','2017-12-02','False','65','68','','');
INSERT INTO "Opportunity" VALUES(160,'Carl Harvey: $926','926.0','Closed Won','2018-11-10','False','65','68','','');
INSERT INTO "Opportunity" VALUES(161,'Carl Harvey: $13','13.0','Closed Won','2018-02-28','False','65','68','','');
INSERT INTO "Opportunity" VALUES(162,'Carl Harvey: $609','609.0','Closed Won','2016-12-18','False','65','68','','');
INSERT INTO "Opportunity" VALUES(163,'Carl Harvey: $962','962.0','Closed Won','2018-01-28','False','65','68','','');
INSERT INTO "Opportunity" VALUES(164,'Carl Harvey: $204','204.0','Closed Won','2017-12-25','False','65','68','','');
INSERT INTO "Opportunity" VALUES(165,'Carl Harvey: $153','153.0','Closed Won','2017-06-01','False','65','68','','');
INSERT INTO "Opportunity" VALUES(166,'Carl Harvey: $89','89.0','Closed Won','2018-01-23','False','65','68','','');
INSERT INTO "Opportunity" VALUES(167,'Carl Harvey: $331','331.0','Closed Won','2018-01-26','False','65','68','','');
INSERT INTO "Opportunity" VALUES(168,'Carl Harvey: $842','842.0','Closed Won','2017-07-29','False','65','68','','');
INSERT INTO "Opportunity" VALUES(169,'Carl Harvey: $736','736.0','Closed Won','2016-09-14','False','65','68','','');
INSERT INTO "Opportunity" VALUES(170,'Carl Harvey: $978','978.0','Closed Won','2016-03-20','False','65','68','','');
INSERT INTO "Opportunity" VALUES(171,'Carl Harvey: $927','927.0','Closed Won','2017-04-24','False','65','68','','');
INSERT INTO "Opportunity" VALUES(172,'Carl Harvey: $321','321.0','Closed Won','2016-05-17','False','65','68','','');
INSERT INTO "Opportunity" VALUES(173,'Carl Harvey: $282','282.0','Closed Won','2016-02-04','False','65','68','','');
INSERT INTO "Opportunity" VALUES(174,'Carl Harvey: $750','750.0','Closed Won','2016-02-21','False','65','68','','');
INSERT INTO "Opportunity" VALUES(175,'Carl Harvey: $996','996.0','Closed Won','2016-06-16','False','65','68','','');
INSERT INTO "Opportunity" VALUES(176,'Carl Harvey: $536','536.0','Closed Won','2019-01-14','False','65','68','','');
INSERT INTO "Opportunity" VALUES(177,'Carl Harvey: $756','756.0','Closed Won','2018-11-10','False','65','68','','');
INSERT INTO "Opportunity" VALUES(178,'Carl Harvey: $119','119.0','Closed Won','2018-04-03','False','65','68','','');
INSERT INTO "Opportunity" VALUES(179,'Carl Harvey: $309','309.0','Closed Won','2016-11-01','False','65','68','','');
INSERT INTO "Opportunity" VALUES(180,'Carl Harvey: $230','230.0','Closed Won','2017-10-06','False','65','68','','');
INSERT INTO "Opportunity" VALUES(181,'Carl Harvey: $118','118.0','Closed Won','2017-04-18','False','65','68','','');
INSERT INTO "Opportunity" VALUES(182,'Carl Harvey: $327','327.0','Closed Won','2017-01-23','True','65','68','','');
INSERT INTO "Opportunity" VALUES(183,'Carl Harvey: $557','557.0','Closed Won','2018-01-07','False','65','68','','');
INSERT INTO "Opportunity" VALUES(184,'Carl Harvey: $642','642.0','Closed Won','2018-02-08','False','65','68','','');
INSERT INTO "Opportunity" VALUES(185,'Carl Harvey: $782','782.0','Closed Won','2017-04-19','False','65','68','','');
INSERT INTO "Opportunity" VALUES(186,'Carl Harvey: $409','409.0','Closed Won','2017-05-21','False','65','68','','');
INSERT INTO "Opportunity" VALUES(187,'Carl Harvey: $501','501.0','Closed Won','2016-11-30','False','65','68','','');
INSERT INTO "Opportunity" VALUES(188,'Carl Harvey: $998','998.0','Closed Won','2017-08-18','False','65','68','','');
INSERT INTO "Opportunity" VALUES(189,'Carl Harvey: $338','338.0','Closed Won','2017-01-01','False','65','68','','');
INSERT INTO "Opportunity" VALUES(190,'Carl Harvey: $737','737.0','Closed Won','2018-12-15','False','65','68','','');
INSERT INTO "Opportunity" VALUES(191,'Carl Harvey: $410','410.0','Closed Won','2018-04-12','False','65','68','','');
INSERT INTO "Opportunity" VALUES(192,'Carl Harvey: $202','202.0','Closed Won','2018-10-16','False','65','68','','');
INSERT INTO "Opportunity" VALUES(193,'Carl Harvey: $997','997.0','Closed Won','2019-01-29','False','65','68','','');
INSERT INTO "Opportunity" VALUES(194,'Carl Harvey: $609','609.0','Closed Won','2016-06-09','False','65','68','','');
INSERT INTO "Opportunity" VALUES(195,'Carl Harvey: $952','952.0','Closed Won','2018-06-15','False','65','68','','');
INSERT INTO "Opportunity" VALUES(196,'Carl Harvey: $734','734.0','Closed Won','2017-02-01','False','65','68','','');
INSERT INTO "Opportunity" VALUES(197,'Carl Harvey: $540','540.0','Closed Won','2019-06-28','True','65','68','','');
INSERT INTO "Opportunity" VALUES(198,'Carl Harvey: $507','507.0','Closed Won','2017-04-23','False','65','68','','');
INSERT INTO "Opportunity" VALUES(199,'Carl Harvey: $976','976.0','Closed Won','2017-11-07','False','65','68','','');
INSERT INTO "Opportunity" VALUES(200,'Carl Harvey: $973','973.0','Closed Won','2017-11-20','False','65','68','','');
INSERT INTO "Opportunity" VALUES(201,'Carl Harvey: $837','837.0','Closed Won','2018-03-22','False','65','68','','');
INSERT INTO "Opportunity" VALUES(202,'Carl Harvey: $871','871.0','Closed Won','2018-09-25','False','65','68','','');
INSERT INTO "Opportunity" VALUES(203,'Carl Harvey: $504','504.0','Closed Won','2017-06-15','False','65','68','','');
INSERT INTO "Opportunity" VALUES(204,'Carl Harvey: $234','234.0','Closed Won','2017-12-20','False','65','68','','');
INSERT INTO "Opportunity" VALUES(205,'Carl Harvey: $762','762.0','Closed Won','2016-03-31','False','65','68','','');
INSERT INTO "Opportunity" VALUES(206,'Carl Harvey: $357','357.0','Closed Won','2017-10-24','False','65','68','','');
INSERT INTO "Opportunity" VALUES(207,'Carl Harvey: $992','992.0','Closed Won','2018-02-28','False','65','68','','');
INSERT INTO "Opportunity" VALUES(208,'Carl Harvey: $666','666.0','Closed Won','2016-07-19','False','65','68','','');
INSERT INTO "Opportunity" VALUES(209,'Carl Harvey: $128','128.0','Closed Won','2017-04-22','False','65','68','','');
INSERT INTO "Opportunity" VALUES(210,'Carl Harvey: $111','111.0','Closed Won','2016-10-31','False','65','68','','');
INSERT INTO "Opportunity" VALUES(211,'Carl Harvey: $719','719.0','Closed Won','2016-06-10','False','65','68','','');
INSERT INTO "Opportunity" VALUES(212,'Carl Harvey: $22','22.0','Closed Won','2018-06-07','False','65','68','','');
INSERT INTO "Opportunity" VALUES(213,'Carl Harvey: $844','844.0','Closed Won','2017-05-30','False','65','68','','');
INSERT INTO "Opportunity" VALUES(214,'Carl Harvey: $989','989.0','Closed Won','2017-10-02','False','65','68','','');
INSERT INTO "Opportunity" VALUES(215,'Carl Harvey: $368','368.0','Closed Won','2017-09-04','False','65','68','','');
INSERT INTO "Opportunity" VALUES(216,'Carl Harvey: $896','896.0','Closed Won','2016-03-07','False','65','68','','');
INSERT INTO "Opportunity" VALUES(217,'Carl Harvey: $108','108.0','Closed Won','2018-07-01','False','65','68','','');
INSERT INTO "Opportunity" VALUES(218,'Carl Harvey: $911','911.0','Closed Won','2017-08-17','False','65','68','','');
INSERT INTO "Opportunity" VALUES(219,'Carl Harvey: $834','834.0','Closed Won','2017-04-08','False','65','68','','');
INSERT INTO "Opportunity" VALUES(220,'Carl Harvey: $45','45.0','Closed Won','2016-12-31','False','65','68','','');
INSERT INTO "Opportunity" VALUES(221,'Carl Harvey: $99','99.0','Closed Won','2017-11-25','False','65','68','','');
INSERT INTO "Opportunity" VALUES(222,'Carl Harvey: $971','971.0','Closed Won','2016-10-07','False','65','68','','');
INSERT INTO "Opportunity" VALUES(223,'Carl Harvey: $639','639.0','Closed Won','2018-08-19','False','65','68','','');
INSERT INTO "Opportunity" VALUES(224,'Carl Harvey: $919','919.0','Closed Won','2018-01-13','False','65','68','','');
INSERT INTO "Opportunity" VALUES(225,'Carl Harvey: $476','476.0','Closed Won','2016-03-22','False','65','68','','');
INSERT INTO "Opportunity" VALUES(226,'Carl Harvey: $321','321.0','Closed Won','2017-03-19','False','65','68','','');
INSERT INTO "Opportunity" VALUES(227,'Carl Harvey: $839','839.0','Closed Won','2018-11-11','False','65','68','','');
INSERT INTO "Opportunity" VALUES(228,'Carl Harvey: $451','451.0','Closed Won','2018-06-22','False','65','68','','');
INSERT INTO "Opportunity" VALUES(229,'Carl Harvey: $236','236.0','Closed Won','2019-01-18','False','65','68','','');
INSERT INTO "Opportunity" VALUES(230,'Carl Harvey: $585','585.0','Closed Won','2018-08-25','False','65','68','','');
INSERT INTO "Opportunity" VALUES(231,'Carl Harvey: $546','546.0','Closed Won','2017-08-29','False','65','68','','');
INSERT INTO "Opportunity" VALUES(232,'Carl Harvey: $485','485.0','Closed Won','2017-04-29','True','65','68','','');
INSERT INTO "Opportunity" VALUES(233,'Carl Harvey: $329','329.0','Closed Won','2018-09-18','False','65','68','','');
INSERT INTO "Opportunity" VALUES(234,'Carl Harvey Donation (1) 1/15/2019','75.0','Closed Won','2019-01-15','False','65','68','1','');
INSERT INTO "Opportunity" VALUES(235,'Carl Harvey Donation (2) 2/15/2019','75.0','Closed Won','2019-02-15','False','65','68','1','');
INSERT INTO "Opportunity" VALUES(236,'Carl Harvey Donation (3) 3/15/2019','75.0','Closed Won','2019-03-15','False','65','68','1','');
INSERT INTO "Opportunity" VALUES(237,'Chapman - Soft Credit 2','4000.0','Closed Won','2021-11-12','False','93','9','','');
INSERT INTO "Opportunity" VALUES(238,'Alice Patterson - Soft Credit 11','233.0','Closed Won','2021-10-12','False','60','1','','');
INSERT INTO "Opportunity" VALUES(239,'Alice Patterson - Soft Credit 12','290.0','Closed Won','2021-09-08','False','60','1','','');
INSERT INTO "Opportunity" VALUES(240,'Alice Patterson - Soft Credit 14','867.0','Closed Won','2021-09-16','False','60','1','','');
INSERT INTO "Opportunity" VALUES(241,'Chapman - Hard Credit 1','600.0','Closed Won','2021-11-12','False','93','9','','');
INSERT INTO "Opportunity" VALUES(242,'Alice Patterson - Hard Credit 18','111.0','Closed Won','2021-12-04','False','60','10','','');
INSERT INTO "Opportunity" VALUES(243,'Alice Patterson - Non Closed/Won Opp 2','289.0','Proposal/Price Quote','2021-11-10','False','60','10','','');
INSERT INTO "Opportunity" VALUES(244,'Alice Patterson - Non Closed/Won Opp 4','55.0','Closed Lost','2021-11-26','False','60','10','','');
INSERT INTO "Opportunity" VALUES(245,'Alice Patterson - Non Closed/Won Opp 6','80.0','Prospecting','2021-11-09','False','60','1','','');
INSERT INTO "Opportunity" VALUES(246,'Patterson - Hard Credit 1','1000.0','Closed Won','2021-11-12','False','60','10','','');
INSERT INTO "Opportunity" VALUES(247,'Alice Patterson - Hard Credit 19','23.0','Closed Won','2021-11-10','False','60','10','','');
INSERT INTO "Opportunity" VALUES(248,'Alice Patterson - Hard Credit 20','77.0','Closed Won','2021-12-01','False','60','10','','');
INSERT INTO "Opportunity" VALUES(249,'Alice Patterson - Soft Credit 17','71.0','Closed Won','2021-09-03','False','60','1','','');
INSERT INTO "Opportunity" VALUES(250,'Alice Patterson - Soft Credit 15','46.0','Closed Won','2021-07-06','False','60','1','','');
INSERT INTO "Opportunity" VALUES(251,'Alice Patterson - Soft Credit 16','16.0','Closed Won','2021-09-01','False','60','1','','');
INSERT INTO "Opportunity" VALUES(252,'Patterson - Soft Credit 1','280.0','Closed Won','2021-11-17','False','60','1','','');
INSERT INTO "Opportunity" VALUES(253,'Alice Patterson - Soft Credit 20','20.0','Closed Won','2021-10-02','False','60','1','','');
INSERT INTO "Opportunity" VALUES(254,'Alice Patterson - Partial Soft Credit 8','655.0','Closed Won','2021-11-18','False','60','1','','');
INSERT INTO "Opportunity" VALUES(255,'Alice Patterson - Partial Soft Credit 11','1080.0','Closed Won','2021-11-11','False','60','1','','');
INSERT INTO "Opportunity" VALUES(256,'Alice Patterson - Hard Credit 9','69.0','Closed Won','2021-11-27','False','93','10','','');
INSERT INTO "Opportunity" VALUES(257,'Alice Patterson - Hard Credit 11','66.0','Closed Won','2021-12-08','False','60','10','','');
INSERT INTO "Opportunity" VALUES(258,'Alice Patterson - Hard Credit 15','88.0','Closed Won','2021-12-03','False','60','10','','');
INSERT INTO "Opportunity" VALUES(259,'Alice Patterson - Soft Credit 1','433.0','Closed Won','2021-12-08','False','60','1','','');
INSERT INTO "Opportunity" VALUES(260,'Patterson - Partial Soft Credit 1','1050.0','Closed Won','2021-11-11','False','60','1','','');
INSERT INTO "Opportunity" VALUES(261,'Chapman - Soft Credit 1','190.0','Closed Won','2021-11-12','False','93','9','','');
INSERT INTO "Opportunity" VALUES(262,'Chapman - Non-Closed Opp 1','45.0','Closed Lost','2021-11-12','False','93','9','','');
INSERT INTO "Opportunity" VALUES(263,'Alice Patterson - Hard Credit 1','100.0','Closed Won','2021-11-11','False','60','10','','');
INSERT INTO "Opportunity" VALUES(264,'Alice Patterson - Partial Soft Credit 4','55.0','Closed Won','2021-11-27','False','60','1','','');
INSERT INTO "Opportunity" VALUES(265,'Alice Patterson - Partial Soft Credit 5','960.0','Closed Won','2021-11-27','False','60','1','','');
INSERT INTO "Opportunity" VALUES(266,'Alice Patterson - Soft Credit 4','321.0','Closed Won','2021-11-19','False','60','1','','');
INSERT INTO "Opportunity" VALUES(267,'Alice Patterson - Partial Soft Credit 1','350.0','Closed Won','2021-11-12','False','60','1','','');
INSERT INTO "Opportunity" VALUES(268,'Alice Patterson - Partial Soft Credit 12','498.0','Closed Won','2021-11-17','False','60','1','','');
INSERT INTO "Opportunity" VALUES(269,'Alice Patterson - Partial Soft Credit 13','111.0','Closed Won','2021-11-17','False','60','1','','');
INSERT INTO "Opportunity" VALUES(270,'Alice Patterson - Hard Credit 4','89.0','Closed Won','2021-11-26','False','60','10','','');
INSERT INTO "Opportunity" VALUES(271,'Alice Patterson - Hard Credit 8','34.0','Closed Won','2021-11-26','False','60','10','','');
INSERT INTO "Opportunity" VALUES(272,'Alice Patterson - Soft Credit 13','502.0','Closed Won','2021-08-04','False','60','1','','');
INSERT INTO "Opportunity" VALUES(273,'Alice Patterson - Partial Soft Credit 3','312.0','Closed Won','2021-07-03','False','60','1','','');
INSERT INTO "Opportunity" VALUES(274,'Alice Patterson - Partial Soft Credit 18','25.0','Closed Won','2021-11-25','False','60','1','','');
INSERT INTO "Opportunity" VALUES(275,'Alice Patterson - Partial Soft Credit 20','22.0','Closed Won','2021-12-02','False','60','1','','');
INSERT INTO "Opportunity" VALUES(276,'Alice Patterson - Non Closed/Won Opp 8','235.0','Closed Lost','2021-11-11','False','60','1','','');
INSERT INTO "Opportunity" VALUES(277,'Carl Harvey Donation (1) 1/15/2020','75.0','Pledged','2020-01-15','False','65','68','1','');
INSERT INTO "Opportunity" VALUES(278,'Carl Harvey Donation (2) 2/15/2020','75.0','Pledged','2020-02-15','False','65','68','1','');
INSERT INTO "Opportunity" VALUES(279,'Carl Harvey Donation (3) 3/15/2020','75.0','Pledged','2020-03-15','False','65','68','1','');
INSERT INTO "Opportunity" VALUES(280,'Carl Harvey Donation (4) 4/15/2020','75.0','Pledged','2020-04-15','False','65','68','1','');
INSERT INTO "Opportunity" VALUES(281,'Carl Harvey Donation (5) 5/15/2020','75.0','Pledged','2020-05-15','False','65','68','1','');
INSERT INTO "Opportunity" VALUES(282,'Carl Harvey Donation (6) 6/15/2020','75.0','Pledged','2020-06-15','False','65','68','1','');
INSERT INTO "Opportunity" VALUES(283,'Carl Harvey Donation (7) 7/15/2020','75.0','Pledged','2020-07-15','False','65','68','1','');
INSERT INTO "Opportunity" VALUES(284,'Carl Harvey Donation (8) 8/15/2020','75.0','Pledged','2020-08-15','False','65','68','1','');
INSERT INTO "Opportunity" VALUES(285,'Carl Harvey Donation (9) 9/15/2020','75.0','Pledged','2020-09-15','False','65','68','1','');
INSERT INTO "Opportunity" VALUES(286,'Carl Harvey Donation (10) 10/15/2020','75.0','Pledged','2020-10-15','False','65','68','1','');
INSERT INTO "Opportunity" VALUES(287,'Carl Harvey Donation (11) 11/15/2020','75.0','Pledged','2020-11-15','False','65','68','1','');
INSERT INTO "Opportunity" VALUES(288,'Carl Harvey Donation (12) 12/15/2020','75.0','Pledged','2020-12-15','False','65','68','1','');
INSERT INTO "Opportunity" VALUES(289,'Carl Harvey Donation (13) 1/15/2021','75.0','Pledged','2021-01-15','False','65','68','1','');
INSERT INTO "Opportunity" VALUES(290,'Carl Harvey Donation (14) 2/15/2021','75.0','Pledged','2021-02-15','False','65','68','1','');
INSERT INTO "Opportunity" VALUES(291,'Carl Harvey Donation (15) 3/15/2021','75.0','Pledged','2021-03-15','False','65','68','1','');
INSERT INTO "Opportunity" VALUES(292,'Carl Harvey Donation (16) 4/15/2021','75.0','Pledged','2021-04-15','False','65','68','1','');
INSERT INTO "Opportunity" VALUES(293,'Carl Harvey Donation (17) 5/15/2021','75.0','Pledged','2021-05-15','False','65','68','1','');
INSERT INTO "Opportunity" VALUES(294,'Carl Harvey Donation (18) 6/15/2021','75.0','Pledged','2021-06-15','False','65','68','1','');
INSERT INTO "Opportunity" VALUES(295,'Carl Harvey Donation (19) 7/15/2021','75.0','Pledged','2021-07-15','False','65','68','1','');
INSERT INTO "Opportunity" VALUES(296,'Carl Harvey Donation (20) 8/15/2021','75.0','Pledged','2021-08-15','False','65','68','1','');
INSERT INTO "Opportunity" VALUES(297,'Carl Harvey Donation (21) 9/15/2021','75.0','Pledged','2021-09-15','False','65','68','1','');
INSERT INTO "Opportunity" VALUES(298,'Carl Harvey Donation (22) 10/15/2021','75.0','Pledged','2021-10-15','False','65','68','1','');
INSERT INTO "Opportunity" VALUES(299,'Carl Harvey Donation (23) 11/15/2021','75.0','Pledged','2021-11-15','False','65','68','1','');
INSERT INTO "Opportunity" VALUES(300,'Carl Harvey Donation (24) 12/15/2021','75.0','Pledged','2021-12-15','False','65','68','1','');
INSERT INTO "Opportunity" VALUES(301,'Carl Harvey Donation (25) 1/15/2022','75.0','Pledged','2022-01-15','False','65','68','1','');
INSERT INTO "Opportunity" VALUES(302,'Carl Harvey Donation (26) 2/15/2022','75.0','Pledged','2022-02-15','False','65','68','1','');
INSERT INTO "Opportunity" VALUES(303,'Carl Harvey Donation (27) 3/15/2022','75.0','Pledged','2022-03-15','False','65','68','1','');
INSERT INTO "Opportunity" VALUES(304,'Carl Harvey Donation (28) 4/15/2022','75.0','Pledged','2022-04-15','False','65','68','1','');
INSERT INTO "Opportunity" VALUES(305,'Carl Harvey Donation (29) 5/15/2022','75.0','Pledged','2022-05-15','False','65','68','1','');
INSERT INTO "Opportunity" VALUES(306,'Carl Harvey Donation (30) 6/15/2022','75.0','Pledged','2022-06-15','False','65','68','1','');
INSERT INTO "Opportunity" VALUES(307,'Carl Harvey Donation (31) 7/15/2022','75.0','Pledged','2022-07-15','False','65','68','1','');
INSERT INTO "Opportunity" VALUES(308,'Carl Harvey Donation (32) 8/15/2022','75.0','Pledged','2022-08-15','False','65','68','1','');
INSERT INTO "Opportunity" VALUES(309,'Carl Harvey Donation (33) 9/15/2022','75.0','Pledged','2022-09-15','False','65','68','1','');
INSERT INTO "Opportunity" VALUES(310,'Carl Harvey Donation (34) 10/15/2022','75.0','Pledged','2022-10-15','False','65','68','1','');
INSERT INTO "Opportunity" VALUES(311,'Chapman - Partial Soft Credit 2','675.0','Closed Won','2021-11-03','False','93','39','','');
INSERT INTO "Opportunity" VALUES(312,'Alice Patterson - Non Closed/Won Opp 1','100.0','Closed Lost','2021-11-11','False','60','10','','');
INSERT INTO "Opportunity" VALUES(313,'Alice Patterson - Soft Credit 6','70.0','Closed Won','2021-12-31','False','60','1','','');
INSERT INTO "Opportunity" VALUES(314,'Alice Patterson - Partial Soft Credit 14','534.0','Closed Won','2021-11-20','False','60','1','','');
INSERT INTO "Opportunity" VALUES(315,'Alice Patterson - Non Closed/Won Opp 9','568.0','Qualification','2021-11-02','False','60','1','','');
INSERT INTO "Opportunity" VALUES(316,'Alice Patterson - Soft Credit 5','785.0','Closed Won','2021-11-30','False','60','1','','');
INSERT INTO "Opportunity" VALUES(317,'Alice Patterson - Non Closed/Won Opp 3','60.0','Needs Analysis','2021-11-11','False','60','10','','');
INSERT INTO "Opportunity" VALUES(318,'Alice Patterson - Hard Credit 5','509.0','Closed Won','2021-10-31','False','60','10','','');
INSERT INTO "Opportunity" VALUES(319,'Alice Patterson - Hard Credit 13','11.0','Closed Won','2021-11-19','False','60','10','','');
INSERT INTO "Opportunity" VALUES(320,'Chapman - Hard Credit 2','680.0','Closed Won','2021-11-10','False','93','39','','');
INSERT INTO "Opportunity" VALUES(321,'Alice Patterson - Partial Soft Credit 17','2345.0','Closed Won','2021-12-11','False','60','1','','');
INSERT INTO "Opportunity" VALUES(322,'Alice Patterson - Partial Soft Credit 10','156.0','Closed Won','2021-09-28','False','60','1','','');
INSERT INTO "Opportunity" VALUES(323,'Alice Patterson - Soft Credit 9','88.0','Closed Won','2021-12-11','False','60','1','','');
INSERT INTO "Opportunity" VALUES(324,'Alice Patterson - Soft Credit 3','123.0','Closed Won','2021-11-18','False','60','1','','');
INSERT INTO "Opportunity" VALUES(325,'Patterson - Hard Credit 2','120.0','Closed Won','2021-11-25','False','60','1','','');
INSERT INTO "Opportunity" VALUES(326,'Chapman - Non-Closed Opp 2','150.0','Needs Analysis','2021-11-11','False','93','9','','');
INSERT INTO "Opportunity" VALUES(327,'Patterson - Non-Closed Opp 2','400.0','Needs Analysis','2021-11-26','False','60','1','','');
INSERT INTO "Opportunity" VALUES(328,'Alice Patterson - Soft Credit 8','56.0','Closed Won','2021-12-13','False','60','1','','');
INSERT INTO "Opportunity" VALUES(329,'Alice Patterson - Hard Credit 6','700.0','Closed Won','2021-11-26','False','60','10','','');
INSERT INTO "Opportunity" VALUES(330,'Alice Patterson - Hard Credit 14','14.0','Closed Won','2021-10-31','False','60','10','','');
INSERT INTO "Opportunity" VALUES(331,'Alice Patterson - Hard Credit 10','99.0','Closed Won','2021-11-03','False','60','10','','');
INSERT INTO "Opportunity" VALUES(332,'Alice Patterson - Soft Credit 2','89.0','Closed Won','2021-11-07','False','60','1','','');
INSERT INTO "Opportunity" VALUES(333,'Alice Patterson - Soft Credit 18','445.0','Closed Won','2021-09-14','False','60','1','','');
INSERT INTO "Opportunity" VALUES(334,'Alice Patterson - Partial Soft Credit 16','667.0','Closed Won','2021-10-19','False','60','1','','');
INSERT INTO "Opportunity" VALUES(335,'Chapman - Partial Soft Credit 1','500.0','Closed Won','2021-11-24','False','93','9','','');
INSERT INTO "Opportunity" VALUES(336,'Alice Patterson - Partial Soft Credit 15','434.0','Closed Won','2021-11-22','False','60','1','','');
INSERT INTO "Opportunity" VALUES(337,'Alice Patterson - Hard Credit 7','45.0','Closed Won','2021-11-17','False','60','10','','');
INSERT INTO "Opportunity" VALUES(338,'Alice Patterson - Hard Credit 16','73.0','Closed Won','2021-11-12','False','60','10','','');
INSERT INTO "Opportunity" VALUES(339,'Alice Patterson - Partial Soft Credit 9','77.0','Closed Won','2021-09-30','False','60','1','','');
INSERT INTO "Opportunity" VALUES(340,'Alice Patterson - Partial Soft Credit 19','508.0','Closed Won','2021-08-30','False','60','1','','');
INSERT INTO "Opportunity" VALUES(341,'Alice Patterson - Non Closed/Won Opp 5','400.0','Closed Lost','2021-11-12','False','60','1','','');
INSERT INTO "Opportunity" VALUES(342,'Alice Patterson - Soft Credit 10','444.0','Closed Won','2021-12-25','False','60','1','','');
CREATE TABLE "OpportunityContactRole" (
	id INTEGER NOT NULL, 
	"Role" VARCHAR(255), 
	"IsPrimary" VARCHAR(255), 
	"ContactId" VARCHAR(255), 
	"OpportunityId" VARCHAR(255), 
	PRIMARY KEY (id)
);
INSERT INTO "OpportunityContactRole" VALUES(1,'Donor','True','1','252');
INSERT INTO "OpportunityContactRole" VALUES(2,'Soft Credit','False','10','252');
INSERT INTO "OpportunityContactRole" VALUES(3,'Donor','True','39','110');
INSERT INTO "OpportunityContactRole" VALUES(4,'Donor','True','39','111');
INSERT INTO "OpportunityContactRole" VALUES(5,'Donor','True','10','35');
INSERT INTO "OpportunityContactRole" VALUES(6,'Donor','True','10','36');
INSERT INTO "OpportunityContactRole" VALUES(7,'Donor','True','10','37');
INSERT INTO "OpportunityContactRole" VALUES(8,'Donor','True','10','38');
INSERT INTO "OpportunityContactRole" VALUES(9,'Donor','True','10','39');
INSERT INTO "OpportunityContactRole" VALUES(10,'Donor','True','10','40');
INSERT INTO "OpportunityContactRole" VALUES(11,'Donor','True','10','41');
INSERT INTO "OpportunityContactRole" VALUES(12,'Donor','True','10','42');
INSERT INTO "OpportunityContactRole" VALUES(13,'Donor','True','10','43');
INSERT INTO "OpportunityContactRole" VALUES(14,'Donor','True','10','44');
INSERT INTO "OpportunityContactRole" VALUES(15,'Donor','True','12','55');
INSERT INTO "OpportunityContactRole" VALUES(16,'Donor','True','12','56');
INSERT INTO "OpportunityContactRole" VALUES(17,'Donor','True','12','57');
INSERT INTO "OpportunityContactRole" VALUES(18,'Donor','True','12','58');
INSERT INTO "OpportunityContactRole" VALUES(19,'Donor','True','12','68');
INSERT INTO "OpportunityContactRole" VALUES(20,'Donor','True','12','69');
INSERT INTO "OpportunityContactRole" VALUES(21,'Donor','True','12','70');
INSERT INTO "OpportunityContactRole" VALUES(22,'Donor','True','12','71');
INSERT INTO "OpportunityContactRole" VALUES(23,'Donor','True','12','72');
INSERT INTO "OpportunityContactRole" VALUES(24,'Donor','True','12','73');
INSERT INTO "OpportunityContactRole" VALUES(25,'Donor','True','18','84');
INSERT INTO "OpportunityContactRole" VALUES(26,'Donor','True','18','85');
INSERT INTO "OpportunityContactRole" VALUES(27,'Donor','True','18','86');
INSERT INTO "OpportunityContactRole" VALUES(28,'Donor','True','18','87');
INSERT INTO "OpportunityContactRole" VALUES(29,'Donor','True','18','88');
INSERT INTO "OpportunityContactRole" VALUES(30,'Donor','True','18','89');
INSERT INTO "OpportunityContactRole" VALUES(31,'Donor','True','18','90');
INSERT INTO "OpportunityContactRole" VALUES(32,'Donor','True','18','91');
INSERT INTO "OpportunityContactRole" VALUES(33,'Donor','True','18','92');
INSERT INTO "OpportunityContactRole" VALUES(34,'Donor','True','18','93');
INSERT INTO "OpportunityContactRole" VALUES(35,'Donor','True','30','94');
INSERT INTO "OpportunityContactRole" VALUES(36,'Donor','True','30','95');
INSERT INTO "OpportunityContactRole" VALUES(37,'Donor','True','30','96');
INSERT INTO "OpportunityContactRole" VALUES(38,'Donor','True','30','97');
INSERT INTO "OpportunityContactRole" VALUES(39,'Donor','True','30','98');
INSERT INTO "OpportunityContactRole" VALUES(40,'Donor','True','30','99');
INSERT INTO "OpportunityContactRole" VALUES(41,'Donor','True','30','100');
INSERT INTO "OpportunityContactRole" VALUES(42,'Donor','True','30','101');
INSERT INTO "OpportunityContactRole" VALUES(43,'Donor','True','30','102');
INSERT INTO "OpportunityContactRole" VALUES(44,'Donor','True','30','103');
INSERT INTO "OpportunityContactRole" VALUES(45,'Donor','True','39','104');
INSERT INTO "OpportunityContactRole" VALUES(46,'Donor','True','39','105');
INSERT INTO "OpportunityContactRole" VALUES(47,'Donor','True','39','106');
INSERT INTO "OpportunityContactRole" VALUES(48,'Donor','True','39','107');
INSERT INTO "OpportunityContactRole" VALUES(49,'Donor','True','39','108');
INSERT INTO "OpportunityContactRole" VALUES(50,'Donor','True','39','109');
INSERT INTO "OpportunityContactRole" VALUES(51,'Donor','True','39','112');
INSERT INTO "OpportunityContactRole" VALUES(52,'Donor','True','39','113');
INSERT INTO "OpportunityContactRole" VALUES(53,'Donor','True','55','114');
INSERT INTO "OpportunityContactRole" VALUES(54,'Donor','True','55','115');
INSERT INTO "OpportunityContactRole" VALUES(55,'Donor','True','55','116');
INSERT INTO "OpportunityContactRole" VALUES(56,'Donor','True','55','117');
INSERT INTO "OpportunityContactRole" VALUES(57,'Donor','True','55','118');
INSERT INTO "OpportunityContactRole" VALUES(58,'Donor','True','55','119');
INSERT INTO "OpportunityContactRole" VALUES(59,'Donor','True','55','120');
INSERT INTO "OpportunityContactRole" VALUES(60,'Donor','True','55','121');
INSERT INTO "OpportunityContactRole" VALUES(61,'Donor','True','55','122');
INSERT INTO "OpportunityContactRole" VALUES(62,'Donor','True','55','123');
INSERT INTO "OpportunityContactRole" VALUES(63,'Donor','True','56','124');
INSERT INTO "OpportunityContactRole" VALUES(64,'Donor','True','56','125');
INSERT INTO "OpportunityContactRole" VALUES(65,'Donor','True','56','126');
INSERT INTO "OpportunityContactRole" VALUES(66,'Donor','True','56','127');
INSERT INTO "OpportunityContactRole" VALUES(67,'Donor','True','56','128');
INSERT INTO "OpportunityContactRole" VALUES(68,'Donor','True','56','129');
INSERT INTO "OpportunityContactRole" VALUES(69,'Donor','True','56','130');
INSERT INTO "OpportunityContactRole" VALUES(70,'Donor','True','56','131');
INSERT INTO "OpportunityContactRole" VALUES(71,'Donor','True','56','132');
INSERT INTO "OpportunityContactRole" VALUES(72,'Donor','True','56','133');
INSERT INTO "OpportunityContactRole" VALUES(73,'Donor','True','68','134');
INSERT INTO "OpportunityContactRole" VALUES(74,'Donor','True','68','135');
INSERT INTO "OpportunityContactRole" VALUES(75,'Donor','True','68','136');
INSERT INTO "OpportunityContactRole" VALUES(76,'Donor','True','68','137');
INSERT INTO "OpportunityContactRole" VALUES(77,'Donor','True','68','138');
INSERT INTO "OpportunityContactRole" VALUES(78,'Donor','True','68','139');
INSERT INTO "OpportunityContactRole" VALUES(79,'Donor','True','68','140');
INSERT INTO "OpportunityContactRole" VALUES(80,'Donor','True','68','141');
INSERT INTO "OpportunityContactRole" VALUES(81,'Donor','True','68','142');
INSERT INTO "OpportunityContactRole" VALUES(82,'Donor','True','68','143');
INSERT INTO "OpportunityContactRole" VALUES(83,'Donor','True','68','144');
INSERT INTO "OpportunityContactRole" VALUES(84,'Donor','True','68','145');
INSERT INTO "OpportunityContactRole" VALUES(85,'Donor','True','68','146');
INSERT INTO "OpportunityContactRole" VALUES(86,'Donor','True','68','147');
INSERT INTO "OpportunityContactRole" VALUES(87,'Donor','True','68','148');
INSERT INTO "OpportunityContactRole" VALUES(88,'Donor','True','68','149');
INSERT INTO "OpportunityContactRole" VALUES(89,'Donor','True','68','150');
INSERT INTO "OpportunityContactRole" VALUES(90,'Donor','True','68','151');
INSERT INTO "OpportunityContactRole" VALUES(91,'Donor','True','68','152');
INSERT INTO "OpportunityContactRole" VALUES(92,'Donor','True','68','153');
INSERT INTO "OpportunityContactRole" VALUES(93,'Donor','True','68','154');
INSERT INTO "OpportunityContactRole" VALUES(94,'Donor','True','68','155');
INSERT INTO "OpportunityContactRole" VALUES(95,'Donor','True','68','156');
INSERT INTO "OpportunityContactRole" VALUES(96,'Donor','True','68','157');
INSERT INTO "OpportunityContactRole" VALUES(97,'Donor','True','68','158');
INSERT INTO "OpportunityContactRole" VALUES(98,'Donor','True','68','159');
INSERT INTO "OpportunityContactRole" VALUES(99,'Donor','True','68','160');
INSERT INTO "OpportunityContactRole" VALUES(100,'Donor','True','68','161');
INSERT INTO "OpportunityContactRole" VALUES(101,'Donor','True','68','162');
INSERT INTO "OpportunityContactRole" VALUES(102,'Donor','True','68','163');
INSERT INTO "OpportunityContactRole" VALUES(103,'Donor','True','68','164');
INSERT INTO "OpportunityContactRole" VALUES(104,'Donor','True','68','165');
INSERT INTO "OpportunityContactRole" VALUES(105,'Donor','True','68','166');
INSERT INTO "OpportunityContactRole" VALUES(106,'Donor','True','68','167');
INSERT INTO "OpportunityContactRole" VALUES(107,'Donor','True','68','168');
INSERT INTO "OpportunityContactRole" VALUES(108,'Donor','True','68','169');
INSERT INTO "OpportunityContactRole" VALUES(109,'Donor','True','68','170');
INSERT INTO "OpportunityContactRole" VALUES(110,'Donor','True','68','171');
INSERT INTO "OpportunityContactRole" VALUES(111,'Donor','True','68','172');
INSERT INTO "OpportunityContactRole" VALUES(112,'Donor','True','68','173');
INSERT INTO "OpportunityContactRole" VALUES(113,'Donor','True','68','174');
INSERT INTO "OpportunityContactRole" VALUES(114,'Donor','True','68','175');
INSERT INTO "OpportunityContactRole" VALUES(115,'Donor','True','68','176');
INSERT INTO "OpportunityContactRole" VALUES(116,'Donor','True','68','177');
INSERT INTO "OpportunityContactRole" VALUES(117,'Donor','True','68','178');
INSERT INTO "OpportunityContactRole" VALUES(118,'Donor','True','68','179');
INSERT INTO "OpportunityContactRole" VALUES(119,'Donor','True','68','180');
INSERT INTO "OpportunityContactRole" VALUES(120,'Donor','True','68','181');
INSERT INTO "OpportunityContactRole" VALUES(121,'Donor','True','68','182');
INSERT INTO "OpportunityContactRole" VALUES(122,'Donor','True','68','183');
INSERT INTO "OpportunityContactRole" VALUES(123,'Donor','True','68','184');
INSERT INTO "OpportunityContactRole" VALUES(124,'Donor','True','68','185');
INSERT INTO "OpportunityContactRole" VALUES(125,'Donor','True','68','186');
INSERT INTO "OpportunityContactRole" VALUES(126,'Donor','True','68','187');
INSERT INTO "OpportunityContactRole" VALUES(127,'Donor','True','68','188');
INSERT INTO "OpportunityContactRole" VALUES(128,'Donor','True','68','189');
INSERT INTO "OpportunityContactRole" VALUES(129,'Donor','True','68','190');
INSERT INTO "OpportunityContactRole" VALUES(130,'Donor','True','68','191');
INSERT INTO "OpportunityContactRole" VALUES(131,'Donor','True','68','192');
INSERT INTO "OpportunityContactRole" VALUES(132,'Donor','True','68','193');
INSERT INTO "OpportunityContactRole" VALUES(133,'Donor','True','68','194');
INSERT INTO "OpportunityContactRole" VALUES(134,'Donor','True','68','195');
INSERT INTO "OpportunityContactRole" VALUES(135,'Donor','True','68','196');
INSERT INTO "OpportunityContactRole" VALUES(136,'Donor','True','68','197');
INSERT INTO "OpportunityContactRole" VALUES(137,'Donor','True','68','198');
INSERT INTO "OpportunityContactRole" VALUES(138,'Donor','True','68','199');
INSERT INTO "OpportunityContactRole" VALUES(139,'Donor','True','68','200');
INSERT INTO "OpportunityContactRole" VALUES(140,'Donor','True','68','201');
INSERT INTO "OpportunityContactRole" VALUES(141,'Donor','True','68','202');
INSERT INTO "OpportunityContactRole" VALUES(142,'Donor','True','68','203');
INSERT INTO "OpportunityContactRole" VALUES(143,'Donor','True','68','204');
INSERT INTO "OpportunityContactRole" VALUES(144,'Donor','True','68','205');
INSERT INTO "OpportunityContactRole" VALUES(145,'Donor','True','68','206');
INSERT INTO "OpportunityContactRole" VALUES(146,'Donor','True','68','207');
INSERT INTO "OpportunityContactRole" VALUES(147,'Donor','True','68','208');
INSERT INTO "OpportunityContactRole" VALUES(148,'Donor','True','68','209');
INSERT INTO "OpportunityContactRole" VALUES(149,'Donor','True','68','210');
INSERT INTO "OpportunityContactRole" VALUES(150,'Donor','True','68','211');
INSERT INTO "OpportunityContactRole" VALUES(151,'Donor','True','68','212');
INSERT INTO "OpportunityContactRole" VALUES(152,'Donor','True','68','213');
INSERT INTO "OpportunityContactRole" VALUES(153,'Donor','True','68','214');
INSERT INTO "OpportunityContactRole" VALUES(154,'Donor','True','68','215');
INSERT INTO "OpportunityContactRole" VALUES(155,'Donor','True','68','216');
INSERT INTO "OpportunityContactRole" VALUES(156,'Donor','True','68','217');
INSERT INTO "OpportunityContactRole" VALUES(157,'Donor','True','68','218');
INSERT INTO "OpportunityContactRole" VALUES(158,'Donor','True','68','219');
INSERT INTO "OpportunityContactRole" VALUES(159,'Donor','True','68','220');
INSERT INTO "OpportunityContactRole" VALUES(160,'Donor','True','68','221');
INSERT INTO "OpportunityContactRole" VALUES(161,'Donor','True','68','222');
INSERT INTO "OpportunityContactRole" VALUES(162,'Donor','True','68','223');
INSERT INTO "OpportunityContactRole" VALUES(163,'Donor','True','68','224');
INSERT INTO "OpportunityContactRole" VALUES(164,'Donor','True','68','225');
INSERT INTO "OpportunityContactRole" VALUES(165,'Donor','True','68','226');
INSERT INTO "OpportunityContactRole" VALUES(166,'Donor','True','68','227');
INSERT INTO "OpportunityContactRole" VALUES(167,'Donor','True','68','228');
INSERT INTO "OpportunityContactRole" VALUES(168,'Donor','True','68','229');
INSERT INTO "OpportunityContactRole" VALUES(169,'Donor','True','68','230');
INSERT INTO "OpportunityContactRole" VALUES(170,'Donor','True','68','231');
INSERT INTO "OpportunityContactRole" VALUES(171,'Donor','True','68','232');
INSERT INTO "OpportunityContactRole" VALUES(172,'Donor','True','68','233');
INSERT INTO "OpportunityContactRole" VALUES(173,'Donor','True','68','234');
INSERT INTO "OpportunityContactRole" VALUES(174,'Donor','True','68','235');
INSERT INTO "OpportunityContactRole" VALUES(175,'Donor','True','68','236');
INSERT INTO "OpportunityContactRole" VALUES(176,'Donor','True','68','59');
INSERT INTO "OpportunityContactRole" VALUES(177,'Donor','True','68','60');
INSERT INTO "OpportunityContactRole" VALUES(178,'Donor','True','68','61');
INSERT INTO "OpportunityContactRole" VALUES(179,'Donor','True','68','62');
INSERT INTO "OpportunityContactRole" VALUES(180,'Donor','True','68','63');
INSERT INTO "OpportunityContactRole" VALUES(181,'Donor','True','68','64');
INSERT INTO "OpportunityContactRole" VALUES(182,'Donor','True','68','65');
INSERT INTO "OpportunityContactRole" VALUES(183,'Household Member','False','17','84');
INSERT INTO "OpportunityContactRole" VALUES(184,'Household Member','False','17','85');
INSERT INTO "OpportunityContactRole" VALUES(185,'Household Member','False','17','86');
INSERT INTO "OpportunityContactRole" VALUES(186,'Household Member','False','17','87');
INSERT INTO "OpportunityContactRole" VALUES(187,'Household Member','False','17','88');
INSERT INTO "OpportunityContactRole" VALUES(188,'Household Member','False','17','89');
INSERT INTO "OpportunityContactRole" VALUES(189,'Household Member','False','17','90');
INSERT INTO "OpportunityContactRole" VALUES(190,'Household Member','False','17','91');
INSERT INTO "OpportunityContactRole" VALUES(191,'Household Member','False','17','92');
INSERT INTO "OpportunityContactRole" VALUES(192,'Household Member','False','17','93');
INSERT INTO "OpportunityContactRole" VALUES(193,'Donor','True','10','67');
INSERT INTO "OpportunityContactRole" VALUES(194,'Household Member','False','1','67');
INSERT INTO "OpportunityContactRole" VALUES(195,'Donor','True','1','66');
INSERT INTO "OpportunityContactRole" VALUES(196,'Soft Credit','False','10','66');
INSERT INTO "OpportunityContactRole" VALUES(197,'Donor','True','1','238');
INSERT INTO "OpportunityContactRole" VALUES(198,'Soft Credit','False','10','238');
INSERT INTO "OpportunityContactRole" VALUES(199,'Donor','True','1','239');
INSERT INTO "OpportunityContactRole" VALUES(200,'Soft Credit','False','10','239');
INSERT INTO "OpportunityContactRole" VALUES(201,'Donor','True','1','240');
INSERT INTO "OpportunityContactRole" VALUES(202,'Soft Credit','False','10','240');
INSERT INTO "OpportunityContactRole" VALUES(203,'Donor','True','10','246');
INSERT INTO "OpportunityContactRole" VALUES(204,'Household Member','False','1','246');
INSERT INTO "OpportunityContactRole" VALUES(205,'Donor','True','10','42');
INSERT INTO "OpportunityContactRole" VALUES(206,'Donor','True','10','43');
INSERT INTO "OpportunityContactRole" VALUES(207,'Donor','True','10','44');
INSERT INTO "OpportunityContactRole" VALUES(208,'Donor','True','10','35');
INSERT INTO "OpportunityContactRole" VALUES(209,'Donor','True','10','36');
INSERT INTO "OpportunityContactRole" VALUES(210,'Donor','True','10','37');
INSERT INTO "OpportunityContactRole" VALUES(211,'Donor','True','10','38');
INSERT INTO "OpportunityContactRole" VALUES(212,'Donor','True','10','39');
INSERT INTO "OpportunityContactRole" VALUES(213,'Donor','True','10','40');
INSERT INTO "OpportunityContactRole" VALUES(214,'Donor','True','10','41');
INSERT INTO "OpportunityContactRole" VALUES(215,'Soft Credit','False','10','125');
INSERT INTO "OpportunityContactRole" VALUES(216,'Influencer','False','19','45');
INSERT INTO "OpportunityContactRole" VALUES(217,'Soft Credit','False','19','125');
INSERT INTO "OpportunityContactRole" VALUES(218,'Influencer','False','8','157');
INSERT INTO "OpportunityContactRole" VALUES(219,'Soft Credit','False','8','125');
INSERT INTO "OpportunityContactRole" VALUES(220,'Influencer','False','20','182');
INSERT INTO "OpportunityContactRole" VALUES(221,'Soft Credit','False','20','125');
INSERT INTO "OpportunityContactRole" VALUES(222,'Influencer','False','21','197');
INSERT INTO "OpportunityContactRole" VALUES(223,'Soft Credit','False','21','125');
INSERT INTO "OpportunityContactRole" VALUES(224,'Influencer','False','22','232');
INSERT INTO "OpportunityContactRole" VALUES(225,'Soft Credit','False','22','125');
INSERT INTO "OpportunityContactRole" VALUES(226,'Influencer','False','23','156');
INSERT INTO "OpportunityContactRole" VALUES(227,'Soft Credit','False','23','125');
INSERT INTO "OpportunityContactRole" VALUES(228,'Influencer','False','24','157');
INSERT INTO "OpportunityContactRole" VALUES(229,'Soft Credit','False','24','125');
INSERT INTO "OpportunityContactRole" VALUES(230,'Influencer','False','25','197');
INSERT INTO "OpportunityContactRole" VALUES(231,'Soft Credit','False','25','125');
INSERT INTO "OpportunityContactRole" VALUES(232,'Influencer','False','26','182');
INSERT INTO "OpportunityContactRole" VALUES(233,'Soft Credit','False','26','125');
INSERT INTO "OpportunityContactRole" VALUES(234,'Influencer','False','27','51');
INSERT INTO "OpportunityContactRole" VALUES(235,'Soft Credit','False','27','125');
INSERT INTO "OpportunityContactRole" VALUES(236,'Influencer','False','28','45');
INSERT INTO "OpportunityContactRole" VALUES(237,'Soft Credit','False','28','125');
INSERT INTO "OpportunityContactRole" VALUES(238,'Influencer','False','11','197');
INSERT INTO "OpportunityContactRole" VALUES(239,'Soft Credit','False','11','125');
INSERT INTO "OpportunityContactRole" VALUES(240,'Influencer','False','29','45');
INSERT INTO "OpportunityContactRole" VALUES(241,'Soft Credit','False','29','125');
INSERT INTO "OpportunityContactRole" VALUES(242,'Influencer','False','30','16');
INSERT INTO "OpportunityContactRole" VALUES(243,'Donor','True','30','94');
INSERT INTO "OpportunityContactRole" VALUES(244,'Donor','True','30','95');
INSERT INTO "OpportunityContactRole" VALUES(245,'Donor','True','30','96');
INSERT INTO "OpportunityContactRole" VALUES(246,'Donor','True','30','97');
INSERT INTO "OpportunityContactRole" VALUES(247,'Donor','True','30','98');
INSERT INTO "OpportunityContactRole" VALUES(248,'Donor','True','30','99');
INSERT INTO "OpportunityContactRole" VALUES(249,'Donor','True','30','100');
INSERT INTO "OpportunityContactRole" VALUES(250,'Donor','True','30','101');
INSERT INTO "OpportunityContactRole" VALUES(251,'Donor','True','30','102');
INSERT INTO "OpportunityContactRole" VALUES(252,'Donor','True','30','103');
INSERT INTO "OpportunityContactRole" VALUES(253,'Soft Credit','False','30','125');
INSERT INTO "OpportunityContactRole" VALUES(254,'Influencer','False','31','45');
INSERT INTO "OpportunityContactRole" VALUES(255,'Soft Credit','False','31','125');
INSERT INTO "OpportunityContactRole" VALUES(256,'Influencer','False','32','182');
INSERT INTO "OpportunityContactRole" VALUES(257,'Soft Credit','False','32','125');
INSERT INTO "OpportunityContactRole" VALUES(258,'Soft Credit','False','33','125');
INSERT INTO "OpportunityContactRole" VALUES(259,'Influencer','False','34','16');
INSERT INTO "OpportunityContactRole" VALUES(260,'Soft Credit','False','34','125');
INSERT INTO "OpportunityContactRole" VALUES(261,'Influencer','False','35','197');
INSERT INTO "OpportunityContactRole" VALUES(262,'Soft Credit','False','35','125');
INSERT INTO "OpportunityContactRole" VALUES(263,'Influencer','False','36','20');
INSERT INTO "OpportunityContactRole" VALUES(264,'Soft Credit','False','36','125');
INSERT INTO "OpportunityContactRole" VALUES(265,'Influencer','False','37','157');
INSERT INTO "OpportunityContactRole" VALUES(266,'Soft Credit','False','37','125');
INSERT INTO "OpportunityContactRole" VALUES(267,'Influencer','False','38','20');
INSERT INTO "OpportunityContactRole" VALUES(268,'Soft Credit','False','38','125');
INSERT INTO "OpportunityContactRole" VALUES(269,'Influencer','False','12','197');
INSERT INTO "OpportunityContactRole" VALUES(270,'Donor','True','12','55');
INSERT INTO "OpportunityContactRole" VALUES(271,'Donor','True','12','56');
INSERT INTO "OpportunityContactRole" VALUES(272,'Donor','True','12','57');
INSERT INTO "OpportunityContactRole" VALUES(273,'Donor','True','12','58');
INSERT INTO "OpportunityContactRole" VALUES(274,'Donor','True','12','68');
INSERT INTO "OpportunityContactRole" VALUES(275,'Donor','True','12','69');
INSERT INTO "OpportunityContactRole" VALUES(276,'Donor','True','12','70');
INSERT INTO "OpportunityContactRole" VALUES(277,'Donor','True','12','71');
INSERT INTO "OpportunityContactRole" VALUES(278,'Donor','True','12','72');
INSERT INTO "OpportunityContactRole" VALUES(279,'Donor','True','12','73');
INSERT INTO "OpportunityContactRole" VALUES(280,'Soft Credit','False','12','125');
INSERT INTO "OpportunityContactRole" VALUES(281,'Donor','True','39','104');
INSERT INTO "OpportunityContactRole" VALUES(282,'Influencer','False','39','45');
INSERT INTO "OpportunityContactRole" VALUES(283,'Donor','True','39','105');
INSERT INTO "OpportunityContactRole" VALUES(284,'Donor','True','39','106');
INSERT INTO "OpportunityContactRole" VALUES(285,'Donor','True','39','107');
INSERT INTO "OpportunityContactRole" VALUES(286,'Donor','True','39','108');
INSERT INTO "OpportunityContactRole" VALUES(287,'Donor','True','39','109');
INSERT INTO "OpportunityContactRole" VALUES(288,'Donor','True','39','110');
INSERT INTO "OpportunityContactRole" VALUES(289,'Donor','True','39','111');
INSERT INTO "OpportunityContactRole" VALUES(290,'Donor','True','39','112');
INSERT INTO "OpportunityContactRole" VALUES(291,'Donor','True','39','113');
INSERT INTO "OpportunityContactRole" VALUES(292,'Soft Credit','False','39','125');
INSERT INTO "OpportunityContactRole" VALUES(293,'Influencer','False','40','197');
INSERT INTO "OpportunityContactRole" VALUES(294,'Soft Credit','False','40','125');
INSERT INTO "OpportunityContactRole" VALUES(295,'Influencer','False','41','157');
INSERT INTO "OpportunityContactRole" VALUES(296,'Soft Credit','False','41','125');
INSERT INTO "OpportunityContactRole" VALUES(297,'Influencer','False','42','156');
INSERT INTO "OpportunityContactRole" VALUES(298,'Soft Credit','False','42','125');
INSERT INTO "OpportunityContactRole" VALUES(299,'Soft Credit','False','43','125');
INSERT INTO "OpportunityContactRole" VALUES(300,'Influencer','False','44','182');
INSERT INTO "OpportunityContactRole" VALUES(301,'Soft Credit','False','44','125');
INSERT INTO "OpportunityContactRole" VALUES(302,'Influencer','False','45','182');
INSERT INTO "OpportunityContactRole" VALUES(303,'Soft Credit','False','45','125');
INSERT INTO "OpportunityContactRole" VALUES(304,'Influencer','False','46','51');
INSERT INTO "OpportunityContactRole" VALUES(305,'Soft Credit','False','46','125');
INSERT INTO "OpportunityContactRole" VALUES(306,'Influencer','False','47','45');
INSERT INTO "OpportunityContactRole" VALUES(307,'Soft Credit','False','47','125');
INSERT INTO "OpportunityContactRole" VALUES(308,'Influencer','False','48','16');
INSERT INTO "OpportunityContactRole" VALUES(309,'Soft Credit','False','48','125');
INSERT INTO "OpportunityContactRole" VALUES(310,'Influencer','False','13','232');
INSERT INTO "OpportunityContactRole" VALUES(311,'Soft Credit','False','13','125');
INSERT INTO "OpportunityContactRole" VALUES(312,'Influencer','False','66','157');
INSERT INTO "OpportunityContactRole" VALUES(313,'Soft Credit','False','66','125');
INSERT INTO "OpportunityContactRole" VALUES(314,'Influencer','False','67','197');
INSERT INTO "OpportunityContactRole" VALUES(315,'Soft Credit','False','67','125');
INSERT INTO "OpportunityContactRole" VALUES(316,'Influencer','False','69','156');
INSERT INTO "OpportunityContactRole" VALUES(317,'Donor','True','69','3');
INSERT INTO "OpportunityContactRole" VALUES(318,'Donor','True','69','4');
INSERT INTO "OpportunityContactRole" VALUES(319,'Donor','True','69','5');
INSERT INTO "OpportunityContactRole" VALUES(320,'Donor','True','69','6');
INSERT INTO "OpportunityContactRole" VALUES(321,'Donor','True','69','7');
INSERT INTO "OpportunityContactRole" VALUES(322,'Donor','True','69','8');
INSERT INTO "OpportunityContactRole" VALUES(323,'Donor','True','69','9');
INSERT INTO "OpportunityContactRole" VALUES(324,'Donor','True','69','10');
INSERT INTO "OpportunityContactRole" VALUES(325,'Donor','True','69','11');
INSERT INTO "OpportunityContactRole" VALUES(326,'Donor','True','69','12');
INSERT INTO "OpportunityContactRole" VALUES(327,'Soft Credit','False','69','125');
INSERT INTO "OpportunityContactRole" VALUES(328,'Influencer','False','70','156');
INSERT INTO "OpportunityContactRole" VALUES(329,'Household Member','False','70','3');
INSERT INTO "OpportunityContactRole" VALUES(330,'Household Member','False','70','4');
INSERT INTO "OpportunityContactRole" VALUES(331,'Household Member','False','70','5');
INSERT INTO "OpportunityContactRole" VALUES(332,'Household Member','False','70','6');
INSERT INTO "OpportunityContactRole" VALUES(333,'Household Member','False','70','7');
INSERT INTO "OpportunityContactRole" VALUES(334,'Household Member','False','70','8');
INSERT INTO "OpportunityContactRole" VALUES(335,'Household Member','False','70','9');
INSERT INTO "OpportunityContactRole" VALUES(336,'Household Member','False','70','10');
INSERT INTO "OpportunityContactRole" VALUES(337,'Household Member','False','70','11');
INSERT INTO "OpportunityContactRole" VALUES(338,'Household Member','False','70','12');
INSERT INTO "OpportunityContactRole" VALUES(339,'Soft Credit','False','70','125');
INSERT INTO "OpportunityContactRole" VALUES(340,'Influencer','False','71','16');
INSERT INTO "OpportunityContactRole" VALUES(341,'Household Member','False','71','3');
INSERT INTO "OpportunityContactRole" VALUES(342,'Household Member','False','71','4');
INSERT INTO "OpportunityContactRole" VALUES(343,'Household Member','False','71','5');
INSERT INTO "OpportunityContactRole" VALUES(344,'Household Member','False','71','6');
INSERT INTO "OpportunityContactRole" VALUES(345,'Household Member','False','71','7');
INSERT INTO "OpportunityContactRole" VALUES(346,'Household Member','False','71','8');
INSERT INTO "OpportunityContactRole" VALUES(347,'Household Member','False','71','9');
INSERT INTO "OpportunityContactRole" VALUES(348,'Household Member','False','71','10');
INSERT INTO "OpportunityContactRole" VALUES(349,'Household Member','False','71','11');
INSERT INTO "OpportunityContactRole" VALUES(350,'Household Member','False','71','12');
INSERT INTO "OpportunityContactRole" VALUES(351,'Soft Credit','False','71','125');
INSERT INTO "OpportunityContactRole" VALUES(352,'Influencer','False','72','157');
INSERT INTO "OpportunityContactRole" VALUES(353,'Household Member','False','72','3');
INSERT INTO "OpportunityContactRole" VALUES(354,'Household Member','False','72','4');
INSERT INTO "OpportunityContactRole" VALUES(355,'Household Member','False','72','5');
INSERT INTO "OpportunityContactRole" VALUES(356,'Household Member','False','72','6');
INSERT INTO "OpportunityContactRole" VALUES(357,'Household Member','False','72','7');
INSERT INTO "OpportunityContactRole" VALUES(358,'Household Member','False','72','8');
INSERT INTO "OpportunityContactRole" VALUES(359,'Household Member','False','72','9');
INSERT INTO "OpportunityContactRole" VALUES(360,'Household Member','False','72','10');
INSERT INTO "OpportunityContactRole" VALUES(361,'Household Member','False','72','11');
INSERT INTO "OpportunityContactRole" VALUES(362,'Household Member','False','72','12');
INSERT INTO "OpportunityContactRole" VALUES(363,'Soft Credit','False','72','125');
INSERT INTO "OpportunityContactRole" VALUES(364,'Influencer','False','73','182');
INSERT INTO "OpportunityContactRole" VALUES(365,'Household Member','False','73','3');
INSERT INTO "OpportunityContactRole" VALUES(366,'Household Member','False','73','4');
INSERT INTO "OpportunityContactRole" VALUES(367,'Household Member','False','73','5');
INSERT INTO "OpportunityContactRole" VALUES(368,'Household Member','False','73','6');
INSERT INTO "OpportunityContactRole" VALUES(369,'Household Member','False','73','7');
INSERT INTO "OpportunityContactRole" VALUES(370,'Household Member','False','73','8');
INSERT INTO "OpportunityContactRole" VALUES(371,'Household Member','False','73','9');
INSERT INTO "OpportunityContactRole" VALUES(372,'Household Member','False','73','10');
INSERT INTO "OpportunityContactRole" VALUES(373,'Household Member','False','73','11');
INSERT INTO "OpportunityContactRole" VALUES(374,'Household Member','False','73','12');
INSERT INTO "OpportunityContactRole" VALUES(375,'Soft Credit','False','73','125');
INSERT INTO "OpportunityContactRole" VALUES(376,'Influencer','False','74','182');
INSERT INTO "OpportunityContactRole" VALUES(377,'Household Member','False','74','3');
INSERT INTO "OpportunityContactRole" VALUES(378,'Household Member','False','74','4');
INSERT INTO "OpportunityContactRole" VALUES(379,'Household Member','False','74','5');
INSERT INTO "OpportunityContactRole" VALUES(380,'Household Member','False','74','6');
INSERT INTO "OpportunityContactRole" VALUES(381,'Household Member','False','74','7');
INSERT INTO "OpportunityContactRole" VALUES(382,'Household Member','False','74','8');
INSERT INTO "OpportunityContactRole" VALUES(383,'Household Member','False','74','9');
INSERT INTO "OpportunityContactRole" VALUES(384,'Household Member','False','74','10');
INSERT INTO "OpportunityContactRole" VALUES(385,'Household Member','False','74','11');
INSERT INTO "OpportunityContactRole" VALUES(386,'Household Member','False','74','12');
INSERT INTO "OpportunityContactRole" VALUES(387,'Soft Credit','False','74','125');
INSERT INTO "OpportunityContactRole" VALUES(388,'Influencer','False','75','51');
INSERT INTO "OpportunityContactRole" VALUES(389,'Household Member','False','75','3');
INSERT INTO "OpportunityContactRole" VALUES(390,'Household Member','False','75','4');
INSERT INTO "OpportunityContactRole" VALUES(391,'Household Member','False','75','5');
INSERT INTO "OpportunityContactRole" VALUES(392,'Household Member','False','75','6');
INSERT INTO "OpportunityContactRole" VALUES(393,'Household Member','False','75','7');
INSERT INTO "OpportunityContactRole" VALUES(394,'Household Member','False','75','8');
INSERT INTO "OpportunityContactRole" VALUES(395,'Household Member','False','75','9');
INSERT INTO "OpportunityContactRole" VALUES(396,'Household Member','False','75','10');
INSERT INTO "OpportunityContactRole" VALUES(397,'Household Member','False','75','11');
INSERT INTO "OpportunityContactRole" VALUES(398,'Household Member','False','75','12');
INSERT INTO "OpportunityContactRole" VALUES(399,'Soft Credit','False','75','125');
INSERT INTO "OpportunityContactRole" VALUES(400,'Influencer','False','76','51');
INSERT INTO "OpportunityContactRole" VALUES(401,'Household Member','False','76','4');
INSERT INTO "OpportunityContactRole" VALUES(402,'Household Member','False','76','5');
INSERT INTO "OpportunityContactRole" VALUES(403,'Household Member','False','76','6');
INSERT INTO "OpportunityContactRole" VALUES(404,'Donor','True','9','237');
INSERT INTO "OpportunityContactRole" VALUES(405,'Soft Credit','False','39','237');
INSERT INTO "OpportunityContactRole" VALUES(406,'Donor','True','10','247');
INSERT INTO "OpportunityContactRole" VALUES(407,'Household Member','False','1','247');
INSERT INTO "OpportunityContactRole" VALUES(408,'Soft Credit','False','10','259');
INSERT INTO "OpportunityContactRole" VALUES(409,'Donor','True','10','243');
INSERT INTO "OpportunityContactRole" VALUES(410,'Household Member','False','1','243');
INSERT INTO "OpportunityContactRole" VALUES(411,'Donor','True','10','244');
INSERT INTO "OpportunityContactRole" VALUES(412,'Household Member','False','1','244');
INSERT INTO "OpportunityContactRole" VALUES(413,'Donor','True','1','245');
INSERT INTO "OpportunityContactRole" VALUES(414,'Soft Credit','False','10','245');
INSERT INTO "OpportunityContactRole" VALUES(415,'Household Member','False','76','3');
INSERT INTO "OpportunityContactRole" VALUES(416,'Donor','True','9','241');
INSERT INTO "OpportunityContactRole" VALUES(417,'Household Member','False','39','241');
INSERT INTO "OpportunityContactRole" VALUES(418,'Donor','True','10','242');
INSERT INTO "OpportunityContactRole" VALUES(419,'Household Member','False','1','242');
INSERT INTO "OpportunityContactRole" VALUES(420,'Donor','True','10','248');
INSERT INTO "OpportunityContactRole" VALUES(421,'Household Member','False','1','248');
INSERT INTO "OpportunityContactRole" VALUES(422,'Donor','True','10','26');
INSERT INTO "OpportunityContactRole" VALUES(423,'Household Member','False','1','26');
INSERT INTO "OpportunityContactRole" VALUES(424,'Donor','True','1','23');
INSERT INTO "OpportunityContactRole" VALUES(425,'Soft Credit','False','10','23');
INSERT INTO "OpportunityContactRole" VALUES(426,'Donor','True','68','1');
INSERT INTO "OpportunityContactRole" VALUES(427,'Donor','True','68','2');
INSERT INTO "OpportunityContactRole" VALUES(428,'Donor','True','69','3');
INSERT INTO "OpportunityContactRole" VALUES(429,'Donor','True','69','4');
INSERT INTO "OpportunityContactRole" VALUES(430,'Donor','True','69','5');
INSERT INTO "OpportunityContactRole" VALUES(431,'Donor','True','69','6');
INSERT INTO "OpportunityContactRole" VALUES(432,'Donor','True','69','7');
INSERT INTO "OpportunityContactRole" VALUES(433,'Donor','True','69','8');
INSERT INTO "OpportunityContactRole" VALUES(434,'Donor','True','69','9');
INSERT INTO "OpportunityContactRole" VALUES(435,'Donor','True','69','10');
INSERT INTO "OpportunityContactRole" VALUES(436,'Donor','True','69','11');
INSERT INTO "OpportunityContactRole" VALUES(437,'Donor','True','69','12');
INSERT INTO "OpportunityContactRole" VALUES(438,'Donor','True','81','13');
INSERT INTO "OpportunityContactRole" VALUES(439,'Donor','True','81','14');
INSERT INTO "OpportunityContactRole" VALUES(440,'Donor','True','81','15');
INSERT INTO "OpportunityContactRole" VALUES(441,'Donor','True','81','16');
INSERT INTO "OpportunityContactRole" VALUES(442,'Donor','True','81','17');
INSERT INTO "OpportunityContactRole" VALUES(443,'Donor','True','81','18');
INSERT INTO "OpportunityContactRole" VALUES(444,'Donor','True','81','19');
INSERT INTO "OpportunityContactRole" VALUES(445,'Donor','True','81','20');
INSERT INTO "OpportunityContactRole" VALUES(446,'Donor','True','81','21');
INSERT INTO "OpportunityContactRole" VALUES(447,'Donor','True','81','22');
INSERT INTO "OpportunityContactRole" VALUES(448,'Household Member','False','70','3');
INSERT INTO "OpportunityContactRole" VALUES(449,'Household Member','False','71','3');
INSERT INTO "OpportunityContactRole" VALUES(450,'Household Member','False','72','3');
INSERT INTO "OpportunityContactRole" VALUES(451,'Household Member','False','73','3');
INSERT INTO "OpportunityContactRole" VALUES(452,'Household Member','False','74','3');
INSERT INTO "OpportunityContactRole" VALUES(453,'Household Member','False','75','3');
INSERT INTO "OpportunityContactRole" VALUES(454,'Household Member','False','76','3');
INSERT INTO "OpportunityContactRole" VALUES(455,'Household Member','False','77','3');
INSERT INTO "OpportunityContactRole" VALUES(456,'Household Member','False','78','3');
INSERT INTO "OpportunityContactRole" VALUES(457,'Household Member','False','70','4');
INSERT INTO "OpportunityContactRole" VALUES(458,'Household Member','False','71','4');
INSERT INTO "OpportunityContactRole" VALUES(459,'Household Member','False','72','4');
INSERT INTO "OpportunityContactRole" VALUES(460,'Household Member','False','73','4');
INSERT INTO "OpportunityContactRole" VALUES(461,'Household Member','False','74','4');
INSERT INTO "OpportunityContactRole" VALUES(462,'Household Member','False','75','4');
INSERT INTO "OpportunityContactRole" VALUES(463,'Household Member','False','76','4');
INSERT INTO "OpportunityContactRole" VALUES(464,'Household Member','False','77','4');
INSERT INTO "OpportunityContactRole" VALUES(465,'Household Member','False','78','4');
INSERT INTO "OpportunityContactRole" VALUES(466,'Household Member','False','70','5');
INSERT INTO "OpportunityContactRole" VALUES(467,'Household Member','False','71','5');
INSERT INTO "OpportunityContactRole" VALUES(468,'Household Member','False','72','5');
INSERT INTO "OpportunityContactRole" VALUES(469,'Household Member','False','73','5');
INSERT INTO "OpportunityContactRole" VALUES(470,'Household Member','False','74','5');
INSERT INTO "OpportunityContactRole" VALUES(471,'Household Member','False','75','5');
INSERT INTO "OpportunityContactRole" VALUES(472,'Household Member','False','76','5');
INSERT INTO "OpportunityContactRole" VALUES(473,'Household Member','False','77','5');
INSERT INTO "OpportunityContactRole" VALUES(474,'Household Member','False','78','5');
INSERT INTO "OpportunityContactRole" VALUES(475,'Household Member','False','70','6');
INSERT INTO "OpportunityContactRole" VALUES(476,'Household Member','False','71','6');
INSERT INTO "OpportunityContactRole" VALUES(477,'Household Member','False','77','11');
INSERT INTO "OpportunityContactRole" VALUES(478,'Household Member','False','72','6');
INSERT INTO "OpportunityContactRole" VALUES(479,'Household Member','False','73','6');
INSERT INTO "OpportunityContactRole" VALUES(480,'Household Member','False','74','6');
INSERT INTO "OpportunityContactRole" VALUES(481,'Household Member','False','75','6');
INSERT INTO "OpportunityContactRole" VALUES(482,'Household Member','False','76','6');
INSERT INTO "OpportunityContactRole" VALUES(483,'Household Member','False','77','6');
INSERT INTO "OpportunityContactRole" VALUES(484,'Household Member','False','78','6');
INSERT INTO "OpportunityContactRole" VALUES(485,'Household Member','False','70','7');
INSERT INTO "OpportunityContactRole" VALUES(486,'Household Member','False','71','7');
INSERT INTO "OpportunityContactRole" VALUES(487,'Household Member','False','72','7');
INSERT INTO "OpportunityContactRole" VALUES(488,'Household Member','False','73','7');
INSERT INTO "OpportunityContactRole" VALUES(489,'Household Member','False','74','7');
INSERT INTO "OpportunityContactRole" VALUES(490,'Household Member','False','75','7');
INSERT INTO "OpportunityContactRole" VALUES(491,'Household Member','False','76','7');
INSERT INTO "OpportunityContactRole" VALUES(492,'Household Member','False','77','7');
INSERT INTO "OpportunityContactRole" VALUES(493,'Household Member','False','78','7');
INSERT INTO "OpportunityContactRole" VALUES(494,'Household Member','False','70','8');
INSERT INTO "OpportunityContactRole" VALUES(495,'Household Member','False','71','8');
INSERT INTO "OpportunityContactRole" VALUES(496,'Household Member','False','72','8');
INSERT INTO "OpportunityContactRole" VALUES(497,'Household Member','False','73','8');
INSERT INTO "OpportunityContactRole" VALUES(498,'Household Member','False','74','8');
INSERT INTO "OpportunityContactRole" VALUES(499,'Household Member','False','75','8');
INSERT INTO "OpportunityContactRole" VALUES(500,'Household Member','False','76','8');
INSERT INTO "OpportunityContactRole" VALUES(501,'Household Member','False','77','8');
INSERT INTO "OpportunityContactRole" VALUES(502,'Household Member','False','78','8');
INSERT INTO "OpportunityContactRole" VALUES(503,'Household Member','False','70','9');
INSERT INTO "OpportunityContactRole" VALUES(504,'Household Member','False','71','9');
INSERT INTO "OpportunityContactRole" VALUES(505,'Household Member','False','72','9');
INSERT INTO "OpportunityContactRole" VALUES(506,'Household Member','False','73','9');
INSERT INTO "OpportunityContactRole" VALUES(507,'Household Member','False','74','9');
INSERT INTO "OpportunityContactRole" VALUES(508,'Household Member','False','75','9');
INSERT INTO "OpportunityContactRole" VALUES(509,'Household Member','False','76','9');
INSERT INTO "OpportunityContactRole" VALUES(510,'Household Member','False','77','9');
INSERT INTO "OpportunityContactRole" VALUES(511,'Household Member','False','78','9');
INSERT INTO "OpportunityContactRole" VALUES(512,'Household Member','False','70','10');
INSERT INTO "OpportunityContactRole" VALUES(513,'Household Member','False','71','10');
INSERT INTO "OpportunityContactRole" VALUES(514,'Household Member','False','72','10');
INSERT INTO "OpportunityContactRole" VALUES(515,'Household Member','False','73','10');
INSERT INTO "OpportunityContactRole" VALUES(516,'Household Member','False','74','10');
INSERT INTO "OpportunityContactRole" VALUES(517,'Household Member','False','75','10');
INSERT INTO "OpportunityContactRole" VALUES(518,'Household Member','False','76','10');
INSERT INTO "OpportunityContactRole" VALUES(519,'Household Member','False','77','10');
INSERT INTO "OpportunityContactRole" VALUES(520,'Household Member','False','78','10');
INSERT INTO "OpportunityContactRole" VALUES(521,'Household Member','False','70','11');
INSERT INTO "OpportunityContactRole" VALUES(522,'Household Member','False','71','11');
INSERT INTO "OpportunityContactRole" VALUES(523,'Household Member','False','72','11');
INSERT INTO "OpportunityContactRole" VALUES(524,'Household Member','False','73','11');
INSERT INTO "OpportunityContactRole" VALUES(525,'Household Member','False','74','11');
INSERT INTO "OpportunityContactRole" VALUES(526,'Household Member','False','75','11');
INSERT INTO "OpportunityContactRole" VALUES(527,'Household Member','False','76','11');
INSERT INTO "OpportunityContactRole" VALUES(528,'Household Member','False','78','11');
INSERT INTO "OpportunityContactRole" VALUES(529,'Household Member','False','70','12');
INSERT INTO "OpportunityContactRole" VALUES(530,'Household Member','False','71','12');
INSERT INTO "OpportunityContactRole" VALUES(531,'Household Member','False','72','12');
INSERT INTO "OpportunityContactRole" VALUES(532,'Household Member','False','73','12');
INSERT INTO "OpportunityContactRole" VALUES(533,'Household Member','False','74','12');
INSERT INTO "OpportunityContactRole" VALUES(534,'Household Member','False','75','12');
INSERT INTO "OpportunityContactRole" VALUES(535,'Household Member','False','76','12');
INSERT INTO "OpportunityContactRole" VALUES(536,'Household Member','False','77','12');
INSERT INTO "OpportunityContactRole" VALUES(537,'Household Member','False','78','12');
INSERT INTO "OpportunityContactRole" VALUES(538,'Donor','True','10','24');
INSERT INTO "OpportunityContactRole" VALUES(539,'Household Member','False','1','24');
INSERT INTO "OpportunityContactRole" VALUES(540,'Donor','True','1','25');
INSERT INTO "OpportunityContactRole" VALUES(541,'Soft Credit','False','10','25');
INSERT INTO "OpportunityContactRole" VALUES(542,'Soft Credit','False','10','29');
INSERT INTO "OpportunityContactRole" VALUES(543,'Donor','True','10','27');
INSERT INTO "OpportunityContactRole" VALUES(544,'Donor','True','1','29');
INSERT INTO "OpportunityContactRole" VALUES(545,'Household Member','False','1','27');
INSERT INTO "OpportunityContactRole" VALUES(546,'Donor','True','1','28');
INSERT INTO "OpportunityContactRole" VALUES(547,'Soft Credit','False','10','28');
INSERT INTO "OpportunityContactRole" VALUES(548,'Donor','True','1','31');
INSERT INTO "OpportunityContactRole" VALUES(549,'Soft Credit','False','10','31');
INSERT INTO "OpportunityContactRole" VALUES(550,'Donor','True','10','30');
INSERT INTO "OpportunityContactRole" VALUES(551,'Household Member','False','1','30');
INSERT INTO "OpportunityContactRole" VALUES(552,'Donor','True','1','32');
INSERT INTO "OpportunityContactRole" VALUES(553,'Soft Credit','False','10','32');
INSERT INTO "OpportunityContactRole" VALUES(554,'Donor','True','1','33');
INSERT INTO "OpportunityContactRole" VALUES(555,'Soft Credit','False','10','33');
INSERT INTO "OpportunityContactRole" VALUES(556,'Donor','True','1','34');
INSERT INTO "OpportunityContactRole" VALUES(557,'Soft Credit','False','10','34');
INSERT INTO "OpportunityContactRole" VALUES(558,'Donor','True','9','335');
INSERT INTO "OpportunityContactRole" VALUES(559,'Soft Credit','False','39','335');
INSERT INTO "OpportunityContactRole" VALUES(560,'Donor','True','81','21');
INSERT INTO "OpportunityContactRole" VALUES(561,'Donor','True','81','22');
INSERT INTO "OpportunityContactRole" VALUES(562,'Soft Credit','False','81','125');
INSERT INTO "OpportunityContactRole" VALUES(563,'Soft Credit','False','82','125');
INSERT INTO "OpportunityContactRole" VALUES(564,'Influencer','False','83','156');
INSERT INTO "OpportunityContactRole" VALUES(565,'Soft Credit','False','83','125');
INSERT INTO "OpportunityContactRole" VALUES(566,'Influencer','False','84','16');
INSERT INTO "OpportunityContactRole" VALUES(567,'Soft Credit','False','84','125');
INSERT INTO "OpportunityContactRole" VALUES(568,'Influencer','False','85','20');
INSERT INTO "OpportunityContactRole" VALUES(569,'Soft Credit','False','85','125');
INSERT INTO "OpportunityContactRole" VALUES(570,'Influencer','False','86','16');
INSERT INTO "OpportunityContactRole" VALUES(571,'Soft Credit','False','86','125');
INSERT INTO "OpportunityContactRole" VALUES(572,'Influencer','False','87','157');
INSERT INTO "OpportunityContactRole" VALUES(573,'Soft Credit','False','87','125');
INSERT INTO "OpportunityContactRole" VALUES(574,'Soft Credit','False','88','125');
INSERT INTO "OpportunityContactRole" VALUES(575,'Influencer','False','89','232');
INSERT INTO "OpportunityContactRole" VALUES(576,'Soft Credit','False','89','125');
INSERT INTO "OpportunityContactRole" VALUES(577,'Influencer','False','90','45');
INSERT INTO "OpportunityContactRole" VALUES(578,'Soft Credit','False','90','125');
INSERT INTO "OpportunityContactRole" VALUES(579,'Household Member','False','17','84');
INSERT INTO "OpportunityContactRole" VALUES(580,'Household Member','False','17','85');
INSERT INTO "OpportunityContactRole" VALUES(581,'Household Member','False','17','86');
INSERT INTO "OpportunityContactRole" VALUES(582,'Household Member','False','17','87');
INSERT INTO "OpportunityContactRole" VALUES(583,'Household Member','False','17','88');
INSERT INTO "OpportunityContactRole" VALUES(584,'Household Member','False','17','89');
INSERT INTO "OpportunityContactRole" VALUES(585,'Household Member','False','17','90');
INSERT INTO "OpportunityContactRole" VALUES(586,'Household Member','False','17','91');
INSERT INTO "OpportunityContactRole" VALUES(587,'Household Member','False','17','92');
INSERT INTO "OpportunityContactRole" VALUES(588,'Household Member','False','17','93');
INSERT INTO "OpportunityContactRole" VALUES(589,'Soft Credit','False','17','125');
INSERT INTO "OpportunityContactRole" VALUES(590,'Influencer','False','91','20');
INSERT INTO "OpportunityContactRole" VALUES(591,'Soft Credit','False','91','125');
INSERT INTO "OpportunityContactRole" VALUES(592,'Influencer','False','92','182');
INSERT INTO "OpportunityContactRole" VALUES(593,'Soft Credit','False','92','125');
INSERT INTO "OpportunityContactRole" VALUES(594,'Influencer','False','93','232');
INSERT INTO "OpportunityContactRole" VALUES(595,'Soft Credit','False','93','125');
INSERT INTO "OpportunityContactRole" VALUES(596,'Influencer','False','94','232');
INSERT INTO "OpportunityContactRole" VALUES(597,'Soft Credit','False','94','125');
INSERT INTO "OpportunityContactRole" VALUES(598,'Influencer','False','95','157');
INSERT INTO "OpportunityContactRole" VALUES(599,'Soft Credit','False','95','125');
INSERT INTO "OpportunityContactRole" VALUES(600,'Influencer','False','96','197');
INSERT INTO "OpportunityContactRole" VALUES(601,'Soft Credit','False','96','125');
INSERT INTO "OpportunityContactRole" VALUES(602,'Influencer','False','97','232');
INSERT INTO "OpportunityContactRole" VALUES(603,'Soft Credit','False','97','125');
INSERT INTO "OpportunityContactRole" VALUES(604,'Influencer','False','98','51');
INSERT INTO "OpportunityContactRole" VALUES(605,'Soft Credit','False','98','125');
INSERT INTO "OpportunityContactRole" VALUES(606,'Influencer','False','99','16');
INSERT INTO "OpportunityContactRole" VALUES(607,'Soft Credit','False','99','125');
INSERT INTO "OpportunityContactRole" VALUES(608,'Influencer','False','100','16');
INSERT INTO "OpportunityContactRole" VALUES(609,'Soft Credit','False','100','125');
INSERT INTO "OpportunityContactRole" VALUES(610,'Donor','True','18','84');
INSERT INTO "OpportunityContactRole" VALUES(611,'Donor','True','18','85');
INSERT INTO "OpportunityContactRole" VALUES(612,'Donor','True','18','86');
INSERT INTO "OpportunityContactRole" VALUES(613,'Donor','True','18','87');
INSERT INTO "OpportunityContactRole" VALUES(614,'Donor','True','18','88');
INSERT INTO "OpportunityContactRole" VALUES(615,'Donor','True','18','89');
INSERT INTO "OpportunityContactRole" VALUES(616,'Donor','True','18','90');
INSERT INTO "OpportunityContactRole" VALUES(617,'Donor','True','18','91');
INSERT INTO "OpportunityContactRole" VALUES(618,'Donor','True','18','92');
INSERT INTO "OpportunityContactRole" VALUES(619,'Donor','True','18','93');
INSERT INTO "OpportunityContactRole" VALUES(620,'Soft Credit','False','18','125');
INSERT INTO "OpportunityContactRole" VALUES(621,'Influencer','False','101','45');
INSERT INTO "OpportunityContactRole" VALUES(622,'Soft Credit','False','101','125');
INSERT INTO "OpportunityContactRole" VALUES(623,'Influencer','False','102','157');
INSERT INTO "OpportunityContactRole" VALUES(624,'Soft Credit','False','102','125');
INSERT INTO "OpportunityContactRole" VALUES(625,'Influencer','False','2','20');
INSERT INTO "OpportunityContactRole" VALUES(626,'Soft Credit','False','2','125');
INSERT INTO "OpportunityContactRole" VALUES(627,'Influencer','False','3','182');
INSERT INTO "OpportunityContactRole" VALUES(628,'Soft Credit','False','3','125');
INSERT INTO "OpportunityContactRole" VALUES(629,'Influencer','False','4','232');
INSERT INTO "OpportunityContactRole" VALUES(630,'Soft Credit','False','4','125');
INSERT INTO "OpportunityContactRole" VALUES(631,'Influencer','False','5','232');
INSERT INTO "OpportunityContactRole" VALUES(632,'Soft Credit','False','5','125');
INSERT INTO "OpportunityContactRole" VALUES(633,'Influencer','False','54','232');
INSERT INTO "OpportunityContactRole" VALUES(634,'Soft Credit','False','54','125');
INSERT INTO "OpportunityContactRole" VALUES(635,'Influencer','False','55','51');
INSERT INTO "OpportunityContactRole" VALUES(636,'Donor','True','55','114');
INSERT INTO "OpportunityContactRole" VALUES(637,'Donor','True','55','115');
INSERT INTO "OpportunityContactRole" VALUES(638,'Donor','True','55','116');
INSERT INTO "OpportunityContactRole" VALUES(639,'Donor','True','55','117');
INSERT INTO "OpportunityContactRole" VALUES(640,'Donor','True','55','118');
INSERT INTO "OpportunityContactRole" VALUES(641,'Donor','True','55','119');
INSERT INTO "OpportunityContactRole" VALUES(642,'Donor','True','55','120');
INSERT INTO "OpportunityContactRole" VALUES(643,'Donor','True','55','121');
INSERT INTO "OpportunityContactRole" VALUES(644,'Donor','True','55','122');
INSERT INTO "OpportunityContactRole" VALUES(645,'Donor','True','55','123');
INSERT INTO "OpportunityContactRole" VALUES(646,'Soft Credit','False','55','125');
INSERT INTO "OpportunityContactRole" VALUES(647,'Influencer','False','6','156');
INSERT INTO "OpportunityContactRole" VALUES(648,'Soft Credit','False','6','125');
INSERT INTO "OpportunityContactRole" VALUES(649,'Influencer','False','7','45');
INSERT INTO "OpportunityContactRole" VALUES(650,'Soft Credit','False','7','125');
INSERT INTO "OpportunityContactRole" VALUES(651,'Donor','True','10','337');
INSERT INTO "OpportunityContactRole" VALUES(652,'Donor','True','10','338');
INSERT INTO "OpportunityContactRole" VALUES(653,'Household Member','False','1','337');
INSERT INTO "OpportunityContactRole" VALUES(654,'Household Member','False','1','338');
INSERT INTO "OpportunityContactRole" VALUES(655,'Soft Credit','False','10','336');
INSERT INTO "OpportunityContactRole" VALUES(656,'Donor','True','1','336');
INSERT INTO "OpportunityContactRole" VALUES(657,'Donor','True','1','339');
INSERT INTO "OpportunityContactRole" VALUES(658,'Soft Credit','False','10','339');
INSERT INTO "OpportunityContactRole" VALUES(659,'Donor','True','1','340');
INSERT INTO "OpportunityContactRole" VALUES(660,'Soft Credit','False','10','340');
INSERT INTO "OpportunityContactRole" VALUES(661,'Donor','True','1','341');
INSERT INTO "OpportunityContactRole" VALUES(662,'Soft Credit','False','10','341');
INSERT INTO "OpportunityContactRole" VALUES(663,'Donor','True','1','342');
INSERT INTO "OpportunityContactRole" VALUES(664,'Soft Credit','False','10','342');
INSERT INTO "OpportunityContactRole" VALUES(665,'Donor','True','1','328');
INSERT INTO "OpportunityContactRole" VALUES(666,'Soft Credit','False','10','328');
INSERT INTO "OpportunityContactRole" VALUES(667,'Donor','True','10','329');
INSERT INTO "OpportunityContactRole" VALUES(668,'Household Member','False','1','329');
INSERT INTO "OpportunityContactRole" VALUES(669,'Donor','True','10','330');
INSERT INTO "OpportunityContactRole" VALUES(670,'Household Member','False','1','330');
INSERT INTO "OpportunityContactRole" VALUES(671,'Donor','True','10','331');
INSERT INTO "OpportunityContactRole" VALUES(672,'Household Member','False','1','331');
INSERT INTO "OpportunityContactRole" VALUES(673,'Donor','True','1','332');
INSERT INTO "OpportunityContactRole" VALUES(674,'Soft Credit','False','10','332');
INSERT INTO "OpportunityContactRole" VALUES(675,'Donor','True','1','333');
INSERT INTO "OpportunityContactRole" VALUES(676,'Soft Credit','False','10','333');
INSERT INTO "OpportunityContactRole" VALUES(677,'Donor','True','1','334');
INSERT INTO "OpportunityContactRole" VALUES(678,'Soft Credit','False','10','334');
INSERT INTO "OpportunityContactRole" VALUES(679,'Donor','True','1','325');
INSERT INTO "OpportunityContactRole" VALUES(680,'Household Member','False','10','325');
INSERT INTO "OpportunityContactRole" VALUES(681,'Household Member','False','76','7');
INSERT INTO "OpportunityContactRole" VALUES(682,'Household Member','False','76','8');
INSERT INTO "OpportunityContactRole" VALUES(683,'Household Member','False','76','9');
INSERT INTO "OpportunityContactRole" VALUES(684,'Household Member','False','76','10');
INSERT INTO "OpportunityContactRole" VALUES(685,'Household Member','False','76','11');
INSERT INTO "OpportunityContactRole" VALUES(686,'Household Member','False','76','12');
INSERT INTO "OpportunityContactRole" VALUES(687,'Soft Credit','False','76','125');
INSERT INTO "OpportunityContactRole" VALUES(688,'Influencer','False','14','16');
INSERT INTO "OpportunityContactRole" VALUES(689,'Soft Credit','False','14','125');
INSERT INTO "OpportunityContactRole" VALUES(690,'Influencer','False','77','51');
INSERT INTO "OpportunityContactRole" VALUES(691,'Household Member','False','77','3');
INSERT INTO "OpportunityContactRole" VALUES(692,'Household Member','False','77','4');
INSERT INTO "OpportunityContactRole" VALUES(693,'Household Member','False','77','5');
INSERT INTO "OpportunityContactRole" VALUES(694,'Household Member','False','77','6');
INSERT INTO "OpportunityContactRole" VALUES(695,'Household Member','False','77','7');
INSERT INTO "OpportunityContactRole" VALUES(696,'Household Member','False','77','8');
INSERT INTO "OpportunityContactRole" VALUES(697,'Household Member','False','77','9');
INSERT INTO "OpportunityContactRole" VALUES(698,'Household Member','False','77','10');
INSERT INTO "OpportunityContactRole" VALUES(699,'Household Member','False','77','11');
INSERT INTO "OpportunityContactRole" VALUES(700,'Household Member','False','77','12');
INSERT INTO "OpportunityContactRole" VALUES(701,'Soft Credit','False','77','125');
INSERT INTO "OpportunityContactRole" VALUES(702,'Influencer','False','78','51');
INSERT INTO "OpportunityContactRole" VALUES(703,'Household Member','False','78','3');
INSERT INTO "OpportunityContactRole" VALUES(704,'Household Member','False','78','4');
INSERT INTO "OpportunityContactRole" VALUES(705,'Household Member','False','78','5');
INSERT INTO "OpportunityContactRole" VALUES(706,'Household Member','False','78','6');
INSERT INTO "OpportunityContactRole" VALUES(707,'Household Member','False','78','7');
INSERT INTO "OpportunityContactRole" VALUES(708,'Household Member','False','78','8');
INSERT INTO "OpportunityContactRole" VALUES(709,'Household Member','False','78','9');
INSERT INTO "OpportunityContactRole" VALUES(710,'Household Member','False','78','10');
INSERT INTO "OpportunityContactRole" VALUES(711,'Household Member','False','78','11');
INSERT INTO "OpportunityContactRole" VALUES(712,'Household Member','False','78','12');
INSERT INTO "OpportunityContactRole" VALUES(713,'Soft Credit','False','78','125');
INSERT INTO "OpportunityContactRole" VALUES(714,'Soft Credit','False','49','125');
INSERT INTO "OpportunityContactRole" VALUES(715,'Influencer','False','50','156');
INSERT INTO "OpportunityContactRole" VALUES(716,'Soft Credit','False','50','125');
INSERT INTO "OpportunityContactRole" VALUES(717,'Influencer','False','51','20');
INSERT INTO "OpportunityContactRole" VALUES(718,'Soft Credit','False','51','125');
INSERT INTO "OpportunityContactRole" VALUES(719,'Influencer','False','52','20');
INSERT INTO "OpportunityContactRole" VALUES(720,'Soft Credit','False','52','125');
INSERT INTO "OpportunityContactRole" VALUES(721,'Influencer','False','53','232');
INSERT INTO "OpportunityContactRole" VALUES(722,'Soft Credit','False','53','125');
INSERT INTO "OpportunityContactRole" VALUES(723,'Influencer','False','57','20');
INSERT INTO "OpportunityContactRole" VALUES(724,'Soft Credit','False','57','125');
INSERT INTO "OpportunityContactRole" VALUES(725,'Donor','True','56','131');
INSERT INTO "OpportunityContactRole" VALUES(726,'Donor','True','56','132');
INSERT INTO "OpportunityContactRole" VALUES(727,'Donor','True','56','133');
INSERT INTO "OpportunityContactRole" VALUES(728,'Influencer','False','56','45');
INSERT INTO "OpportunityContactRole" VALUES(729,'Donor','True','56','124');
INSERT INTO "OpportunityContactRole" VALUES(730,'Donor','True','56','125');
INSERT INTO "OpportunityContactRole" VALUES(731,'Donor','True','56','126');
INSERT INTO "OpportunityContactRole" VALUES(732,'Donor','True','56','127');
INSERT INTO "OpportunityContactRole" VALUES(733,'Donor','True','56','128');
INSERT INTO "OpportunityContactRole" VALUES(734,'Donor','True','56','129');
INSERT INTO "OpportunityContactRole" VALUES(735,'Donor','True','56','130');
INSERT INTO "OpportunityContactRole" VALUES(736,'Influencer','False','58','51');
INSERT INTO "OpportunityContactRole" VALUES(737,'Soft Credit','False','58','125');
INSERT INTO "OpportunityContactRole" VALUES(738,'Influencer','False','15','156');
INSERT INTO "OpportunityContactRole" VALUES(739,'Soft Credit','False','15','125');
INSERT INTO "OpportunityContactRole" VALUES(740,'Influencer','False','59','157');
INSERT INTO "OpportunityContactRole" VALUES(741,'Soft Credit','False','59','125');
INSERT INTO "OpportunityContactRole" VALUES(742,'Influencer','False','60','156');
INSERT INTO "OpportunityContactRole" VALUES(743,'Soft Credit','False','60','125');
INSERT INTO "OpportunityContactRole" VALUES(744,'Soft Credit','False','61','125');
INSERT INTO "OpportunityContactRole" VALUES(745,'Soft Credit','False','62','125');
INSERT INTO "OpportunityContactRole" VALUES(746,'Influencer','False','63','20');
INSERT INTO "OpportunityContactRole" VALUES(747,'Soft Credit','False','63','125');
INSERT INTO "OpportunityContactRole" VALUES(748,'Influencer','False','64','20');
INSERT INTO "OpportunityContactRole" VALUES(749,'Soft Credit','False','64','125');
INSERT INTO "OpportunityContactRole" VALUES(750,'Donor','True','68','136');
INSERT INTO "OpportunityContactRole" VALUES(751,'Donor','True','68','137');
INSERT INTO "OpportunityContactRole" VALUES(752,'Donor','True','68','138');
INSERT INTO "OpportunityContactRole" VALUES(753,'Donor','True','68','139');
INSERT INTO "OpportunityContactRole" VALUES(754,'Donor','True','68','140');
INSERT INTO "OpportunityContactRole" VALUES(755,'Donor','True','68','141');
INSERT INTO "OpportunityContactRole" VALUES(756,'Donor','True','68','142');
INSERT INTO "OpportunityContactRole" VALUES(757,'Donor','True','68','143');
INSERT INTO "OpportunityContactRole" VALUES(758,'Donor','True','68','144');
INSERT INTO "OpportunityContactRole" VALUES(759,'Donor','True','68','145');
INSERT INTO "OpportunityContactRole" VALUES(760,'Donor','True','68','146');
INSERT INTO "OpportunityContactRole" VALUES(761,'Donor','True','68','147');
INSERT INTO "OpportunityContactRole" VALUES(762,'Donor','True','68','148');
INSERT INTO "OpportunityContactRole" VALUES(763,'Donor','True','68','149');
INSERT INTO "OpportunityContactRole" VALUES(764,'Donor','True','68','150');
INSERT INTO "OpportunityContactRole" VALUES(765,'Donor','True','68','151');
INSERT INTO "OpportunityContactRole" VALUES(766,'Donor','True','68','152');
INSERT INTO "OpportunityContactRole" VALUES(767,'Donor','True','68','153');
INSERT INTO "OpportunityContactRole" VALUES(768,'Donor','True','68','154');
INSERT INTO "OpportunityContactRole" VALUES(769,'Donor','True','68','155');
INSERT INTO "OpportunityContactRole" VALUES(770,'Donor','True','68','156');
INSERT INTO "OpportunityContactRole" VALUES(771,'Donor','True','68','157');
INSERT INTO "OpportunityContactRole" VALUES(772,'Donor','True','68','158');
INSERT INTO "OpportunityContactRole" VALUES(773,'Donor','True','68','159');
INSERT INTO "OpportunityContactRole" VALUES(774,'Donor','True','68','160');
INSERT INTO "OpportunityContactRole" VALUES(775,'Donor','True','68','161');
INSERT INTO "OpportunityContactRole" VALUES(776,'Donor','True','68','162');
INSERT INTO "OpportunityContactRole" VALUES(777,'Donor','True','68','163');
INSERT INTO "OpportunityContactRole" VALUES(778,'Donor','True','68','164');
INSERT INTO "OpportunityContactRole" VALUES(779,'Donor','True','68','165');
INSERT INTO "OpportunityContactRole" VALUES(780,'Donor','True','68','166');
INSERT INTO "OpportunityContactRole" VALUES(781,'Donor','True','68','167');
INSERT INTO "OpportunityContactRole" VALUES(782,'Donor','True','68','168');
INSERT INTO "OpportunityContactRole" VALUES(783,'Donor','True','68','169');
INSERT INTO "OpportunityContactRole" VALUES(784,'Donor','True','68','170');
INSERT INTO "OpportunityContactRole" VALUES(785,'Donor','True','68','171');
INSERT INTO "OpportunityContactRole" VALUES(786,'Donor','True','68','172');
INSERT INTO "OpportunityContactRole" VALUES(787,'Donor','True','68','173');
INSERT INTO "OpportunityContactRole" VALUES(788,'Donor','True','68','174');
INSERT INTO "OpportunityContactRole" VALUES(789,'Donor','True','68','175');
INSERT INTO "OpportunityContactRole" VALUES(790,'Donor','True','68','176');
INSERT INTO "OpportunityContactRole" VALUES(791,'Donor','True','68','177');
INSERT INTO "OpportunityContactRole" VALUES(792,'Donor','True','68','178');
INSERT INTO "OpportunityContactRole" VALUES(793,'Donor','True','68','179');
INSERT INTO "OpportunityContactRole" VALUES(794,'Donor','True','68','180');
INSERT INTO "OpportunityContactRole" VALUES(795,'Donor','True','68','181');
INSERT INTO "OpportunityContactRole" VALUES(796,'Donor','True','68','182');
INSERT INTO "OpportunityContactRole" VALUES(797,'Donor','True','68','183');
INSERT INTO "OpportunityContactRole" VALUES(798,'Donor','True','68','184');
INSERT INTO "OpportunityContactRole" VALUES(799,'Donor','True','68','185');
INSERT INTO "OpportunityContactRole" VALUES(800,'Donor','True','68','186');
INSERT INTO "OpportunityContactRole" VALUES(801,'Donor','True','68','187');
INSERT INTO "OpportunityContactRole" VALUES(802,'Donor','True','68','188');
INSERT INTO "OpportunityContactRole" VALUES(803,'Donor','True','68','189');
INSERT INTO "OpportunityContactRole" VALUES(804,'Donor','True','68','190');
INSERT INTO "OpportunityContactRole" VALUES(805,'Donor','True','68','191');
INSERT INTO "OpportunityContactRole" VALUES(806,'Donor','True','68','192');
INSERT INTO "OpportunityContactRole" VALUES(807,'Donor','True','68','193');
INSERT INTO "OpportunityContactRole" VALUES(808,'Donor','True','68','194');
INSERT INTO "OpportunityContactRole" VALUES(809,'Donor','True','68','195');
INSERT INTO "OpportunityContactRole" VALUES(810,'Donor','True','68','196');
INSERT INTO "OpportunityContactRole" VALUES(811,'Donor','True','68','197');
INSERT INTO "OpportunityContactRole" VALUES(812,'Donor','True','68','198');
INSERT INTO "OpportunityContactRole" VALUES(813,'Donor','True','68','199');
INSERT INTO "OpportunityContactRole" VALUES(814,'Donor','True','68','200');
INSERT INTO "OpportunityContactRole" VALUES(815,'Donor','True','68','201');
INSERT INTO "OpportunityContactRole" VALUES(816,'Donor','True','68','202');
INSERT INTO "OpportunityContactRole" VALUES(817,'Donor','True','68','203');
INSERT INTO "OpportunityContactRole" VALUES(818,'Donor','True','68','204');
INSERT INTO "OpportunityContactRole" VALUES(819,'Donor','True','68','205');
INSERT INTO "OpportunityContactRole" VALUES(820,'Donor','True','68','206');
INSERT INTO "OpportunityContactRole" VALUES(821,'Donor','True','68','207');
INSERT INTO "OpportunityContactRole" VALUES(822,'Donor','True','68','208');
INSERT INTO "OpportunityContactRole" VALUES(823,'Donor','True','68','209');
INSERT INTO "OpportunityContactRole" VALUES(824,'Donor','True','68','210');
INSERT INTO "OpportunityContactRole" VALUES(825,'Donor','True','68','211');
INSERT INTO "OpportunityContactRole" VALUES(826,'Donor','True','68','212');
INSERT INTO "OpportunityContactRole" VALUES(827,'Donor','True','68','213');
INSERT INTO "OpportunityContactRole" VALUES(828,'Donor','True','68','214');
INSERT INTO "OpportunityContactRole" VALUES(829,'Donor','True','68','215');
INSERT INTO "OpportunityContactRole" VALUES(830,'Donor','True','68','216');
INSERT INTO "OpportunityContactRole" VALUES(831,'Donor','True','68','217');
INSERT INTO "OpportunityContactRole" VALUES(832,'Donor','True','68','218');
INSERT INTO "OpportunityContactRole" VALUES(833,'Donor','True','68','219');
INSERT INTO "OpportunityContactRole" VALUES(834,'Donor','True','68','220');
INSERT INTO "OpportunityContactRole" VALUES(835,'Donor','True','68','221');
INSERT INTO "OpportunityContactRole" VALUES(836,'Donor','True','68','222');
INSERT INTO "OpportunityContactRole" VALUES(837,'Donor','True','68','223');
INSERT INTO "OpportunityContactRole" VALUES(838,'Donor','True','68','224');
INSERT INTO "OpportunityContactRole" VALUES(839,'Donor','True','68','225');
INSERT INTO "OpportunityContactRole" VALUES(840,'Donor','True','68','226');
INSERT INTO "OpportunityContactRole" VALUES(841,'Donor','True','68','227');
INSERT INTO "OpportunityContactRole" VALUES(842,'Donor','True','68','228');
INSERT INTO "OpportunityContactRole" VALUES(843,'Donor','True','68','229');
INSERT INTO "OpportunityContactRole" VALUES(844,'Donor','True','68','230');
INSERT INTO "OpportunityContactRole" VALUES(845,'Donor','True','68','231');
INSERT INTO "OpportunityContactRole" VALUES(846,'Donor','True','68','232');
INSERT INTO "OpportunityContactRole" VALUES(847,'Donor','True','68','233');
INSERT INTO "OpportunityContactRole" VALUES(848,'Influencer','False','68','16');
INSERT INTO "OpportunityContactRole" VALUES(849,'Soft Credit','True','68','234');
INSERT INTO "OpportunityContactRole" VALUES(850,'Soft Credit','True','68','235');
INSERT INTO "OpportunityContactRole" VALUES(851,'Soft Credit','True','68','236');
INSERT INTO "OpportunityContactRole" VALUES(852,'Soft Credit','True','68','59');
INSERT INTO "OpportunityContactRole" VALUES(853,'Soft Credit','True','68','60');
INSERT INTO "OpportunityContactRole" VALUES(854,'Soft Credit','True','68','61');
INSERT INTO "OpportunityContactRole" VALUES(855,'Soft Credit','True','68','62');
INSERT INTO "OpportunityContactRole" VALUES(856,'Soft Credit','True','68','63');
INSERT INTO "OpportunityContactRole" VALUES(857,'Soft Credit','True','68','64');
INSERT INTO "OpportunityContactRole" VALUES(858,'Soft Credit','True','68','65');
INSERT INTO "OpportunityContactRole" VALUES(859,'Soft Credit','True','68','1');
INSERT INTO "OpportunityContactRole" VALUES(860,'Donor','True','68','2');
INSERT INTO "OpportunityContactRole" VALUES(861,'Donor','True','68','134');
INSERT INTO "OpportunityContactRole" VALUES(862,'Donor','True','68','135');
INSERT INTO "OpportunityContactRole" VALUES(863,'Soft Credit','False','68','125');
INSERT INTO "OpportunityContactRole" VALUES(864,'Influencer','False','65','197');
INSERT INTO "OpportunityContactRole" VALUES(865,'Soft Credit','False','65','125');
INSERT INTO "OpportunityContactRole" VALUES(866,'Influencer','False','79','156');
INSERT INTO "OpportunityContactRole" VALUES(867,'Soft Credit','False','79','125');
INSERT INTO "OpportunityContactRole" VALUES(868,'Influencer','False','80','51');
INSERT INTO "OpportunityContactRole" VALUES(869,'Soft Credit','False','80','125');
INSERT INTO "OpportunityContactRole" VALUES(870,'Influencer','False','16','197');
INSERT INTO "OpportunityContactRole" VALUES(871,'Soft Credit','False','16','125');
INSERT INTO "OpportunityContactRole" VALUES(872,'Influencer','False','81','182');
INSERT INTO "OpportunityContactRole" VALUES(873,'Donor','True','81','13');
INSERT INTO "OpportunityContactRole" VALUES(874,'Donor','True','81','14');
INSERT INTO "OpportunityContactRole" VALUES(875,'Donor','True','81','15');
INSERT INTO "OpportunityContactRole" VALUES(876,'Donor','True','81','16');
INSERT INTO "OpportunityContactRole" VALUES(877,'Donor','True','81','17');
INSERT INTO "OpportunityContactRole" VALUES(878,'Donor','True','81','18');
INSERT INTO "OpportunityContactRole" VALUES(879,'Donor','True','81','19');
INSERT INTO "OpportunityContactRole" VALUES(880,'Donor','True','81','20');
INSERT INTO "OpportunityContactRole" VALUES(881,'Donor','True','1','322');
INSERT INTO "OpportunityContactRole" VALUES(882,'Soft Credit','False','10','322');
INSERT INTO "OpportunityContactRole" VALUES(883,'Donor','True','1','321');
INSERT INTO "OpportunityContactRole" VALUES(884,'Soft Credit','False','10','321');
INSERT INTO "OpportunityContactRole" VALUES(885,'Donor','True','1','324');
INSERT INTO "OpportunityContactRole" VALUES(886,'Household Member','False','10','324');
INSERT INTO "OpportunityContactRole" VALUES(887,'Donor','True','1','323');
INSERT INTO "OpportunityContactRole" VALUES(888,'Household Member','False','10','323');
INSERT INTO "OpportunityContactRole" VALUES(889,'Donor','True','1','327');
INSERT INTO "OpportunityContactRole" VALUES(890,'Soft Credit','False','10','327');
INSERT INTO "OpportunityContactRole" VALUES(891,'Donor','True','9','326');
INSERT INTO "OpportunityContactRole" VALUES(892,'Soft Credit','False','39','326');
INSERT INTO "OpportunityContactRole" VALUES(893,'Soft Credit','False','10','267');
INSERT INTO "OpportunityContactRole" VALUES(894,'Donor','True','39','311');
INSERT INTO "OpportunityContactRole" VALUES(895,'Soft Credit','False','9','311');
INSERT INTO "OpportunityContactRole" VALUES(896,'Donor','True','1','316');
INSERT INTO "OpportunityContactRole" VALUES(897,'Soft Credit','False','10','316');
INSERT INTO "OpportunityContactRole" VALUES(898,'Donor','True','1','313');
INSERT INTO "OpportunityContactRole" VALUES(899,'Soft Credit','False','10','313');
INSERT INTO "OpportunityContactRole" VALUES(900,'Donor','True','1','314');
INSERT INTO "OpportunityContactRole" VALUES(901,'Soft Credit','False','10','314');
INSERT INTO "OpportunityContactRole" VALUES(902,'Donor','True','1','315');
INSERT INTO "OpportunityContactRole" VALUES(903,'Soft Credit','False','10','315');
INSERT INTO "OpportunityContactRole" VALUES(904,'Donor','True','10','312');
INSERT INTO "OpportunityContactRole" VALUES(905,'Household Member','False','1','312');
INSERT INTO "OpportunityContactRole" VALUES(906,'Donor','True','68','277');
INSERT INTO "OpportunityContactRole" VALUES(907,'Donor','True','68','278');
INSERT INTO "OpportunityContactRole" VALUES(908,'Donor','True','68','279');
INSERT INTO "OpportunityContactRole" VALUES(909,'Donor','True','68','280');
INSERT INTO "OpportunityContactRole" VALUES(910,'Donor','True','68','281');
INSERT INTO "OpportunityContactRole" VALUES(911,'Donor','True','68','282');
INSERT INTO "OpportunityContactRole" VALUES(912,'Donor','True','68','283');
INSERT INTO "OpportunityContactRole" VALUES(913,'Donor','True','68','284');
INSERT INTO "OpportunityContactRole" VALUES(914,'Donor','True','68','285');
INSERT INTO "OpportunityContactRole" VALUES(915,'Donor','True','68','286');
INSERT INTO "OpportunityContactRole" VALUES(916,'Donor','True','68','287');
INSERT INTO "OpportunityContactRole" VALUES(917,'Donor','True','68','288');
INSERT INTO "OpportunityContactRole" VALUES(918,'Donor','True','68','289');
INSERT INTO "OpportunityContactRole" VALUES(919,'Donor','True','68','290');
INSERT INTO "OpportunityContactRole" VALUES(920,'Donor','True','68','291');
INSERT INTO "OpportunityContactRole" VALUES(921,'Donor','True','68','292');
INSERT INTO "OpportunityContactRole" VALUES(922,'Donor','True','68','293');
INSERT INTO "OpportunityContactRole" VALUES(923,'Donor','True','68','294');
INSERT INTO "OpportunityContactRole" VALUES(924,'Donor','True','68','295');
INSERT INTO "OpportunityContactRole" VALUES(925,'Donor','True','68','296');
INSERT INTO "OpportunityContactRole" VALUES(926,'Donor','True','68','297');
INSERT INTO "OpportunityContactRole" VALUES(927,'Donor','True','68','298');
INSERT INTO "OpportunityContactRole" VALUES(928,'Donor','True','68','299');
INSERT INTO "OpportunityContactRole" VALUES(929,'Donor','True','68','300');
INSERT INTO "OpportunityContactRole" VALUES(930,'Donor','True','68','301');
INSERT INTO "OpportunityContactRole" VALUES(931,'Donor','True','68','302');
INSERT INTO "OpportunityContactRole" VALUES(932,'Donor','True','68','303');
INSERT INTO "OpportunityContactRole" VALUES(933,'Donor','True','68','304');
INSERT INTO "OpportunityContactRole" VALUES(934,'Donor','True','68','305');
INSERT INTO "OpportunityContactRole" VALUES(935,'Donor','True','68','306');
INSERT INTO "OpportunityContactRole" VALUES(936,'Donor','True','68','307');
INSERT INTO "OpportunityContactRole" VALUES(937,'Donor','True','68','308');
INSERT INTO "OpportunityContactRole" VALUES(938,'Donor','True','68','309');
INSERT INTO "OpportunityContactRole" VALUES(939,'Donor','True','68','310');
INSERT INTO "OpportunityContactRole" VALUES(940,'Donor','True','39','320');
INSERT INTO "OpportunityContactRole" VALUES(941,'Household Member','False','9','320');
INSERT INTO "OpportunityContactRole" VALUES(942,'Donor','True','10','317');
INSERT INTO "OpportunityContactRole" VALUES(943,'Household Member','False','1','317');
INSERT INTO "OpportunityContactRole" VALUES(944,'Donor','True','10','318');
INSERT INTO "OpportunityContactRole" VALUES(945,'Household Member','False','1','318');
INSERT INTO "OpportunityContactRole" VALUES(946,'Donor','True','10','319');
INSERT INTO "OpportunityContactRole" VALUES(947,'Household Member','False','1','319');
INSERT INTO "OpportunityContactRole" VALUES(948,'Donor','True','1','259');
INSERT INTO "OpportunityContactRole" VALUES(949,'Donor','True','9','261');
INSERT INTO "OpportunityContactRole" VALUES(950,'Soft Credit','False','39','261');
INSERT INTO "OpportunityContactRole" VALUES(951,'Donor','True','9','262');
INSERT INTO "OpportunityContactRole" VALUES(952,'Household Member','False','39','262');
INSERT INTO "OpportunityContactRole" VALUES(953,'Donor','True','10','263');
INSERT INTO "OpportunityContactRole" VALUES(954,'Household Member','False','1','263');
INSERT INTO "OpportunityContactRole" VALUES(955,'Donor','True','1','253');
INSERT INTO "OpportunityContactRole" VALUES(956,'Soft Credit','False','10','253');
INSERT INTO "OpportunityContactRole" VALUES(957,'Donor','True','1','254');
INSERT INTO "OpportunityContactRole" VALUES(958,'Soft Credit','False','10','254');
INSERT INTO "OpportunityContactRole" VALUES(959,'Donor','True','1','255');
INSERT INTO "OpportunityContactRole" VALUES(960,'Household Member','False','10','255');
INSERT INTO "OpportunityContactRole" VALUES(961,'Donor','True','1','260');
INSERT INTO "OpportunityContactRole" VALUES(962,'Soft Credit','False','10','260');
INSERT INTO "OpportunityContactRole" VALUES(963,'Donor','True','10','256');
INSERT INTO "OpportunityContactRole" VALUES(964,'Household Member','False','1','256');
INSERT INTO "OpportunityContactRole" VALUES(965,'Donor','True','10','257');
INSERT INTO "OpportunityContactRole" VALUES(966,'Household Member','False','1','257');
INSERT INTO "OpportunityContactRole" VALUES(967,'Donor','True','10','258');
INSERT INTO "OpportunityContactRole" VALUES(968,'Household Member','False','1','258');
INSERT INTO "OpportunityContactRole" VALUES(969,'Donor','True','1','264');
INSERT INTO "OpportunityContactRole" VALUES(970,'Soft Credit','False','10','264');
INSERT INTO "OpportunityContactRole" VALUES(971,'Donor','True','1','265');
INSERT INTO "OpportunityContactRole" VALUES(972,'Soft Credit','False','10','265');
INSERT INTO "OpportunityContactRole" VALUES(973,'Donor','True','1','266');
INSERT INTO "OpportunityContactRole" VALUES(974,'Soft Credit','False','10','266');
INSERT INTO "OpportunityContactRole" VALUES(975,'Donor','True','1','267');
INSERT INTO "OpportunityContactRole" VALUES(976,'Donor','True','1','268');
INSERT INTO "OpportunityContactRole" VALUES(977,'Household Member','False','10','268');
INSERT INTO "OpportunityContactRole" VALUES(978,'Donor','True','1','269');
INSERT INTO "OpportunityContactRole" VALUES(979,'Soft Credit','False','10','269');
INSERT INTO "OpportunityContactRole" VALUES(980,'Donor','True','1','272');
INSERT INTO "OpportunityContactRole" VALUES(981,'Soft Credit','False','10','272');
INSERT INTO "OpportunityContactRole" VALUES(982,'Donor','True','1','273');
INSERT INTO "OpportunityContactRole" VALUES(983,'Soft Credit','False','10','273');
INSERT INTO "OpportunityContactRole" VALUES(984,'Donor','True','1','274');
INSERT INTO "OpportunityContactRole" VALUES(985,'Soft Credit','False','10','274');
INSERT INTO "OpportunityContactRole" VALUES(986,'Donor','True','1','275');
INSERT INTO "OpportunityContactRole" VALUES(987,'Soft Credit','False','10','275');
INSERT INTO "OpportunityContactRole" VALUES(988,'Donor','True','1','276');
INSERT INTO "OpportunityContactRole" VALUES(989,'Soft Credit','False','10','276');
INSERT INTO "OpportunityContactRole" VALUES(990,'Donor','True','10','270');
INSERT INTO "OpportunityContactRole" VALUES(991,'Household Member','False','1','270');
INSERT INTO "OpportunityContactRole" VALUES(992,'Donor','True','10','271');
INSERT INTO "OpportunityContactRole" VALUES(993,'Household Member','False','1','271');
INSERT INTO "OpportunityContactRole" VALUES(994,'Donor','True','1','250');
INSERT INTO "OpportunityContactRole" VALUES(995,'Soft Credit','False','10','250');
INSERT INTO "OpportunityContactRole" VALUES(996,'Donor','True','1','251');
INSERT INTO "OpportunityContactRole" VALUES(997,'Soft Credit','False','10','251');
INSERT INTO "OpportunityContactRole" VALUES(998,'Donor','True','1','249');
INSERT INTO "OpportunityContactRole" VALUES(999,'Soft Credit','False','10','249');
CREATE TABLE "Partial_Soft_Credit__c" (
	id INTEGER NOT NULL, 
	"Role_Name__c" VARCHAR(255), 
	"Amount__c" VARCHAR(255), 
	"Contact__c" VARCHAR(255), 
	"Opportunity__c" VARCHAR(255), 
	PRIMARY KEY (id)
);
INSERT INTO "Partial_Soft_Credit__c" VALUES(1,'Soft Credit','260.0','10','265');
INSERT INTO "Partial_Soft_Credit__c" VALUES(2,'Soft Credit','75.0','9','311');
INSERT INTO "Partial_Soft_Credit__c" VALUES(3,'Soft Credit','355.0','10','254');
INSERT INTO "Partial_Soft_Credit__c" VALUES(4,'Soft Credit','1.0','36','125');
INSERT INTO "Partial_Soft_Credit__c" VALUES(5,'Soft Credit','1.0','37','125');
INSERT INTO "Partial_Soft_Credit__c" VALUES(6,'Soft Credit','1.0','38','125');
INSERT INTO "Partial_Soft_Credit__c" VALUES(7,'Soft Credit','1.0','12','125');
INSERT INTO "Partial_Soft_Credit__c" VALUES(8,'Soft Credit','1.0','39','125');
INSERT INTO "Partial_Soft_Credit__c" VALUES(9,'Soft Credit','1.0','40','125');
INSERT INTO "Partial_Soft_Credit__c" VALUES(10,'Soft Credit','1.0','41','125');
INSERT INTO "Partial_Soft_Credit__c" VALUES(11,'Soft Credit','1.0','42','125');
INSERT INTO "Partial_Soft_Credit__c" VALUES(12,'Soft Credit','1.0','43','125');
INSERT INTO "Partial_Soft_Credit__c" VALUES(13,'Soft Credit','1.0','44','125');
INSERT INTO "Partial_Soft_Credit__c" VALUES(14,'Soft Credit','1.0','45','125');
INSERT INTO "Partial_Soft_Credit__c" VALUES(15,'Soft Credit','1.0','46','125');
INSERT INTO "Partial_Soft_Credit__c" VALUES(16,'Soft Credit','1.0','47','125');
INSERT INTO "Partial_Soft_Credit__c" VALUES(17,'Soft Credit','1.0','48','125');
INSERT INTO "Partial_Soft_Credit__c" VALUES(18,'Soft Credit','1.0','13','125');
INSERT INTO "Partial_Soft_Credit__c" VALUES(19,'Soft Credit','1.0','66','125');
INSERT INTO "Partial_Soft_Credit__c" VALUES(20,'Soft Credit','1.0','67','125');
INSERT INTO "Partial_Soft_Credit__c" VALUES(21,'Soft Credit','1.0','69','125');
INSERT INTO "Partial_Soft_Credit__c" VALUES(22,'Soft Credit','1.0','70','125');
INSERT INTO "Partial_Soft_Credit__c" VALUES(23,'Soft Credit','1.0','71','125');
INSERT INTO "Partial_Soft_Credit__c" VALUES(24,'Soft Credit','1.0','72','125');
INSERT INTO "Partial_Soft_Credit__c" VALUES(25,'Soft Credit','1.0','73','125');
INSERT INTO "Partial_Soft_Credit__c" VALUES(26,'Soft Credit','1.0','74','125');
INSERT INTO "Partial_Soft_Credit__c" VALUES(27,'Soft Credit','1.0','75','125');
INSERT INTO "Partial_Soft_Credit__c" VALUES(28,'Soft Credit','1.0','90','125');
INSERT INTO "Partial_Soft_Credit__c" VALUES(29,'Soft Credit','1.0','17','125');
INSERT INTO "Partial_Soft_Credit__c" VALUES(30,'Soft Credit','1.0','91','125');
INSERT INTO "Partial_Soft_Credit__c" VALUES(31,'Soft Credit','1.0','92','125');
INSERT INTO "Partial_Soft_Credit__c" VALUES(32,'Soft Credit','1.0','93','125');
INSERT INTO "Partial_Soft_Credit__c" VALUES(33,'Soft Credit','1.0','94','125');
INSERT INTO "Partial_Soft_Credit__c" VALUES(34,'Soft Credit','1.0','95','125');
INSERT INTO "Partial_Soft_Credit__c" VALUES(35,'Soft Credit','1.0','96','125');
INSERT INTO "Partial_Soft_Credit__c" VALUES(36,'Soft Credit','1.0','89','125');
INSERT INTO "Partial_Soft_Credit__c" VALUES(37,'Soft Credit','200.0','39','335');
INSERT INTO "Partial_Soft_Credit__c" VALUES(38,'Soft Credit','1.0','76','125');
INSERT INTO "Partial_Soft_Credit__c" VALUES(39,'Soft Credit','1.0','14','125');
INSERT INTO "Partial_Soft_Credit__c" VALUES(40,'Soft Credit','1.0','77','125');
INSERT INTO "Partial_Soft_Credit__c" VALUES(41,'Soft Credit','1.0','78','125');
INSERT INTO "Partial_Soft_Credit__c" VALUES(42,'Soft Credit','1.0','49','125');
INSERT INTO "Partial_Soft_Credit__c" VALUES(43,'Soft Credit','1.0','50','125');
INSERT INTO "Partial_Soft_Credit__c" VALUES(44,'Soft Credit','1.0','51','125');
INSERT INTO "Partial_Soft_Credit__c" VALUES(45,'Soft Credit','1.0','52','125');
INSERT INTO "Partial_Soft_Credit__c" VALUES(46,'Soft Credit','1.0','53','125');
INSERT INTO "Partial_Soft_Credit__c" VALUES(47,'Soft Credit','1.0','57','125');
INSERT INTO "Partial_Soft_Credit__c" VALUES(48,'Soft Credit','1.0','56','125');
INSERT INTO "Partial_Soft_Credit__c" VALUES(49,'Soft Credit','1.0','58','125');
INSERT INTO "Partial_Soft_Credit__c" VALUES(50,'Soft Credit','1.0','15','125');
INSERT INTO "Partial_Soft_Credit__c" VALUES(51,'Soft Credit','1.0','59','125');
INSERT INTO "Partial_Soft_Credit__c" VALUES(52,'Soft Credit','1.0','60','125');
INSERT INTO "Partial_Soft_Credit__c" VALUES(53,'Soft Credit','1.0','61','125');
INSERT INTO "Partial_Soft_Credit__c" VALUES(54,'Soft Credit','1.0','62','125');
INSERT INTO "Partial_Soft_Credit__c" VALUES(55,'Soft Credit','1.0','63','125');
INSERT INTO "Partial_Soft_Credit__c" VALUES(56,'Soft Credit','1.0','64','125');
INSERT INTO "Partial_Soft_Credit__c" VALUES(57,'Soft Credit','1.0','68','125');
INSERT INTO "Partial_Soft_Credit__c" VALUES(58,'Soft Credit','1.0','65','125');
INSERT INTO "Partial_Soft_Credit__c" VALUES(59,'Soft Credit','1.0','79','125');
INSERT INTO "Partial_Soft_Credit__c" VALUES(60,'Soft Credit','1.0','80','125');
INSERT INTO "Partial_Soft_Credit__c" VALUES(61,'Soft Credit','1.0','16','125');
INSERT INTO "Partial_Soft_Credit__c" VALUES(62,'Soft Credit','1.0','81','125');
INSERT INTO "Partial_Soft_Credit__c" VALUES(63,'Soft Credit','1.0','82','125');
INSERT INTO "Partial_Soft_Credit__c" VALUES(64,'Soft Credit','1.0','83','125');
INSERT INTO "Partial_Soft_Credit__c" VALUES(65,'Soft Credit','1.0','84','125');
INSERT INTO "Partial_Soft_Credit__c" VALUES(66,'Soft Credit','1.0','85','125');
INSERT INTO "Partial_Soft_Credit__c" VALUES(67,'Soft Credit','1.0','86','125');
INSERT INTO "Partial_Soft_Credit__c" VALUES(68,'Soft Credit','1.0','87','125');
INSERT INTO "Partial_Soft_Credit__c" VALUES(69,'Soft Credit','1.0','88','125');
INSERT INTO "Partial_Soft_Credit__c" VALUES(70,'Soft Credit','1.0','19','125');
INSERT INTO "Partial_Soft_Credit__c" VALUES(71,'Soft Credit','1.0','8','125');
INSERT INTO "Partial_Soft_Credit__c" VALUES(72,'Soft Credit','1.0','20','125');
INSERT INTO "Partial_Soft_Credit__c" VALUES(73,'Soft Credit','1.0','21','125');
INSERT INTO "Partial_Soft_Credit__c" VALUES(74,'Soft Credit','1.0','22','125');
INSERT INTO "Partial_Soft_Credit__c" VALUES(75,'Soft Credit','1.0','23','125');
INSERT INTO "Partial_Soft_Credit__c" VALUES(76,'Soft Credit','1.0','24','125');
INSERT INTO "Partial_Soft_Credit__c" VALUES(77,'Soft Credit','1.0','25','125');
INSERT INTO "Partial_Soft_Credit__c" VALUES(78,'Soft Credit','1.0','26','125');
INSERT INTO "Partial_Soft_Credit__c" VALUES(79,'Soft Credit','1.0','27','125');
INSERT INTO "Partial_Soft_Credit__c" VALUES(80,'Soft Credit','1.0','28','125');
INSERT INTO "Partial_Soft_Credit__c" VALUES(81,'Soft Credit','1.0','11','125');
INSERT INTO "Partial_Soft_Credit__c" VALUES(82,'Soft Credit','1.0','29','125');
INSERT INTO "Partial_Soft_Credit__c" VALUES(83,'Soft Credit','1.0','30','125');
INSERT INTO "Partial_Soft_Credit__c" VALUES(84,'Soft Credit','1.0','31','125');
INSERT INTO "Partial_Soft_Credit__c" VALUES(85,'Soft Credit','1.0','32','125');
INSERT INTO "Partial_Soft_Credit__c" VALUES(86,'Soft Credit','1.0','33','125');
INSERT INTO "Partial_Soft_Credit__c" VALUES(87,'Soft Credit','1.0','34','125');
INSERT INTO "Partial_Soft_Credit__c" VALUES(88,'Soft Credit','1.0','35','125');
INSERT INTO "Partial_Soft_Credit__c" VALUES(89,'Soft Credit','1.0','97','125');
INSERT INTO "Partial_Soft_Credit__c" VALUES(90,'Soft Credit','1.0','98','125');
INSERT INTO "Partial_Soft_Credit__c" VALUES(91,'Soft Credit','1.0','99','125');
INSERT INTO "Partial_Soft_Credit__c" VALUES(92,'Soft Credit','1.0','100','125');
INSERT INTO "Partial_Soft_Credit__c" VALUES(93,'Soft Credit','1.0','18','125');
INSERT INTO "Partial_Soft_Credit__c" VALUES(94,'Soft Credit','1.0','101','125');
INSERT INTO "Partial_Soft_Credit__c" VALUES(95,'Soft Credit','1.0','102','125');
INSERT INTO "Partial_Soft_Credit__c" VALUES(96,'Soft Credit','1.0','4','125');
INSERT INTO "Partial_Soft_Credit__c" VALUES(97,'Soft Credit','1.0','5','125');
INSERT INTO "Partial_Soft_Credit__c" VALUES(98,'Soft Credit','1.0','54','125');
INSERT INTO "Partial_Soft_Credit__c" VALUES(99,'Soft Credit','1.0','2','125');
INSERT INTO "Partial_Soft_Credit__c" VALUES(100,'Soft Credit','1.0','3','125');
INSERT INTO "Partial_Soft_Credit__c" VALUES(101,'Soft Credit','1.0','55','125');
INSERT INTO "Partial_Soft_Credit__c" VALUES(102,'Soft Credit','1.0','7','125');
INSERT INTO "Partial_Soft_Credit__c" VALUES(103,'Soft Credit','1.0','6','125');
INSERT INTO "Partial_Soft_Credit__c" VALUES(104,'Soft Credit','1.0','10','125');
INSERT INTO "Partial_Soft_Credit__c" VALUES(105,'Soft Credit','135.0','10','276');
INSERT INTO "Partial_Soft_Credit__c" VALUES(106,'Soft Credit','167.0','10','334');
INSERT INTO "Partial_Soft_Credit__c" VALUES(107,'Soft Credit','234.0','10','314');
INSERT INTO "Partial_Soft_Credit__c" VALUES(108,'Soft Credit','34.0','10','336');
INSERT INTO "Partial_Soft_Credit__c" VALUES(109,'Soft Credit','228.0','10','340');
INSERT INTO "Partial_Soft_Credit__c" VALUES(110,'Soft Credit','50.0','39','326');
INSERT INTO "Partial_Soft_Credit__c" VALUES(111,'Soft Credit','166.0','10','31');
INSERT INTO "Partial_Soft_Credit__c" VALUES(112,'Soft Credit','250.0','10','260');
INSERT INTO "Partial_Soft_Credit__c" VALUES(113,'Soft Credit','11.0','10','269');
INSERT INTO "Partial_Soft_Credit__c" VALUES(114,'Soft Credit','1345.0','10','321');
INSERT INTO "Partial_Soft_Credit__c" VALUES(115,'Soft Credit','200.0','10','327');
INSERT INTO "Partial_Soft_Credit__c" VALUES(116,'Soft Credit','30.0','10','28');
INSERT INTO "Partial_Soft_Credit__c" VALUES(117,'Soft Credit','75.0','10','66');
INSERT INTO "Partial_Soft_Credit__c" VALUES(118,'Soft Credit','27.0','10','339');
INSERT INTO "Partial_Soft_Credit__c" VALUES(119,'Soft Credit','12.0','10','275');
INSERT INTO "Partial_Soft_Credit__c" VALUES(120,'Household Member','380.0','10','255');
INSERT INTO "Partial_Soft_Credit__c" VALUES(121,'Soft Credit','236.0','10','34');
INSERT INTO "Partial_Soft_Credit__c" VALUES(122,'Soft Credit','50.0','10','267');
INSERT INTO "Partial_Soft_Credit__c" VALUES(123,'Soft Credit','45.0','10','32');
INSERT INTO "Partial_Soft_Credit__c" VALUES(124,'Soft Credit','56.0','10','322');
INSERT INTO "Partial_Soft_Credit__c" VALUES(125,'Soft Credit','25.0','10','264');
INSERT INTO "Partial_Soft_Credit__c" VALUES(126,'Soft Credit','68.0','10','315');
INSERT INTO "Partial_Soft_Credit__c" VALUES(127,'Household Member','98.0','10','268');
INSERT INTO "Partial_Soft_Credit__c" VALUES(128,'Soft Credit','112.0','10','273');
INSERT INTO "Partial_Soft_Credit__c" VALUES(129,'Soft Credit','20.0','10','274');
CREATE TABLE "npe01__OppPayment__c" (
	id INTEGER NOT NULL, 
	"npe01__Payment_Amount__c" VARCHAR(255), 
	"npe01__Payment_Date__c" VARCHAR(255), 
	"npe01__Scheduled_Date__c" VARCHAR(255), 
	"npe01__Paid__c" VARCHAR(255), 
	"npe01__Written_Off__c" VARCHAR(255), 
	"npe01__Opportunity__c" VARCHAR(255), 
	PRIMARY KEY (id)
);
INSERT INTO "npe01__OppPayment__c" VALUES(1,'60.0','','2021-11-11','False','False','317');
INSERT INTO "npe01__OppPayment__c" VALUES(2,'680.0','2021-11-10','','True','False','320');
INSERT INTO "npe01__OppPayment__c" VALUES(3,'509.0','2021-10-31','','True','False','318');
INSERT INTO "npe01__OppPayment__c" VALUES(4,'11.0','2021-11-19','','True','False','319');
INSERT INTO "npe01__OppPayment__c" VALUES(5,'13.1','2016-09-02','','False','False','145');
INSERT INTO "npe01__OppPayment__c" VALUES(6,'13.1','2016-10-02','','False','False','145');
INSERT INTO "npe01__OppPayment__c" VALUES(7,'13.1','2016-11-02','','False','False','145');
INSERT INTO "npe01__OppPayment__c" VALUES(8,'13.1','2016-12-02','','False','False','145');
INSERT INTO "npe01__OppPayment__c" VALUES(9,'13.1','2017-01-02','','False','False','145');
INSERT INTO "npe01__OppPayment__c" VALUES(10,'13.1','2017-02-02','','False','False','145');
INSERT INTO "npe01__OppPayment__c" VALUES(11,'13.1','2017-03-02','','False','False','145');
INSERT INTO "npe01__OppPayment__c" VALUES(12,'13.1','2017-04-02','','False','False','145');
INSERT INTO "npe01__OppPayment__c" VALUES(13,'13.1','2017-05-02','','False','False','145');
INSERT INTO "npe01__OppPayment__c" VALUES(14,'631.0','2016-07-21','','True','False','146');
INSERT INTO "npe01__OppPayment__c" VALUES(15,'970.0','2018-09-15','','True','False','147');
INSERT INTO "npe01__OppPayment__c" VALUES(16,'59.0','2018-06-07','','True','False','148');
INSERT INTO "npe01__OppPayment__c" VALUES(17,'253.0','2018-11-20','','True','False','149');
INSERT INTO "npe01__OppPayment__c" VALUES(18,'421.0','2016-04-23','','True','False','150');
INSERT INTO "npe01__OppPayment__c" VALUES(19,'743.0','2018-09-03','','True','False','151');
INSERT INTO "npe01__OppPayment__c" VALUES(20,'37.0','2017-11-19','','True','False','152');
INSERT INTO "npe01__OppPayment__c" VALUES(21,'376.0','2018-10-13','','True','False','44');
INSERT INTO "npe01__OppPayment__c" VALUES(22,'146.0','2017-11-27','','True','False','153');
INSERT INTO "npe01__OppPayment__c" VALUES(23,'657.0','2016-09-08','','True','False','154');
INSERT INTO "npe01__OppPayment__c" VALUES(24,'36.0','2016-09-02','','True','False','155');
INSERT INTO "npe01__OppPayment__c" VALUES(25,'39.3','2015-05-18','','False','False','156');
INSERT INTO "npe01__OppPayment__c" VALUES(26,'39.3','2015-06-18','','False','False','156');
INSERT INTO "npe01__OppPayment__c" VALUES(27,'39.3','2015-07-18','','False','False','156');
INSERT INTO "npe01__OppPayment__c" VALUES(28,'39.3','2015-08-18','','False','False','156');
INSERT INTO "npe01__OppPayment__c" VALUES(29,'39.3','2015-09-18','','False','False','156');
INSERT INTO "npe01__OppPayment__c" VALUES(30,'39.3','2015-10-18','','False','False','156');
INSERT INTO "npe01__OppPayment__c" VALUES(31,'39.3','2015-11-19','','False','False','156');
INSERT INTO "npe01__OppPayment__c" VALUES(32,'39.3','2015-12-19','','False','False','156');
INSERT INTO "npe01__OppPayment__c" VALUES(33,'39.3','2016-01-19','','False','False','156');
INSERT INTO "npe01__OppPayment__c" VALUES(34,'39.3','2016-02-19','','False','False','156');
INSERT INTO "npe01__OppPayment__c" VALUES(35,'64.3','2017-01-24','','False','False','157');
INSERT INTO "npe01__OppPayment__c" VALUES(36,'64.3','2017-02-24','','False','False','157');
INSERT INTO "npe01__OppPayment__c" VALUES(37,'64.3','2017-03-24','','False','False','157');
INSERT INTO "npe01__OppPayment__c" VALUES(38,'64.3','2017-04-24','','False','False','157');
INSERT INTO "npe01__OppPayment__c" VALUES(39,'64.3','2017-05-24','','False','False','157');
INSERT INTO "npe01__OppPayment__c" VALUES(40,'64.3','2017-06-24','','False','False','157');
INSERT INTO "npe01__OppPayment__c" VALUES(41,'64.3','2017-07-24','','False','False','157');
INSERT INTO "npe01__OppPayment__c" VALUES(42,'64.3','2017-08-24','','False','False','157');
INSERT INTO "npe01__OppPayment__c" VALUES(43,'64.3','2017-09-24','','False','False','157');
INSERT INTO "npe01__OppPayment__c" VALUES(44,'64.3','2017-10-24','','False','False','157');
INSERT INTO "npe01__OppPayment__c" VALUES(45,'813.0','2017-04-10','','True','False','158');
INSERT INTO "npe01__OppPayment__c" VALUES(46,'557.0','2017-12-02','','True','False','159');
INSERT INTO "npe01__OppPayment__c" VALUES(47,'926.0','2018-11-10','','True','False','160');
INSERT INTO "npe01__OppPayment__c" VALUES(48,'13.0','2018-02-28','','True','False','161');
INSERT INTO "npe01__OppPayment__c" VALUES(49,'609.0','2016-12-18','','True','False','162');
INSERT INTO "npe01__OppPayment__c" VALUES(50,'496.5','2015-01-02','','False','False','45');
INSERT INTO "npe01__OppPayment__c" VALUES(51,'496.5','2015-02-02','','False','False','45');
INSERT INTO "npe01__OppPayment__c" VALUES(52,'496.5','2015-03-02','','False','False','45');
INSERT INTO "npe01__OppPayment__c" VALUES(53,'496.5','2015-04-02','','False','False','45');
INSERT INTO "npe01__OppPayment__c" VALUES(54,'496.5','2015-05-02','','False','False','45');
INSERT INTO "npe01__OppPayment__c" VALUES(55,'496.5','2015-06-02','','False','False','45');
INSERT INTO "npe01__OppPayment__c" VALUES(56,'496.5','2015-07-02','','False','False','45');
INSERT INTO "npe01__OppPayment__c" VALUES(57,'496.5','2015-08-02','','False','False','45');
INSERT INTO "npe01__OppPayment__c" VALUES(58,'496.5','2015-09-02','','False','False','45');
INSERT INTO "npe01__OppPayment__c" VALUES(59,'496.5','2015-10-02','','False','False','45');
INSERT INTO "npe01__OppPayment__c" VALUES(60,'962.0','2018-01-28','','True','False','163');
INSERT INTO "npe01__OppPayment__c" VALUES(61,'204.0','2017-12-25','','True','False','164');
INSERT INTO "npe01__OppPayment__c" VALUES(62,'153.0','2017-06-01','','True','False','165');
INSERT INTO "npe01__OppPayment__c" VALUES(63,'89.0','2018-01-23','','True','False','166');
INSERT INTO "npe01__OppPayment__c" VALUES(64,'331.0','2018-01-26','','True','False','167');
INSERT INTO "npe01__OppPayment__c" VALUES(65,'842.0','2017-07-29','','True','False','168');
INSERT INTO "npe01__OppPayment__c" VALUES(66,'736.0','2016-09-14','','True','False','169');
INSERT INTO "npe01__OppPayment__c" VALUES(67,'69.0','2021-11-27','','True','False','256');
INSERT INTO "npe01__OppPayment__c" VALUES(68,'66.0','2021-12-08','','True','False','257');
INSERT INTO "npe01__OppPayment__c" VALUES(69,'88.0','2021-12-03','','True','False','258');
INSERT INTO "npe01__OppPayment__c" VALUES(70,'433.0','2021-12-08','','True','False','259');
INSERT INTO "npe01__OppPayment__c" VALUES(71,'978.0','2016-03-20','','True','False','170');
INSERT INTO "npe01__OppPayment__c" VALUES(72,'927.0','2017-04-24','','True','False','171');
INSERT INTO "npe01__OppPayment__c" VALUES(73,'321.0','2016-05-17','','True','False','172');
INSERT INTO "npe01__OppPayment__c" VALUES(74,'5297.0','2017-11-27','','True','False','46');
INSERT INTO "npe01__OppPayment__c" VALUES(75,'282.0','2016-02-04','','True','False','173');
INSERT INTO "npe01__OppPayment__c" VALUES(76,'750.0','2016-02-21','','True','False','174');
INSERT INTO "npe01__OppPayment__c" VALUES(77,'996.0','2016-06-16','','True','False','175');
INSERT INTO "npe01__OppPayment__c" VALUES(78,'536.0','2019-01-14','','True','False','176');
INSERT INTO "npe01__OppPayment__c" VALUES(79,'756.0','2018-11-10','','True','False','177');
INSERT INTO "npe01__OppPayment__c" VALUES(80,'119.0','2018-04-03','','True','False','178');
INSERT INTO "npe01__OppPayment__c" VALUES(81,'309.0','2016-11-01','','True','False','179');
INSERT INTO "npe01__OppPayment__c" VALUES(82,'230.0','2017-10-06','','True','False','180');
INSERT INTO "npe01__OppPayment__c" VALUES(83,'118.0','2017-04-18','','True','False','181');
INSERT INTO "npe01__OppPayment__c" VALUES(84,'32.7','2014-03-23','','False','False','182');
INSERT INTO "npe01__OppPayment__c" VALUES(85,'32.7','2014-04-23','','False','False','182');
INSERT INTO "npe01__OppPayment__c" VALUES(86,'32.7','2014-05-23','','False','False','182');
INSERT INTO "npe01__OppPayment__c" VALUES(87,'32.7','2014-06-23','','False','False','182');
INSERT INTO "npe01__OppPayment__c" VALUES(88,'32.7','2014-07-23','','False','False','182');
INSERT INTO "npe01__OppPayment__c" VALUES(89,'32.7','2014-08-23','','False','False','182');
INSERT INTO "npe01__OppPayment__c" VALUES(90,'32.7','2014-09-23','','False','False','182');
INSERT INTO "npe01__OppPayment__c" VALUES(91,'32.7','2014-10-23','','False','False','182');
INSERT INTO "npe01__OppPayment__c" VALUES(92,'32.7','2014-11-23','','False','False','182');
INSERT INTO "npe01__OppPayment__c" VALUES(93,'32.7','2014-12-23','','False','False','182');
INSERT INTO "npe01__OppPayment__c" VALUES(94,'6258.0','2016-07-24','','True','False','47');
INSERT INTO "npe01__OppPayment__c" VALUES(95,'557.0','2018-01-07','','True','False','183');
INSERT INTO "npe01__OppPayment__c" VALUES(96,'642.0','2018-02-08','','True','False','184');
INSERT INTO "npe01__OppPayment__c" VALUES(97,'782.0','2017-04-19','','True','False','185');
INSERT INTO "npe01__OppPayment__c" VALUES(98,'409.0','2017-05-21','','True','False','186');
INSERT INTO "npe01__OppPayment__c" VALUES(99,'501.0','2016-11-30','','True','False','187');
INSERT INTO "npe01__OppPayment__c" VALUES(100,'998.0','2017-08-18','','True','False','188');
INSERT INTO "npe01__OppPayment__c" VALUES(101,'338.0','2017-01-01','','True','False','189');
INSERT INTO "npe01__OppPayment__c" VALUES(102,'737.0','2018-12-15','','True','False','190');
INSERT INTO "npe01__OppPayment__c" VALUES(103,'410.0','2018-04-12','','True','False','191');
INSERT INTO "npe01__OppPayment__c" VALUES(104,'202.0','2018-10-16','','True','False','192');
INSERT INTO "npe01__OppPayment__c" VALUES(105,'2804.0','2016-03-12','','True','False','48');
INSERT INTO "npe01__OppPayment__c" VALUES(106,'997.0','2019-01-29','','True','False','193');
INSERT INTO "npe01__OppPayment__c" VALUES(107,'609.0','2016-06-09','','True','False','194');
INSERT INTO "npe01__OppPayment__c" VALUES(108,'952.0','2018-06-15','','True','False','195');
INSERT INTO "npe01__OppPayment__c" VALUES(109,'734.0','2017-02-01','','True','False','196');
INSERT INTO "npe01__OppPayment__c" VALUES(110,'20.0','2021-10-02','','True','False','253');
INSERT INTO "npe01__OppPayment__c" VALUES(111,'655.0','2021-11-18','','True','False','254');
INSERT INTO "npe01__OppPayment__c" VALUES(112,'1080.0','2021-11-11','','True','False','255');
INSERT INTO "npe01__OppPayment__c" VALUES(113,'54.0','2016-08-28','','False','False','197');
INSERT INTO "npe01__OppPayment__c" VALUES(114,'54.0','2016-09-28','','False','False','197');
INSERT INTO "npe01__OppPayment__c" VALUES(115,'54.0','2016-10-28','','False','False','197');
INSERT INTO "npe01__OppPayment__c" VALUES(116,'54.0','2016-11-28','','False','False','197');
INSERT INTO "npe01__OppPayment__c" VALUES(117,'54.0','2016-12-28','','False','False','197');
INSERT INTO "npe01__OppPayment__c" VALUES(118,'54.0','2017-01-28','','False','False','197');
INSERT INTO "npe01__OppPayment__c" VALUES(119,'54.0','2017-02-28','','False','False','197');
INSERT INTO "npe01__OppPayment__c" VALUES(120,'54.0','2017-03-28','','False','False','197');
INSERT INTO "npe01__OppPayment__c" VALUES(121,'54.0','2017-04-28','','False','False','197');
INSERT INTO "npe01__OppPayment__c" VALUES(122,'54.0','2017-05-28','','False','False','197');
INSERT INTO "npe01__OppPayment__c" VALUES(123,'507.0','2017-04-23','','True','False','198');
INSERT INTO "npe01__OppPayment__c" VALUES(124,'976.0','2017-11-07','','True','False','199');
INSERT INTO "npe01__OppPayment__c" VALUES(125,'973.0','2017-11-20','','True','False','200');
INSERT INTO "npe01__OppPayment__c" VALUES(126,'837.0','2018-03-22','','True','False','201');
INSERT INTO "npe01__OppPayment__c" VALUES(127,'871.0','2018-09-25','','True','False','202');
INSERT INTO "npe01__OppPayment__c" VALUES(128,'7164.0','2016-03-09','','True','False','49');
INSERT INTO "npe01__OppPayment__c" VALUES(129,'504.0','2017-06-15','','True','False','203');
INSERT INTO "npe01__OppPayment__c" VALUES(130,'234.0','2017-12-20','','True','False','204');
INSERT INTO "npe01__OppPayment__c" VALUES(131,'762.0','2016-03-31','','True','False','205');
INSERT INTO "npe01__OppPayment__c" VALUES(132,'357.0','2017-10-24','','True','False','206');
INSERT INTO "npe01__OppPayment__c" VALUES(133,'992.0','2018-02-28','','True','False','207');
INSERT INTO "npe01__OppPayment__c" VALUES(134,'666.0','2016-07-19','','True','False','208');
INSERT INTO "npe01__OppPayment__c" VALUES(135,'128.0','2017-04-22','','True','False','209');
INSERT INTO "npe01__OppPayment__c" VALUES(136,'111.0','2016-10-31','','True','False','210');
INSERT INTO "npe01__OppPayment__c" VALUES(137,'719.0','2016-06-10','','True','False','211');
INSERT INTO "npe01__OppPayment__c" VALUES(138,'22.0','2018-06-07','','True','False','212');
INSERT INTO "npe01__OppPayment__c" VALUES(139,'6989.0','2018-08-29','','True','False','50');
INSERT INTO "npe01__OppPayment__c" VALUES(140,'844.0','2017-05-30','','True','False','213');
INSERT INTO "npe01__OppPayment__c" VALUES(141,'989.0','2017-10-02','','True','False','214');
INSERT INTO "npe01__OppPayment__c" VALUES(142,'368.0','2017-09-04','','True','False','215');
INSERT INTO "npe01__OppPayment__c" VALUES(143,'896.0','2016-03-07','','True','False','216');
INSERT INTO "npe01__OppPayment__c" VALUES(144,'108.0','2018-07-01','','True','False','217');
INSERT INTO "npe01__OppPayment__c" VALUES(145,'911.0','2017-08-17','','True','False','218');
INSERT INTO "npe01__OppPayment__c" VALUES(146,'834.0','2017-04-08','','True','False','219');
INSERT INTO "npe01__OppPayment__c" VALUES(147,'45.0','2016-12-31','','True','False','220');
INSERT INTO "npe01__OppPayment__c" VALUES(148,'99.0','2017-11-25','','True','False','221');
INSERT INTO "npe01__OppPayment__c" VALUES(149,'971.0','2016-10-07','','True','False','222');
INSERT INTO "npe01__OppPayment__c" VALUES(150,'785.8','2014-11-04','','False','False','51');
INSERT INTO "npe01__OppPayment__c" VALUES(151,'785.8','2014-12-04','','False','False','51');
INSERT INTO "npe01__OppPayment__c" VALUES(152,'785.8','2014-03-04','','False','False','51');
INSERT INTO "npe01__OppPayment__c" VALUES(153,'785.8','2014-04-04','','False','False','51');
INSERT INTO "npe01__OppPayment__c" VALUES(154,'785.8','2014-05-04','','False','False','51');
INSERT INTO "npe01__OppPayment__c" VALUES(155,'785.8','2014-06-04','','False','False','51');
INSERT INTO "npe01__OppPayment__c" VALUES(156,'785.8','2014-07-04','','False','False','51');
INSERT INTO "npe01__OppPayment__c" VALUES(157,'785.8','2014-08-04','','False','False','51');
INSERT INTO "npe01__OppPayment__c" VALUES(158,'785.8','2014-09-04','','False','False','51');
INSERT INTO "npe01__OppPayment__c" VALUES(159,'785.8','2014-10-04','','False','False','51');
INSERT INTO "npe01__OppPayment__c" VALUES(160,'639.0','2018-08-19','','True','False','223');
INSERT INTO "npe01__OppPayment__c" VALUES(161,'919.0','2018-01-13','','True','False','224');
INSERT INTO "npe01__OppPayment__c" VALUES(162,'476.0','2016-03-22','','True','False','225');
INSERT INTO "npe01__OppPayment__c" VALUES(163,'321.0','2017-03-19','','True','False','226');
INSERT INTO "npe01__OppPayment__c" VALUES(164,'839.0','2018-11-11','','True','False','227');
INSERT INTO "npe01__OppPayment__c" VALUES(165,'451.0','2018-06-22','','True','False','228');
INSERT INTO "npe01__OppPayment__c" VALUES(166,'236.0','2019-01-18','','True','False','229');
INSERT INTO "npe01__OppPayment__c" VALUES(167,'585.0','2018-08-25','','True','False','230');
INSERT INTO "npe01__OppPayment__c" VALUES(168,'546.0','2017-08-29','','True','False','231');
INSERT INTO "npe01__OppPayment__c" VALUES(169,'48.5','2014-06-29','','False','False','232');
INSERT INTO "npe01__OppPayment__c" VALUES(170,'48.5','2014-07-29','','False','False','232');
INSERT INTO "npe01__OppPayment__c" VALUES(171,'48.5','2014-08-29','','False','False','232');
INSERT INTO "npe01__OppPayment__c" VALUES(172,'48.5','2014-09-29','','False','False','232');
INSERT INTO "npe01__OppPayment__c" VALUES(173,'48.5','2014-10-29','','False','False','232');
INSERT INTO "npe01__OppPayment__c" VALUES(174,'48.5','2014-11-29','','False','False','232');
INSERT INTO "npe01__OppPayment__c" VALUES(175,'48.5','2014-12-29','','False','False','232');
INSERT INTO "npe01__OppPayment__c" VALUES(176,'48.5','2015-01-29','','False','False','232');
INSERT INTO "npe01__OppPayment__c" VALUES(177,'48.5','2015-03-01','','False','False','232');
INSERT INTO "npe01__OppPayment__c" VALUES(178,'48.5','2015-03-29','','False','False','232');
INSERT INTO "npe01__OppPayment__c" VALUES(179,'635.0','2018-05-04','','True','False','105');
INSERT INTO "npe01__OppPayment__c" VALUES(180,'181.0','2016-12-04','','True','False','52');
INSERT INTO "npe01__OppPayment__c" VALUES(181,'329.0','2018-09-18','','True','False','233');
INSERT INTO "npe01__OppPayment__c" VALUES(182,'272.0','2016-12-10','','True','False','13');
INSERT INTO "npe01__OppPayment__c" VALUES(183,'261.0','2018-06-06','','True','False','14');
INSERT INTO "npe01__OppPayment__c" VALUES(184,'921.0','2018-05-04','','True','False','15');
INSERT INTO "npe01__OppPayment__c" VALUES(185,'75.7','2014-08-28','','False','False','16');
INSERT INTO "npe01__OppPayment__c" VALUES(186,'75.7','2014-09-28','','False','False','16');
INSERT INTO "npe01__OppPayment__c" VALUES(187,'75.7','2014-10-28','','False','False','16');
INSERT INTO "npe01__OppPayment__c" VALUES(188,'75.7','2014-11-28','','False','False','16');
INSERT INTO "npe01__OppPayment__c" VALUES(189,'75.7','2014-12-28','','False','False','16');
INSERT INTO "npe01__OppPayment__c" VALUES(190,'75.7','2015-01-28','','False','False','16');
INSERT INTO "npe01__OppPayment__c" VALUES(191,'75.7','2015-02-28','','False','False','16');
INSERT INTO "npe01__OppPayment__c" VALUES(192,'75.7','2015-03-28','','False','False','16');
INSERT INTO "npe01__OppPayment__c" VALUES(193,'75.7','2015-04-28','','False','False','16');
INSERT INTO "npe01__OppPayment__c" VALUES(194,'75.7','2015-05-28','','False','False','16');
INSERT INTO "npe01__OppPayment__c" VALUES(195,'375.0','2016-09-04','','True','False','17');
INSERT INTO "npe01__OppPayment__c" VALUES(196,'1050.0','2021-11-11','','True','False','260');
INSERT INTO "npe01__OppPayment__c" VALUES(197,'190.0','2021-11-12','','True','False','261');
INSERT INTO "npe01__OppPayment__c" VALUES(198,'45.0','','','False','True','262');
INSERT INTO "npe01__OppPayment__c" VALUES(199,'100.0','2021-11-11','','True','False','263');
INSERT INTO "npe01__OppPayment__c" VALUES(200,'502.0','2017-12-11','','True','False','104');
INSERT INTO "npe01__OppPayment__c" VALUES(201,'537.0','2016-05-31','','True','False','42');
INSERT INTO "npe01__OppPayment__c" VALUES(202,'338.0','2016-08-31','','True','False','131');
INSERT INTO "npe01__OppPayment__c" VALUES(203,'546.0','2017-04-10','','True','False','132');
INSERT INTO "npe01__OppPayment__c" VALUES(204,'316.0','2018-10-07','','True','False','133');
INSERT INTO "npe01__OppPayment__c" VALUES(205,'750.0','2017-09-03','','True','False','136');
INSERT INTO "npe01__OppPayment__c" VALUES(206,'976.0','2016-06-01','','True','False','137');
INSERT INTO "npe01__OppPayment__c" VALUES(207,'22.0','2016-03-06','','True','False','138');
INSERT INTO "npe01__OppPayment__c" VALUES(208,'627.0','2018-10-08','','True','False','139');
INSERT INTO "npe01__OppPayment__c" VALUES(209,'965.0','2018-01-01','','True','False','140');
INSERT INTO "npe01__OppPayment__c" VALUES(210,'116.0','2018-05-15','','True','False','141');
INSERT INTO "npe01__OppPayment__c" VALUES(211,'260.0','2018-12-06','','True','False','142');
INSERT INTO "npe01__OppPayment__c" VALUES(212,'218.0','2018-11-23','','True','False','43');
INSERT INTO "npe01__OppPayment__c" VALUES(213,'365.0','2018-08-07','','True','False','143');
INSERT INTO "npe01__OppPayment__c" VALUES(214,'550.0','2018-06-25','','True','False','144');
INSERT INTO "npe01__OppPayment__c" VALUES(215,'13.1','2016-08-02','','False','False','145');
INSERT INTO "npe01__OppPayment__c" VALUES(216,'502.0','2021-08-04','','True','False','272');
INSERT INTO "npe01__OppPayment__c" VALUES(217,'312.0','2021-07-03','','True','False','273');
INSERT INTO "npe01__OppPayment__c" VALUES(218,'89.0','2021-11-26','','True','False','270');
INSERT INTO "npe01__OppPayment__c" VALUES(219,'34.0','2021-11-26','','True','False','271');
INSERT INTO "npe01__OppPayment__c" VALUES(220,'25.0','2021-11-25','','True','False','274');
INSERT INTO "npe01__OppPayment__c" VALUES(221,'22.0','2021-12-02','','True','False','275');
INSERT INTO "npe01__OppPayment__c" VALUES(222,'235.0','','','False','True','276');
INSERT INTO "npe01__OppPayment__c" VALUES(223,'55.0','2021-11-27','','True','False','264');
INSERT INTO "npe01__OppPayment__c" VALUES(224,'960.0','2021-11-27','','True','False','265');
INSERT INTO "npe01__OppPayment__c" VALUES(225,'321.0','2021-11-19','','True','False','266');
INSERT INTO "npe01__OppPayment__c" VALUES(226,'350.0','2021-11-12','','True','False','267');
INSERT INTO "npe01__OppPayment__c" VALUES(227,'498.0','2021-11-17','','True','False','268');
INSERT INTO "npe01__OppPayment__c" VALUES(228,'111.0','2021-11-17','','True','False','269');
INSERT INTO "npe01__OppPayment__c" VALUES(229,'46.0','2021-07-06','','True','False','250');
INSERT INTO "npe01__OppPayment__c" VALUES(230,'16.0','2021-09-01','','True','False','251');
INSERT INTO "npe01__OppPayment__c" VALUES(231,'71.0','2021-09-03','','True','False','249');
INSERT INTO "npe01__OppPayment__c" VALUES(232,'280.0','2021-11-17','','True','False','252');
INSERT INTO "npe01__OppPayment__c" VALUES(233,'45.0','2021-11-17','','True','False','337');
INSERT INTO "npe01__OppPayment__c" VALUES(234,'73.0','2021-11-12','','True','False','338');
INSERT INTO "npe01__OppPayment__c" VALUES(235,'434.0','2021-11-22','','True','False','336');
INSERT INTO "npe01__OppPayment__c" VALUES(236,'500.0','2021-11-24','','True','False','335');
INSERT INTO "npe01__OppPayment__c" VALUES(237,'444.0','2021-12-25','','True','False','342');
INSERT INTO "npe01__OppPayment__c" VALUES(238,'77.0','2021-09-30','','True','False','339');
INSERT INTO "npe01__OppPayment__c" VALUES(239,'508.0','2021-08-30','','True','False','340');
INSERT INTO "npe01__OppPayment__c" VALUES(240,'400.0','','','False','True','341');
INSERT INTO "npe01__OppPayment__c" VALUES(241,'700.0','2021-11-26','','True','False','329');
INSERT INTO "npe01__OppPayment__c" VALUES(242,'14.0','2021-10-31','','True','False','330');
INSERT INTO "npe01__OppPayment__c" VALUES(243,'56.0','2021-12-13','','True','False','328');
INSERT INTO "npe01__OppPayment__c" VALUES(244,'99.0','2021-11-03','','True','False','331');
INSERT INTO "npe01__OppPayment__c" VALUES(245,'667.0','2021-10-19','','True','False','334');
INSERT INTO "npe01__OppPayment__c" VALUES(246,'89.0','2021-11-07','','True','False','332');
INSERT INTO "npe01__OppPayment__c" VALUES(247,'445.0','2021-09-14','','True','False','333');
INSERT INTO "npe01__OppPayment__c" VALUES(248,'123.0','2021-11-18','','True','False','324');
INSERT INTO "npe01__OppPayment__c" VALUES(249,'88.0','2021-12-11','','True','False','323');
INSERT INTO "npe01__OppPayment__c" VALUES(250,'156.0','2021-09-28','','True','False','322');
INSERT INTO "npe01__OppPayment__c" VALUES(251,'2345.0','2021-12-11','','True','False','321');
INSERT INTO "npe01__OppPayment__c" VALUES(252,'120.0','2021-11-25','','True','False','325');
INSERT INTO "npe01__OppPayment__c" VALUES(253,'400.0','','2021-11-26','False','False','327');
INSERT INTO "npe01__OppPayment__c" VALUES(254,'150.0','','2021-11-11','False','False','326');
INSERT INTO "npe01__OppPayment__c" VALUES(255,'785.0','2021-11-30','','True','False','316');
INSERT INTO "npe01__OppPayment__c" VALUES(256,'70.0','2021-12-31','','True','False','313');
INSERT INTO "npe01__OppPayment__c" VALUES(257,'534.0','2021-11-20','','True','False','314');
INSERT INTO "npe01__OppPayment__c" VALUES(258,'568.0','','2021-11-02','False','False','315');
INSERT INTO "npe01__OppPayment__c" VALUES(259,'75.0','','2022-04-15','False','False','304');
INSERT INTO "npe01__OppPayment__c" VALUES(260,'75.0','','2022-05-15','False','False','305');
INSERT INTO "npe01__OppPayment__c" VALUES(261,'75.0','','2022-06-15','False','False','306');
INSERT INTO "npe01__OppPayment__c" VALUES(262,'75.0','','2022-07-15','False','False','307');
INSERT INTO "npe01__OppPayment__c" VALUES(263,'75.0','','2022-08-15','False','False','308');
INSERT INTO "npe01__OppPayment__c" VALUES(264,'75.0','','2022-09-15','False','False','309');
INSERT INTO "npe01__OppPayment__c" VALUES(265,'75.0','','2022-10-15','False','False','310');
INSERT INTO "npe01__OppPayment__c" VALUES(266,'675.0','2021-11-03','','True','False','311');
INSERT INTO "npe01__OppPayment__c" VALUES(267,'100.0','','','False','True','312');
INSERT INTO "npe01__OppPayment__c" VALUES(268,'75.0','','2020-01-15','False','False','277');
INSERT INTO "npe01__OppPayment__c" VALUES(269,'75.0','','2020-02-15','False','False','278');
INSERT INTO "npe01__OppPayment__c" VALUES(270,'75.0','','2020-03-15','False','False','279');
INSERT INTO "npe01__OppPayment__c" VALUES(271,'75.0','','2020-04-15','False','False','280');
INSERT INTO "npe01__OppPayment__c" VALUES(272,'75.0','','2020-05-15','False','False','281');
INSERT INTO "npe01__OppPayment__c" VALUES(273,'75.0','','2020-06-15','False','False','282');
INSERT INTO "npe01__OppPayment__c" VALUES(274,'75.0','','2020-07-15','False','False','283');
INSERT INTO "npe01__OppPayment__c" VALUES(275,'75.0','','2020-08-15','False','False','284');
INSERT INTO "npe01__OppPayment__c" VALUES(276,'75.0','','2020-09-15','False','False','285');
INSERT INTO "npe01__OppPayment__c" VALUES(277,'75.0','','2020-10-15','False','False','286');
INSERT INTO "npe01__OppPayment__c" VALUES(278,'75.0','','2020-11-15','False','False','287');
INSERT INTO "npe01__OppPayment__c" VALUES(279,'75.0','','2020-12-15','False','False','288');
INSERT INTO "npe01__OppPayment__c" VALUES(280,'75.0','','2021-01-15','False','False','289');
INSERT INTO "npe01__OppPayment__c" VALUES(281,'75.0','','2021-02-15','False','False','290');
INSERT INTO "npe01__OppPayment__c" VALUES(282,'75.0','','2021-03-15','False','False','291');
INSERT INTO "npe01__OppPayment__c" VALUES(283,'75.0','','2021-04-15','False','False','292');
INSERT INTO "npe01__OppPayment__c" VALUES(284,'75.0','','2021-05-15','False','False','293');
INSERT INTO "npe01__OppPayment__c" VALUES(285,'75.0','','2021-06-15','False','False','294');
INSERT INTO "npe01__OppPayment__c" VALUES(286,'75.0','','2021-07-15','False','False','295');
INSERT INTO "npe01__OppPayment__c" VALUES(287,'75.0','','2021-08-15','False','False','296');
INSERT INTO "npe01__OppPayment__c" VALUES(288,'75.0','','2021-09-15','False','False','297');
INSERT INTO "npe01__OppPayment__c" VALUES(289,'75.0','','2021-10-15','False','False','298');
INSERT INTO "npe01__OppPayment__c" VALUES(290,'75.0','','2021-11-15','False','False','299');
INSERT INTO "npe01__OppPayment__c" VALUES(291,'75.0','','2021-12-15','False','False','300');
INSERT INTO "npe01__OppPayment__c" VALUES(292,'75.0','','2022-01-15','False','False','301');
INSERT INTO "npe01__OppPayment__c" VALUES(293,'75.0','','2022-02-15','False','False','302');
INSERT INTO "npe01__OppPayment__c" VALUES(294,'75.0','','2022-03-15','False','False','303');
INSERT INTO "npe01__OppPayment__c" VALUES(295,'165.0','2021-11-01','','True','False','24');
INSERT INTO "npe01__OppPayment__c" VALUES(296,'790.0','2021-11-11','','True','False','26');
INSERT INTO "npe01__OppPayment__c" VALUES(297,'75.0','2019-07-15','','True','False','1');
INSERT INTO "npe01__OppPayment__c" VALUES(298,'492.0','2018-09-09','','True','False','4');
INSERT INTO "npe01__OppPayment__c" VALUES(299,'892.0','2018-10-25','','True','False','5');
INSERT INTO "npe01__OppPayment__c" VALUES(300,'798.0','2017-05-13','','True','False','6');
INSERT INTO "npe01__OppPayment__c" VALUES(301,'75.0','2019-12-15','','True','False','2');
INSERT INTO "npe01__OppPayment__c" VALUES(302,'820.0','2018-01-26','','True','False','3');
INSERT INTO "npe01__OppPayment__c" VALUES(303,'265.0','2016-04-17','','True','False','7');
INSERT INTO "npe01__OppPayment__c" VALUES(304,'934.0','2018-04-23','','True','False','8');
INSERT INTO "npe01__OppPayment__c" VALUES(305,'599.0','2016-11-23','','True','False','9');
INSERT INTO "npe01__OppPayment__c" VALUES(306,'538.0','2018-10-03','','True','False','10');
INSERT INTO "npe01__OppPayment__c" VALUES(307,'993.0','2016-04-21','','True','False','11');
INSERT INTO "npe01__OppPayment__c" VALUES(308,'4.0','2017-04-22','','True','False','12');
INSERT INTO "npe01__OppPayment__c" VALUES(309,'272.0','2016-12-10','','True','False','13');
INSERT INTO "npe01__OppPayment__c" VALUES(310,'261.0','2018-06-06','','True','False','14');
INSERT INTO "npe01__OppPayment__c" VALUES(311,'921.0','2018-05-04','','True','False','15');
INSERT INTO "npe01__OppPayment__c" VALUES(312,'190.0','2021-09-11','','True','False','25');
INSERT INTO "npe01__OppPayment__c" VALUES(313,'44.0','2021-12-23','','True','False','23');
INSERT INTO "npe01__OppPayment__c" VALUES(314,'375.0','2016-09-04','','True','False','17');
INSERT INTO "npe01__OppPayment__c" VALUES(315,'698.0','2016-03-23','','True','False','18');
INSERT INTO "npe01__OppPayment__c" VALUES(316,'892.0','2017-04-20','','True','False','19');
INSERT INTO "npe01__OppPayment__c" VALUES(317,'830.0','2017-01-05','','True','False','21');
INSERT INTO "npe01__OppPayment__c" VALUES(318,'656.0','2018-01-15','','True','False','22');
INSERT INTO "npe01__OppPayment__c" VALUES(319,'250.0','2021-11-10','','True','False','29');
INSERT INTO "npe01__OppPayment__c" VALUES(320,'330.0','2021-05-22','','True','False','28');
INSERT INTO "npe01__OppPayment__c" VALUES(321,'543.0','2021-12-04','','True','False','30');
INSERT INTO "npe01__OppPayment__c" VALUES(322,'130.0','2021-11-20','','True','False','32');
INSERT INTO "npe01__OppPayment__c" VALUES(323,'40.0','','2021-11-19','False','False','33');
INSERT INTO "npe01__OppPayment__c" VALUES(324,'436.0','','2021-11-05','False','False','34');
INSERT INTO "npe01__OppPayment__c" VALUES(325,'33.0','2021-11-30','','True','False','27');
INSERT INTO "npe01__OppPayment__c" VALUES(326,'666.0','2021-11-19','','True','False','31');
INSERT INTO "npe01__OppPayment__c" VALUES(327,'550.0','2018-06-25','','True','False','144');
INSERT INTO "npe01__OppPayment__c" VALUES(328,'631.0','2016-07-21','','True','False','146');
INSERT INTO "npe01__OppPayment__c" VALUES(329,'970.0','2018-09-15','','True','False','147');
INSERT INTO "npe01__OppPayment__c" VALUES(330,'59.0','2018-06-07','','True','False','148');
INSERT INTO "npe01__OppPayment__c" VALUES(331,'253.0','2018-11-20','','True','False','149');
INSERT INTO "npe01__OppPayment__c" VALUES(332,'421.0','2016-04-23','','True','False','150');
INSERT INTO "npe01__OppPayment__c" VALUES(333,'743.0','2018-09-03','','True','False','151');
INSERT INTO "npe01__OppPayment__c" VALUES(334,'37.0','2017-11-19','','True','False','152');
INSERT INTO "npe01__OppPayment__c" VALUES(335,'813.0','2017-04-10','','True','False','158');
INSERT INTO "npe01__OppPayment__c" VALUES(336,'557.0','2017-12-02','','True','False','159');
INSERT INTO "npe01__OppPayment__c" VALUES(337,'926.0','2018-11-10','','True','False','160');
INSERT INTO "npe01__OppPayment__c" VALUES(338,'13.0','2018-02-28','','True','False','161');
INSERT INTO "npe01__OppPayment__c" VALUES(339,'609.0','2016-12-18','','True','False','162');
INSERT INTO "npe01__OppPayment__c" VALUES(340,'962.0','2018-01-28','','True','False','163');
INSERT INTO "npe01__OppPayment__c" VALUES(341,'204.0','2017-12-25','','True','False','164');
INSERT INTO "npe01__OppPayment__c" VALUES(342,'153.0','2017-06-01','','True','False','165');
INSERT INTO "npe01__OppPayment__c" VALUES(343,'89.0','2018-01-23','','True','False','166');
INSERT INTO "npe01__OppPayment__c" VALUES(344,'331.0','2018-01-26','','True','False','167');
INSERT INTO "npe01__OppPayment__c" VALUES(345,'842.0','2017-07-29','','True','False','168');
INSERT INTO "npe01__OppPayment__c" VALUES(346,'736.0','2016-09-14','','True','False','169');
INSERT INTO "npe01__OppPayment__c" VALUES(347,'978.0','2016-03-20','','True','False','170');
INSERT INTO "npe01__OppPayment__c" VALUES(348,'927.0','2017-04-24','','True','False','171');
INSERT INTO "npe01__OppPayment__c" VALUES(349,'321.0','2016-05-17','','True','False','172');
INSERT INTO "npe01__OppPayment__c" VALUES(350,'282.0','2016-02-04','','True','False','173');
INSERT INTO "npe01__OppPayment__c" VALUES(351,'750.0','2016-02-21','','True','False','174');
INSERT INTO "npe01__OppPayment__c" VALUES(352,'996.0','2016-06-16','','True','False','175');
INSERT INTO "npe01__OppPayment__c" VALUES(353,'146.0','2017-11-27','','True','False','153');
INSERT INTO "npe01__OppPayment__c" VALUES(354,'657.0','2016-09-08','','True','False','154');
INSERT INTO "npe01__OppPayment__c" VALUES(355,'36.0','2016-09-02','','True','False','155');
INSERT INTO "npe01__OppPayment__c" VALUES(356,'536.0','2019-01-14','','True','False','176');
INSERT INTO "npe01__OppPayment__c" VALUES(357,'756.0','2018-11-10','','True','False','177');
INSERT INTO "npe01__OppPayment__c" VALUES(358,'119.0','2018-04-03','','True','False','178');
INSERT INTO "npe01__OppPayment__c" VALUES(359,'309.0','2016-11-01','','True','False','179');
INSERT INTO "npe01__OppPayment__c" VALUES(360,'230.0','2017-10-06','','True','False','180');
INSERT INTO "npe01__OppPayment__c" VALUES(361,'118.0','2017-04-18','','True','False','181');
INSERT INTO "npe01__OppPayment__c" VALUES(362,'557.0','2018-01-07','','True','False','183');
INSERT INTO "npe01__OppPayment__c" VALUES(363,'642.0','2018-02-08','','True','False','184');
INSERT INTO "npe01__OppPayment__c" VALUES(364,'289.0','','2021-11-10','False','False','243');
INSERT INTO "npe01__OppPayment__c" VALUES(365,'55.0','','','False','True','244');
INSERT INTO "npe01__OppPayment__c" VALUES(366,'80.0','','2021-11-09','False','False','245');
INSERT INTO "npe01__OppPayment__c" VALUES(367,'23.0','2021-11-10','','True','False','247');
INSERT INTO "npe01__OppPayment__c" VALUES(368,'75.0','2019-03-15','','True','False','236');
INSERT INTO "npe01__OppPayment__c" VALUES(369,'75.0','2019-08-15','','True','False','60');
INSERT INTO "npe01__OppPayment__c" VALUES(370,'75.0','2019-09-15','','True','False','61');
INSERT INTO "npe01__OppPayment__c" VALUES(371,'75.0','2019-10-15','','True','False','62');
INSERT INTO "npe01__OppPayment__c" VALUES(372,'75.0','2019-11-15','','True','False','63');
INSERT INTO "npe01__OppPayment__c" VALUES(373,'75.0','2019-05-15','','True','False','64');
INSERT INTO "npe01__OppPayment__c" VALUES(374,'75.0','2019-06-15','','True','False','65');
INSERT INTO "npe01__OppPayment__c" VALUES(375,'75.0','2019-04-15','','True','False','59');
INSERT INTO "npe01__OppPayment__c" VALUES(376,'575.0','2021-11-10','','True','False','66');
INSERT INTO "npe01__OppPayment__c" VALUES(377,'501.0','2016-11-30','','True','False','187');
INSERT INTO "npe01__OppPayment__c" VALUES(378,'998.0','2017-08-18','','True','False','188');
INSERT INTO "npe01__OppPayment__c" VALUES(379,'338.0','2017-01-01','','True','False','189');
INSERT INTO "npe01__OppPayment__c" VALUES(380,'737.0','2018-12-15','','True','False','190');
INSERT INTO "npe01__OppPayment__c" VALUES(381,'410.0','2018-04-12','','True','False','191');
INSERT INTO "npe01__OppPayment__c" VALUES(382,'782.0','2017-04-19','','True','False','185');
INSERT INTO "npe01__OppPayment__c" VALUES(383,'409.0','2017-05-21','','True','False','186');
INSERT INTO "npe01__OppPayment__c" VALUES(384,'202.0','2018-10-16','','True','False','192');
INSERT INTO "npe01__OppPayment__c" VALUES(385,'997.0','2019-01-29','','True','False','193');
INSERT INTO "npe01__OppPayment__c" VALUES(386,'609.0','2016-06-09','','True','False','194');
INSERT INTO "npe01__OppPayment__c" VALUES(387,'483.0','2016-06-11','','True','False','40');
INSERT INTO "npe01__OppPayment__c" VALUES(388,'151.0','2018-02-20','','True','False','41');
INSERT INTO "npe01__OppPayment__c" VALUES(389,'537.0','2016-05-31','','True','False','42');
INSERT INTO "npe01__OppPayment__c" VALUES(390,'177.0','2018-11-23','','True','False','35');
INSERT INTO "npe01__OppPayment__c" VALUES(391,'218.0','2018-11-23','','True','False','43');
INSERT INTO "npe01__OppPayment__c" VALUES(392,'208.0','2018-01-20','','True','False','36');
INSERT INTO "npe01__OppPayment__c" VALUES(393,'553.0','2017-10-15','','True','False','37');
INSERT INTO "npe01__OppPayment__c" VALUES(394,'565.0','2018-09-06','','True','False','38');
INSERT INTO "npe01__OppPayment__c" VALUES(395,'310.0','2018-02-02','','True','False','39');
INSERT INTO "npe01__OppPayment__c" VALUES(396,'376.0','2018-10-13','','True','False','44');
INSERT INTO "npe01__OppPayment__c" VALUES(397,'507.0','2017-04-23','','True','False','198');
INSERT INTO "npe01__OppPayment__c" VALUES(398,'976.0','2017-11-07','','True','False','199');
INSERT INTO "npe01__OppPayment__c" VALUES(399,'973.0','2017-11-20','','True','False','200');
INSERT INTO "npe01__OppPayment__c" VALUES(400,'837.0','2018-03-22','','True','False','201');
INSERT INTO "npe01__OppPayment__c" VALUES(401,'871.0','2018-09-25','','True','False','202');
INSERT INTO "npe01__OppPayment__c" VALUES(402,'504.0','2017-06-15','','True','False','203');
INSERT INTO "npe01__OppPayment__c" VALUES(403,'234.0','2017-12-20','','True','False','204');
INSERT INTO "npe01__OppPayment__c" VALUES(404,'952.0','2018-06-15','','True','False','195');
INSERT INTO "npe01__OppPayment__c" VALUES(405,'734.0','2017-02-01','','True','False','196');
INSERT INTO "npe01__OppPayment__c" VALUES(406,'762.0','2016-03-31','','True','False','205');
INSERT INTO "npe01__OppPayment__c" VALUES(407,'357.0','2017-10-24','','True','False','206');
INSERT INTO "npe01__OppPayment__c" VALUES(408,'992.0','2018-02-28','','True','False','207');
INSERT INTO "npe01__OppPayment__c" VALUES(409,'666.0','2016-07-19','','True','False','208');
INSERT INTO "npe01__OppPayment__c" VALUES(410,'128.0','2017-04-22','','True','False','209');
INSERT INTO "npe01__OppPayment__c" VALUES(411,'111.0','2016-10-31','','True','False','210');
INSERT INTO "npe01__OppPayment__c" VALUES(412,'719.0','2016-06-10','','True','False','211');
INSERT INTO "npe01__OppPayment__c" VALUES(413,'22.0','2018-06-07','','True','False','212');
INSERT INTO "npe01__OppPayment__c" VALUES(414,'844.0','2017-05-30','','True','False','213');
INSERT INTO "npe01__OppPayment__c" VALUES(415,'989.0','2017-10-02','','True','False','214');
INSERT INTO "npe01__OppPayment__c" VALUES(416,'368.0','2017-09-04','','True','False','215');
INSERT INTO "npe01__OppPayment__c" VALUES(417,'896.0','2016-03-07','','True','False','216');
INSERT INTO "npe01__OppPayment__c" VALUES(418,'108.0','2018-07-01','','True','False','217');
INSERT INTO "npe01__OppPayment__c" VALUES(419,'911.0','2017-08-17','','True','False','218');
INSERT INTO "npe01__OppPayment__c" VALUES(420,'834.0','2017-04-08','','True','False','219');
INSERT INTO "npe01__OppPayment__c" VALUES(421,'45.0','2016-12-31','','True','False','220');
INSERT INTO "npe01__OppPayment__c" VALUES(422,'99.0','2017-11-25','','True','False','221');
INSERT INTO "npe01__OppPayment__c" VALUES(423,'971.0','2016-10-07','','True','False','222');
INSERT INTO "npe01__OppPayment__c" VALUES(424,'639.0','2018-08-19','','True','False','223');
INSERT INTO "npe01__OppPayment__c" VALUES(425,'919.0','2018-01-13','','True','False','224');
INSERT INTO "npe01__OppPayment__c" VALUES(426,'476.0','2016-03-22','','True','False','225');
INSERT INTO "npe01__OppPayment__c" VALUES(427,'321.0','2017-03-19','','True','False','226');
INSERT INTO "npe01__OppPayment__c" VALUES(428,'839.0','2018-11-11','','True','False','227');
INSERT INTO "npe01__OppPayment__c" VALUES(429,'451.0','2018-06-22','','True','False','228');
INSERT INTO "npe01__OppPayment__c" VALUES(430,'236.0','2019-01-18','','True','False','229');
INSERT INTO "npe01__OppPayment__c" VALUES(431,'585.0','2018-08-25','','True','False','230');
INSERT INTO "npe01__OppPayment__c" VALUES(432,'546.0','2017-08-29','','True','False','231');
INSERT INTO "npe01__OppPayment__c" VALUES(433,'329.0','2018-09-18','','True','False','233');
INSERT INTO "npe01__OppPayment__c" VALUES(434,'75.0','2019-01-15','','True','False','234');
INSERT INTO "npe01__OppPayment__c" VALUES(435,'75.0','2019-02-15','','True','False','235');
INSERT INTO "npe01__OppPayment__c" VALUES(436,'100.0','','','False','True','67');
INSERT INTO "npe01__OppPayment__c" VALUES(437,'233.0','2021-10-12','','True','False','238');
INSERT INTO "npe01__OppPayment__c" VALUES(438,'290.0','2021-09-08','','True','False','239');
INSERT INTO "npe01__OppPayment__c" VALUES(439,'7164.0','2016-03-09','','True','False','49');
INSERT INTO "npe01__OppPayment__c" VALUES(440,'6989.0','2018-08-29','','True','False','50');
INSERT INTO "npe01__OppPayment__c" VALUES(441,'181.0','2016-12-04','','True','False','52');
INSERT INTO "npe01__OppPayment__c" VALUES(442,'3422.0','2017-01-31','','True','False','53');
INSERT INTO "npe01__OppPayment__c" VALUES(443,'2434.0','2016-11-02','','True','False','54');
INSERT INTO "npe01__OppPayment__c" VALUES(444,'457.0','2017-08-27','','True','False','55');
INSERT INTO "npe01__OppPayment__c" VALUES(445,'13.0','2017-01-19','','True','False','56');
INSERT INTO "npe01__OppPayment__c" VALUES(446,'234.0','2017-11-04','','True','False','57');
INSERT INTO "npe01__OppPayment__c" VALUES(447,'84.0','2016-05-05','','True','False','58');
INSERT INTO "npe01__OppPayment__c" VALUES(448,'952.0','2018-11-16','','True','False','68');
INSERT INTO "npe01__OppPayment__c" VALUES(449,'3.0','2017-04-20','','True','False','69');
INSERT INTO "npe01__OppPayment__c" VALUES(450,'521.0','2016-09-22','','True','False','70');
INSERT INTO "npe01__OppPayment__c" VALUES(451,'5297.0','2017-11-27','','True','False','46');
INSERT INTO "npe01__OppPayment__c" VALUES(452,'6258.0','2016-07-24','','True','False','47');
INSERT INTO "npe01__OppPayment__c" VALUES(453,'2804.0','2016-03-12','','True','False','48');
INSERT INTO "npe01__OppPayment__c" VALUES(454,'567.0','2016-02-26','','True','False','71');
INSERT INTO "npe01__OppPayment__c" VALUES(455,'744.0','2018-04-26','','True','False','72');
INSERT INTO "npe01__OppPayment__c" VALUES(456,'619.0','2016-09-11','','True','False','73');
INSERT INTO "npe01__OppPayment__c" VALUES(457,'3738.0','2017-08-02','','True','False','74');
INSERT INTO "npe01__OppPayment__c" VALUES(458,'6351.0','2017-12-29','','True','False','75');
INSERT INTO "npe01__OppPayment__c" VALUES(459,'2233.0','2017-05-18','','True','False','76');
INSERT INTO "npe01__OppPayment__c" VALUES(460,'3361.0','2016-09-08','','True','False','77');
INSERT INTO "npe01__OppPayment__c" VALUES(461,'3124.0','2018-05-15','','True','False','78');
INSERT INTO "npe01__OppPayment__c" VALUES(462,'1824.0','2017-07-30','','True','False','80');
INSERT INTO "npe01__OppPayment__c" VALUES(463,'4670.0','2016-09-17','','True','False','81');
INSERT INTO "npe01__OppPayment__c" VALUES(464,'5400.0','2017-03-22','','True','False','82');
INSERT INTO "npe01__OppPayment__c" VALUES(465,'9404.0','2016-02-15','','True','False','83');
INSERT INTO "npe01__OppPayment__c" VALUES(466,'504.0','2017-03-01','','True','False','84');
INSERT INTO "npe01__OppPayment__c" VALUES(467,'109.0','2019-02-07','','True','False','85');
INSERT INTO "npe01__OppPayment__c" VALUES(468,'479.0','2017-08-07','','True','False','86');
INSERT INTO "npe01__OppPayment__c" VALUES(469,'270.0','2016-10-28','','True','False','87');
INSERT INTO "npe01__OppPayment__c" VALUES(470,'31.0','2019-01-20','','True','False','88');
INSERT INTO "npe01__OppPayment__c" VALUES(471,'157.0','2018-04-24','','True','False','89');
INSERT INTO "npe01__OppPayment__c" VALUES(472,'31.0','2017-09-28','','True','False','90');
INSERT INTO "npe01__OppPayment__c" VALUES(473,'836.0','2019-01-12','','True','False','91');
INSERT INTO "npe01__OppPayment__c" VALUES(474,'984.0','2016-03-20','','True','False','92');
INSERT INTO "npe01__OppPayment__c" VALUES(475,'862.0','2017-08-04','','True','False','93');
INSERT INTO "npe01__OppPayment__c" VALUES(476,'433.0','2018-01-22','','True','False','94');
INSERT INTO "npe01__OppPayment__c" VALUES(477,'794.0','2018-05-02','','True','False','95');
INSERT INTO "npe01__OppPayment__c" VALUES(478,'6.0','2018-04-27','','True','False','96');
INSERT INTO "npe01__OppPayment__c" VALUES(479,'87.0','2017-07-30','','True','False','97');
INSERT INTO "npe01__OppPayment__c" VALUES(480,'641.0','2018-10-05','','True','False','98');
INSERT INTO "npe01__OppPayment__c" VALUES(481,'29.0','2017-04-01','','True','False','99');
INSERT INTO "npe01__OppPayment__c" VALUES(482,'915.0','2016-07-21','','True','False','100');
INSERT INTO "npe01__OppPayment__c" VALUES(483,'907.0','2018-12-19','','True','False','101');
INSERT INTO "npe01__OppPayment__c" VALUES(484,'905.0','2017-09-13','','True','False','102');
INSERT INTO "npe01__OppPayment__c" VALUES(485,'957.0','2016-11-01','','True','False','103');
INSERT INTO "npe01__OppPayment__c" VALUES(486,'2909.0','2018-05-16','','True','False','79');
INSERT INTO "npe01__OppPayment__c" VALUES(487,'502.0','2017-12-11','','True','False','104');
INSERT INTO "npe01__OppPayment__c" VALUES(488,'635.0','2018-05-04','','True','False','105');
INSERT INTO "npe01__OppPayment__c" VALUES(489,'547.0','2017-09-16','','True','False','106');
INSERT INTO "npe01__OppPayment__c" VALUES(490,'235.0','2017-07-08','','True','False','107');
INSERT INTO "npe01__OppPayment__c" VALUES(491,'514.0','2017-08-28','','True','False','108');
INSERT INTO "npe01__OppPayment__c" VALUES(492,'70.0','2018-07-06','','True','False','109');
INSERT INTO "npe01__OppPayment__c" VALUES(493,'401.0','2016-04-13','','True','False','110');
INSERT INTO "npe01__OppPayment__c" VALUES(494,'466.0','2016-12-10','','True','False','111');
INSERT INTO "npe01__OppPayment__c" VALUES(495,'344.0','2018-01-07','','True','False','112');
INSERT INTO "npe01__OppPayment__c" VALUES(496,'110.0','2017-05-08','','True','False','113');
INSERT INTO "npe01__OppPayment__c" VALUES(497,'782.0','2017-03-21','','True','False','114');
INSERT INTO "npe01__OppPayment__c" VALUES(498,'449.0','2016-10-17','','True','False','121');
INSERT INTO "npe01__OppPayment__c" VALUES(499,'643.0','2017-09-26','','True','False','122');
INSERT INTO "npe01__OppPayment__c" VALUES(500,'127.0','2018-12-13','','True','False','123');
INSERT INTO "npe01__OppPayment__c" VALUES(501,'377.0','2018-06-16','','True','False','124');
INSERT INTO "npe01__OppPayment__c" VALUES(502,'654.0','2016-03-02','','True','False','125');
INSERT INTO "npe01__OppPayment__c" VALUES(503,'926.0','2017-01-18','','True','False','126');
INSERT INTO "npe01__OppPayment__c" VALUES(504,'838.0','2017-07-29','','True','False','127');
INSERT INTO "npe01__OppPayment__c" VALUES(505,'46.0','2018-07-03','','True','False','128');
INSERT INTO "npe01__OppPayment__c" VALUES(506,'440.0','2016-12-12','','True','False','129');
INSERT INTO "npe01__OppPayment__c" VALUES(507,'353.0','2018-07-09','','True','False','130');
INSERT INTO "npe01__OppPayment__c" VALUES(508,'338.0','2016-08-31','','True','False','131');
INSERT INTO "npe01__OppPayment__c" VALUES(509,'546.0','2017-04-10','','True','False','132');
INSERT INTO "npe01__OppPayment__c" VALUES(510,'316.0','2018-10-07','','True','False','133');
INSERT INTO "npe01__OppPayment__c" VALUES(511,'409.0','2017-03-29','','True','False','134');
INSERT INTO "npe01__OppPayment__c" VALUES(512,'858.0','2018-03-05','','True','False','135');
INSERT INTO "npe01__OppPayment__c" VALUES(513,'750.0','2017-09-03','','True','False','136');
INSERT INTO "npe01__OppPayment__c" VALUES(514,'976.0','2016-06-01','','True','False','137');
INSERT INTO "npe01__OppPayment__c" VALUES(515,'22.0','2016-03-06','','True','False','138');
INSERT INTO "npe01__OppPayment__c" VALUES(516,'627.0','2018-10-08','','True','False','139');
INSERT INTO "npe01__OppPayment__c" VALUES(517,'965.0','2018-01-01','','True','False','140');
INSERT INTO "npe01__OppPayment__c" VALUES(518,'116.0','2018-05-15','','True','False','141');
INSERT INTO "npe01__OppPayment__c" VALUES(519,'260.0','2018-12-06','','True','False','142');
INSERT INTO "npe01__OppPayment__c" VALUES(520,'365.0','2018-08-07','','True','False','143');
INSERT INTO "npe01__OppPayment__c" VALUES(521,'867.0','2021-09-16','','True','False','240');
INSERT INTO "npe01__OppPayment__c" VALUES(522,'974.0','2017-07-18','','True','False','119');
INSERT INTO "npe01__OppPayment__c" VALUES(523,'314.0','2018-12-27','','True','False','115');
INSERT INTO "npe01__OppPayment__c" VALUES(524,'436.0','2019-01-04','','True','False','116');
INSERT INTO "npe01__OppPayment__c" VALUES(525,'157.0','2016-12-28','','True','False','117');
INSERT INTO "npe01__OppPayment__c" VALUES(526,'685.0','2017-08-07','','True','False','118');
INSERT INTO "npe01__OppPayment__c" VALUES(527,'751.0','2019-01-30','','True','False','120');
INSERT INTO "npe01__OppPayment__c" VALUES(528,'111.0','2021-12-04','','True','False','242');
INSERT INTO "npe01__OppPayment__c" VALUES(529,'77.0','2021-12-01','','True','False','248');
INSERT INTO "npe01__OppPayment__c" VALUES(530,'70.0','2018-07-06','','True','False','109');
INSERT INTO "npe01__OppPayment__c" VALUES(531,'905.0','2017-09-13','','True','False','102');
INSERT INTO "npe01__OppPayment__c" VALUES(532,'957.0','2016-11-01','','True','False','103');
INSERT INTO "npe01__OppPayment__c" VALUES(533,'547.0','2017-09-16','','True','False','106');
INSERT INTO "npe01__OppPayment__c" VALUES(534,'235.0','2017-07-08','','True','False','107');
INSERT INTO "npe01__OppPayment__c" VALUES(535,'514.0','2017-08-28','','True','False','108');
INSERT INTO "npe01__OppPayment__c" VALUES(536,'401.0','2016-04-13','','True','False','110');
INSERT INTO "npe01__OppPayment__c" VALUES(537,'1000.0','2021-11-12','','True','False','246');
INSERT INTO "npe01__OppPayment__c" VALUES(538,'436.0','2019-01-04','','True','False','116');
INSERT INTO "npe01__OppPayment__c" VALUES(539,'157.0','2016-12-28','','True','False','117');
INSERT INTO "npe01__OppPayment__c" VALUES(540,'685.0','2017-08-07','','True','False','118');
INSERT INTO "npe01__OppPayment__c" VALUES(541,'974.0','2017-07-18','','True','False','119');
INSERT INTO "npe01__OppPayment__c" VALUES(542,'751.0','2019-01-30','','True','False','120');
INSERT INTO "npe01__OppPayment__c" VALUES(543,'151.0','2018-02-20','','True','False','41');
INSERT INTO "npe01__OppPayment__c" VALUES(544,'449.0','2016-10-17','','True','False','121');
INSERT INTO "npe01__OppPayment__c" VALUES(545,'643.0','2017-09-26','','True','False','122');
INSERT INTO "npe01__OppPayment__c" VALUES(546,'127.0','2018-12-13','','True','False','123');
INSERT INTO "npe01__OppPayment__c" VALUES(547,'377.0','2018-06-16','','True','False','124');
INSERT INTO "npe01__OppPayment__c" VALUES(548,'654.0','2016-03-02','','True','False','125');
INSERT INTO "npe01__OppPayment__c" VALUES(549,'926.0','2017-01-18','','True','False','126');
INSERT INTO "npe01__OppPayment__c" VALUES(550,'838.0','2017-07-29','','True','False','127');
INSERT INTO "npe01__OppPayment__c" VALUES(551,'46.0','2018-07-03','','True','False','128');
INSERT INTO "npe01__OppPayment__c" VALUES(552,'440.0','2016-12-12','','True','False','129');
INSERT INTO "npe01__OppPayment__c" VALUES(553,'353.0','2018-07-09','','True','False','130');
INSERT INTO "npe01__OppPayment__c" VALUES(554,'698.0','2016-03-23','','True','False','18');
INSERT INTO "npe01__OppPayment__c" VALUES(555,'892.0','2017-04-20','','True','False','19');
INSERT INTO "npe01__OppPayment__c" VALUES(556,'8.5','2015-08-30','','False','False','20');
INSERT INTO "npe01__OppPayment__c" VALUES(557,'8.5','2015-09-30','','False','False','20');
INSERT INTO "npe01__OppPayment__c" VALUES(558,'8.5','2015-10-30','','False','False','20');
INSERT INTO "npe01__OppPayment__c" VALUES(559,'8.5','2015-11-30','','False','False','20');
INSERT INTO "npe01__OppPayment__c" VALUES(560,'8.5','2015-12-30','','False','False','20');
INSERT INTO "npe01__OppPayment__c" VALUES(561,'8.5','2016-01-30','','False','False','20');
INSERT INTO "npe01__OppPayment__c" VALUES(562,'8.5','2016-03-01','','False','False','20');
INSERT INTO "npe01__OppPayment__c" VALUES(563,'8.5','2016-03-30','','False','False','20');
INSERT INTO "npe01__OppPayment__c" VALUES(564,'8.5','2016-04-30','','False','False','20');
INSERT INTO "npe01__OppPayment__c" VALUES(565,'8.5','2016-05-30','','False','False','20');
INSERT INTO "npe01__OppPayment__c" VALUES(566,'830.0','2017-01-05','','True','False','21');
INSERT INTO "npe01__OppPayment__c" VALUES(567,'3422.0','2017-01-31','','True','False','53');
INSERT INTO "npe01__OppPayment__c" VALUES(568,'656.0','2018-01-15','','True','False','22');
INSERT INTO "npe01__OppPayment__c" VALUES(569,'75.0','','2020-01-15','False','False','234');
INSERT INTO "npe01__OppPayment__c" VALUES(570,'75.0','','2020-02-15','False','False','235');
INSERT INTO "npe01__OppPayment__c" VALUES(571,'75.0','','2020-03-15','False','False','236');
INSERT INTO "npe01__OppPayment__c" VALUES(572,'75.0','','2020-04-15','False','False','59');
INSERT INTO "npe01__OppPayment__c" VALUES(573,'75.0','','2020-08-15','False','False','60');
INSERT INTO "npe01__OppPayment__c" VALUES(574,'75.0','','2020-09-15','False','False','61');
INSERT INTO "npe01__OppPayment__c" VALUES(575,'75.0','','2020-10-15','False','False','62');
INSERT INTO "npe01__OppPayment__c" VALUES(576,'75.0','','2020-11-15','False','False','63');
INSERT INTO "npe01__OppPayment__c" VALUES(577,'892.0','2018-10-25','','True','False','5');
INSERT INTO "npe01__OppPayment__c" VALUES(578,'798.0','2017-05-13','','True','False','6');
INSERT INTO "npe01__OppPayment__c" VALUES(579,'265.0','2016-04-17','','True','False','7');
INSERT INTO "npe01__OppPayment__c" VALUES(580,'934.0','2018-04-23','','True','False','8');
INSERT INTO "npe01__OppPayment__c" VALUES(581,'599.0','2016-11-23','','True','False','9');
INSERT INTO "npe01__OppPayment__c" VALUES(582,'483.0','2016-06-11','','True','False','40');
INSERT INTO "npe01__OppPayment__c" VALUES(583,'538.0','2018-10-03','','True','False','10');
INSERT INTO "npe01__OppPayment__c" VALUES(584,'409.0','2017-03-29','','True','False','134');
INSERT INTO "npe01__OppPayment__c" VALUES(585,'858.0','2018-03-05','','True','False','135');
INSERT INTO "npe01__OppPayment__c" VALUES(586,'310.0','2018-02-02','','True','False','39');
INSERT INTO "npe01__OppPayment__c" VALUES(587,'466.0','2016-12-10','','True','False','111');
INSERT INTO "npe01__OppPayment__c" VALUES(588,'344.0','2018-01-07','','True','False','112');
INSERT INTO "npe01__OppPayment__c" VALUES(589,'110.0','2017-05-08','','True','False','113');
INSERT INTO "npe01__OppPayment__c" VALUES(590,'820.0','2018-01-26','','True','False','3');
INSERT INTO "npe01__OppPayment__c" VALUES(591,'492.0','2018-09-09','','True','False','4');
INSERT INTO "npe01__OppPayment__c" VALUES(592,'993.0','2016-04-21','','True','False','11');
INSERT INTO "npe01__OppPayment__c" VALUES(593,'4.0','2017-04-22','','True','False','12');
INSERT INTO "npe01__OppPayment__c" VALUES(594,'782.0','2017-03-21','','True','False','114');
INSERT INTO "npe01__OppPayment__c" VALUES(595,'314.0','2018-12-27','','True','False','115');
INSERT INTO "npe01__OppPayment__c" VALUES(596,'2434.0','2016-11-02','','True','False','54');
INSERT INTO "npe01__OppPayment__c" VALUES(597,'75.0','','2020-06-15','False','False','65');
INSERT INTO "npe01__OppPayment__c" VALUES(598,'75.0','','2020-07-15','False','False','1');
INSERT INTO "npe01__OppPayment__c" VALUES(599,'75.0','2019-12-15','','True','False','2');
INSERT INTO "npe01__OppPayment__c" VALUES(600,'457.0','2017-08-27','','True','False','55');
INSERT INTO "npe01__OppPayment__c" VALUES(601,'13.0','2017-01-19','','True','False','56');
INSERT INTO "npe01__OppPayment__c" VALUES(602,'234.0','2017-11-04','','True','False','57');
INSERT INTO "npe01__OppPayment__c" VALUES(603,'84.0','2016-05-05','','True','False','58');
INSERT INTO "npe01__OppPayment__c" VALUES(604,'952.0','2018-11-16','','True','False','68');
INSERT INTO "npe01__OppPayment__c" VALUES(605,'3.0','2017-04-20','','True','False','69');
INSERT INTO "npe01__OppPayment__c" VALUES(606,'521.0','2016-09-22','','True','False','70');
INSERT INTO "npe01__OppPayment__c" VALUES(607,'177.0','2018-11-23','','True','False','35');
INSERT INTO "npe01__OppPayment__c" VALUES(608,'567.0','2016-02-26','','True','False','71');
INSERT INTO "npe01__OppPayment__c" VALUES(609,'75.0','','2020-05-15','False','False','64');
INSERT INTO "npe01__OppPayment__c" VALUES(610,'744.0','2018-04-26','','True','False','72');
INSERT INTO "npe01__OppPayment__c" VALUES(611,'619.0','2016-09-11','','True','False','73');
INSERT INTO "npe01__OppPayment__c" VALUES(612,'3738.0','2017-08-02','','True','False','74');
INSERT INTO "npe01__OppPayment__c" VALUES(613,'6351.0','2017-12-29','','True','False','75');
INSERT INTO "npe01__OppPayment__c" VALUES(614,'2233.0','2017-05-18','','True','False','76');
INSERT INTO "npe01__OppPayment__c" VALUES(615,'3361.0','2016-09-08','','True','False','77');
INSERT INTO "npe01__OppPayment__c" VALUES(616,'3124.0','2018-05-15','','True','False','78');
INSERT INTO "npe01__OppPayment__c" VALUES(617,'2909.0','2018-05-16','','True','False','79');
INSERT INTO "npe01__OppPayment__c" VALUES(618,'1824.0','2017-07-30','','True','False','80');
INSERT INTO "npe01__OppPayment__c" VALUES(619,'208.0','2018-01-20','','True','False','36');
INSERT INTO "npe01__OppPayment__c" VALUES(620,'4670.0','2016-09-17','','True','False','81');
INSERT INTO "npe01__OppPayment__c" VALUES(621,'5400.0','2017-03-22','','True','False','82');
INSERT INTO "npe01__OppPayment__c" VALUES(622,'9404.0','2016-02-15','','True','False','83');
INSERT INTO "npe01__OppPayment__c" VALUES(623,'504.0','2017-03-01','','True','False','84');
INSERT INTO "npe01__OppPayment__c" VALUES(624,'109.0','2019-02-07','','True','False','85');
INSERT INTO "npe01__OppPayment__c" VALUES(625,'479.0','2017-08-07','','True','False','86');
INSERT INTO "npe01__OppPayment__c" VALUES(626,'270.0','2016-10-28','','True','False','87');
INSERT INTO "npe01__OppPayment__c" VALUES(627,'31.0','2019-01-20','','True','False','88');
INSERT INTO "npe01__OppPayment__c" VALUES(628,'157.0','2018-04-24','','True','False','89');
INSERT INTO "npe01__OppPayment__c" VALUES(629,'31.0','2017-09-28','','True','False','90');
INSERT INTO "npe01__OppPayment__c" VALUES(630,'553.0','2017-10-15','','True','False','37');
INSERT INTO "npe01__OppPayment__c" VALUES(631,'836.0','2019-01-12','','True','False','91');
INSERT INTO "npe01__OppPayment__c" VALUES(632,'984.0','2016-03-20','','True','False','92');
INSERT INTO "npe01__OppPayment__c" VALUES(633,'862.0','2017-08-04','','True','False','93');
INSERT INTO "npe01__OppPayment__c" VALUES(634,'433.0','2018-01-22','','True','False','94');
INSERT INTO "npe01__OppPayment__c" VALUES(635,'794.0','2018-05-02','','True','False','95');
INSERT INTO "npe01__OppPayment__c" VALUES(636,'6.0','2018-04-27','','True','False','96');
INSERT INTO "npe01__OppPayment__c" VALUES(637,'87.0','2017-07-30','','True','False','97');
INSERT INTO "npe01__OppPayment__c" VALUES(638,'641.0','2018-10-05','','True','False','98');
INSERT INTO "npe01__OppPayment__c" VALUES(639,'29.0','2017-04-01','','True','False','99');
INSERT INTO "npe01__OppPayment__c" VALUES(640,'915.0','2016-07-21','','True','False','100');
INSERT INTO "npe01__OppPayment__c" VALUES(641,'565.0','2018-09-06','','True','False','38');
INSERT INTO "npe01__OppPayment__c" VALUES(642,'907.0','2018-12-19','','True','False','101');
INSERT INTO "npe01__OppPayment__c" VALUES(643,'4000.0','2021-11-12','','True','False','237');
INSERT INTO "npe01__OppPayment__c" VALUES(644,'600.0','2021-11-12','','True','False','241');
CREATE TABLE "npe03__Recurring_Donation__c" (
	id INTEGER NOT NULL, 
	"Name" VARCHAR(255), 
	"npe03__Amount__c" VARCHAR(255), 
	"npe03__Date_Established__c" VARCHAR(255), 
	"npe03__Schedule_Type__c" VARCHAR(255), 
	"npe03__Open_Ended_Status__c" VARCHAR(255), 
	"npe03__Last_Payment_Date__c" VARCHAR(255), 
	"npe03__Next_Payment_Date__c" VARCHAR(255), 
	"npe03__Installment_Period__c" VARCHAR(255), 
	"Day_of_Month__c" VARCHAR(255), 
	"InstallmentFrequency__c" VARCHAR(255), 
	"StartDate__c" VARCHAR(255), 
	"PaymentMethod__c" VARCHAR(255), 
	"RecurringType__c" VARCHAR(255), 
	"Status__c" VARCHAR(255), 
	"npe03__Contact__c" VARCHAR(255), 
	PRIMARY KEY (id)
);
INSERT INTO "npe03__Recurring_Donation__c" VALUES(1,'Carl Harvey $75 - Recurring','75.0','2018-02-04','','Open','2019-12-15','2020-01-15','Monthly','15','','2020-01-02','','Open','Active','68');
CREATE TABLE "npe4__Relationship__c" (
	id INTEGER NOT NULL, 
	"npe4__Type__c" VARCHAR(255), 
	"npe4__Contact__c" VARCHAR(255), 
	"npe4__RelatedContact__c" VARCHAR(255), 
	PRIMARY KEY (id)
);
INSERT INTO "npe4__Relationship__c" VALUES(1,'Employee','2','40');
INSERT INTO "npe4__Relationship__c" VALUES(2,'Employee','3','14');
INSERT INTO "npe4__Relationship__c" VALUES(3,'Employee','4','7');
INSERT INTO "npe4__Relationship__c" VALUES(4,'Employee','5','54');
INSERT INTO "npe4__Relationship__c" VALUES(5,'Employee','54','5');
INSERT INTO "npe4__Relationship__c" VALUES(6,'Employee','55','20');
INSERT INTO "npe4__Relationship__c" VALUES(7,'Employee','6','51');
INSERT INTO "npe4__Relationship__c" VALUES(8,'Employee','7','4');
INSERT INTO "npe4__Relationship__c" VALUES(9,'Employee','67','10');
INSERT INTO "npe4__Relationship__c" VALUES(10,'Employee','59','19');
INSERT INTO "npe4__Relationship__c" VALUES(11,'Employee','81','8');
INSERT INTO "npe4__Relationship__c" VALUES(12,'Employee','55','20');
INSERT INTO "npe4__Relationship__c" VALUES(13,'Employee','16','21');
INSERT INTO "npe4__Relationship__c" VALUES(14,'Employee','46','22');
INSERT INTO "npe4__Relationship__c" VALUES(15,'Employee','41','23');
INSERT INTO "npe4__Relationship__c" VALUES(16,'Employee','38','24');
INSERT INTO "npe4__Relationship__c" VALUES(17,'Employee','85','25');
INSERT INTO "npe4__Relationship__c" VALUES(18,'Employee','68','26');
INSERT INTO "npe4__Relationship__c" VALUES(19,'Employee','17','27');
INSERT INTO "npe4__Relationship__c" VALUES(20,'Employee','44','28');
INSERT INTO "npe4__Relationship__c" VALUES(21,'Employee','30','11');
INSERT INTO "npe4__Relationship__c" VALUES(22,'Employee','15','29');
INSERT INTO "npe4__Relationship__c" VALUES(23,'Employee','11','30');
INSERT INTO "npe4__Relationship__c" VALUES(24,'Employee','99','31');
INSERT INTO "npe4__Relationship__c" VALUES(25,'Employee','102','32');
INSERT INTO "npe4__Relationship__c" VALUES(26,'Employee','93','33');
INSERT INTO "npe4__Relationship__c" VALUES(27,'Employee','90','34');
INSERT INTO "npe4__Relationship__c" VALUES(28,'Employee','66','35');
INSERT INTO "npe4__Relationship__c" VALUES(29,'Employee','10','67');
INSERT INTO "npe4__Relationship__c" VALUES(30,'Employee','19','59');
INSERT INTO "npe4__Relationship__c" VALUES(31,'Employee','8','81');
INSERT INTO "npe4__Relationship__c" VALUES(32,'Employee','20','55');
INSERT INTO "npe4__Relationship__c" VALUES(33,'Employee','21','16');
INSERT INTO "npe4__Relationship__c" VALUES(34,'Employee','22','46');
INSERT INTO "npe4__Relationship__c" VALUES(35,'Employee','23','41');
INSERT INTO "npe4__Relationship__c" VALUES(36,'Employee','24','38');
INSERT INTO "npe4__Relationship__c" VALUES(37,'Employee','25','85');
INSERT INTO "npe4__Relationship__c" VALUES(38,'Employee','26','68');
INSERT INTO "npe4__Relationship__c" VALUES(39,'Employee','27','17');
INSERT INTO "npe4__Relationship__c" VALUES(40,'Employee','28','44');
INSERT INTO "npe4__Relationship__c" VALUES(41,'Employee','11','30');
INSERT INTO "npe4__Relationship__c" VALUES(42,'Employee','29','15');
INSERT INTO "npe4__Relationship__c" VALUES(43,'Employee','30','11');
INSERT INTO "npe4__Relationship__c" VALUES(44,'Employee','31','99');
INSERT INTO "npe4__Relationship__c" VALUES(45,'Employee','32','102');
INSERT INTO "npe4__Relationship__c" VALUES(46,'Employee','33','93');
INSERT INTO "npe4__Relationship__c" VALUES(47,'Employee','34','90');
INSERT INTO "npe4__Relationship__c" VALUES(48,'Employee','35','66');
INSERT INTO "npe4__Relationship__c" VALUES(49,'Employee','36','87');
INSERT INTO "npe4__Relationship__c" VALUES(50,'Employee','37','12');
INSERT INTO "npe4__Relationship__c" VALUES(51,'Employee','38','24');
INSERT INTO "npe4__Relationship__c" VALUES(52,'Employee','12','37');
INSERT INTO "npe4__Relationship__c" VALUES(53,'Employee','39','43');
INSERT INTO "npe4__Relationship__c" VALUES(54,'Employee','40','2');
INSERT INTO "npe4__Relationship__c" VALUES(55,'Employee','41','23');
INSERT INTO "npe4__Relationship__c" VALUES(56,'Employee','42','62');
INSERT INTO "npe4__Relationship__c" VALUES(57,'Employee','43','39');
INSERT INTO "npe4__Relationship__c" VALUES(58,'Employee','44','28');
INSERT INTO "npe4__Relationship__c" VALUES(59,'Partner','44','45');
INSERT INTO "npe4__Relationship__c" VALUES(60,'Partner','45','44');
INSERT INTO "npe4__Relationship__c" VALUES(61,'Employee','45','18');
INSERT INTO "npe4__Relationship__c" VALUES(62,'Employee','46','22');
INSERT INTO "npe4__Relationship__c" VALUES(63,'Employee','47','63');
INSERT INTO "npe4__Relationship__c" VALUES(64,'Employee','87','36');
INSERT INTO "npe4__Relationship__c" VALUES(65,'Employee','12','37');
INSERT INTO "npe4__Relationship__c" VALUES(66,'Employee','24','38');
INSERT INTO "npe4__Relationship__c" VALUES(67,'Employee','37','12');
INSERT INTO "npe4__Relationship__c" VALUES(68,'Employee','43','39');
INSERT INTO "npe4__Relationship__c" VALUES(69,'Employee','2','40');
INSERT INTO "npe4__Relationship__c" VALUES(70,'Employee','23','41');
INSERT INTO "npe4__Relationship__c" VALUES(71,'Employee','62','42');
INSERT INTO "npe4__Relationship__c" VALUES(72,'Employee','39','43');
INSERT INTO "npe4__Relationship__c" VALUES(73,'Employee','28','44');
INSERT INTO "npe4__Relationship__c" VALUES(74,'Partner','45','44');
INSERT INTO "npe4__Relationship__c" VALUES(75,'Partner','44','45');
INSERT INTO "npe4__Relationship__c" VALUES(76,'Employee','18','45');
INSERT INTO "npe4__Relationship__c" VALUES(77,'Employee','22','46');
INSERT INTO "npe4__Relationship__c" VALUES(78,'Employee','63','47');
INSERT INTO "npe4__Relationship__c" VALUES(79,'Employee','100','48');
INSERT INTO "npe4__Relationship__c" VALUES(80,'Employee','94','13');
INSERT INTO "npe4__Relationship__c" VALUES(81,'Employee','35','66');
INSERT INTO "npe4__Relationship__c" VALUES(82,'Employee','10','67');
INSERT INTO "npe4__Relationship__c" VALUES(83,'Partner','70','69');
INSERT INTO "npe4__Relationship__c" VALUES(84,'Employee','70','69');
INSERT INTO "npe4__Relationship__c" VALUES(85,'Partner','71','69');
INSERT INTO "npe4__Relationship__c" VALUES(86,'Partner','72','69');
INSERT INTO "npe4__Relationship__c" VALUES(87,'Partner','73','69');
INSERT INTO "npe4__Relationship__c" VALUES(88,'Partner','74','69');
INSERT INTO "npe4__Relationship__c" VALUES(89,'Partner','75','69');
INSERT INTO "npe4__Relationship__c" VALUES(90,'Partner','76','69');
INSERT INTO "npe4__Relationship__c" VALUES(91,'Partner','77','69');
INSERT INTO "npe4__Relationship__c" VALUES(92,'Partner','78','69');
INSERT INTO "npe4__Relationship__c" VALUES(93,'Partner','69','70');
INSERT INTO "npe4__Relationship__c" VALUES(94,'Employee','69','70');
INSERT INTO "npe4__Relationship__c" VALUES(95,'Partner','69','71');
INSERT INTO "npe4__Relationship__c" VALUES(96,'Employee','72','71');
INSERT INTO "npe4__Relationship__c" VALUES(97,'Partner','69','72');
INSERT INTO "npe4__Relationship__c" VALUES(98,'Employee','71','72');
INSERT INTO "npe4__Relationship__c" VALUES(99,'Partner','69','73');
INSERT INTO "npe4__Relationship__c" VALUES(100,'Employee','74','73');
INSERT INTO "npe4__Relationship__c" VALUES(101,'Employee','13','94');
INSERT INTO "npe4__Relationship__c" VALUES(102,'Employee','66','35');
INSERT INTO "npe4__Relationship__c" VALUES(103,'Employee','67','10');
INSERT INTO "npe4__Relationship__c" VALUES(104,'Partner','69','70');
INSERT INTO "npe4__Relationship__c" VALUES(105,'Employee','69','70');
INSERT INTO "npe4__Relationship__c" VALUES(106,'Partner','69','71');
INSERT INTO "npe4__Relationship__c" VALUES(107,'Partner','69','72');
INSERT INTO "npe4__Relationship__c" VALUES(108,'Partner','69','73');
INSERT INTO "npe4__Relationship__c" VALUES(109,'Partner','69','74');
INSERT INTO "npe4__Relationship__c" VALUES(110,'Partner','69','75');
INSERT INTO "npe4__Relationship__c" VALUES(111,'Partner','69','76');
INSERT INTO "npe4__Relationship__c" VALUES(112,'Partner','69','77');
INSERT INTO "npe4__Relationship__c" VALUES(113,'Partner','69','78');
INSERT INTO "npe4__Relationship__c" VALUES(114,'Partner','70','69');
INSERT INTO "npe4__Relationship__c" VALUES(115,'Employee','70','69');
INSERT INTO "npe4__Relationship__c" VALUES(116,'Partner','71','69');
INSERT INTO "npe4__Relationship__c" VALUES(117,'Employee','71','72');
INSERT INTO "npe4__Relationship__c" VALUES(118,'Partner','72','69');
INSERT INTO "npe4__Relationship__c" VALUES(119,'Employee','72','71');
INSERT INTO "npe4__Relationship__c" VALUES(120,'Partner','73','69');
INSERT INTO "npe4__Relationship__c" VALUES(121,'Employee','73','74');
INSERT INTO "npe4__Relationship__c" VALUES(122,'Partner','74','69');
INSERT INTO "npe4__Relationship__c" VALUES(123,'Employee','74','73');
INSERT INTO "npe4__Relationship__c" VALUES(124,'Partner','75','69');
INSERT INTO "npe4__Relationship__c" VALUES(125,'Employee','75','76');
INSERT INTO "npe4__Relationship__c" VALUES(126,'Partner','76','69');
INSERT INTO "npe4__Relationship__c" VALUES(127,'Employee','76','75');
INSERT INTO "npe4__Relationship__c" VALUES(128,'Employee','14','3');
INSERT INTO "npe4__Relationship__c" VALUES(129,'Employee','48','100');
INSERT INTO "npe4__Relationship__c" VALUES(130,'Partner','77','69');
INSERT INTO "npe4__Relationship__c" VALUES(131,'Employee','77','78');
INSERT INTO "npe4__Relationship__c" VALUES(132,'Partner','78','69');
INSERT INTO "npe4__Relationship__c" VALUES(133,'Employee','78','77');
INSERT INTO "npe4__Relationship__c" VALUES(134,'Employee','49','95');
INSERT INTO "npe4__Relationship__c" VALUES(135,'Employee','50','60');
INSERT INTO "npe4__Relationship__c" VALUES(136,'Employee','51','6');
INSERT INTO "npe4__Relationship__c" VALUES(137,'Employee','52','61');
INSERT INTO "npe4__Relationship__c" VALUES(138,'Employee','53','79');
INSERT INTO "npe4__Relationship__c" VALUES(139,'Employee','57','56');
INSERT INTO "npe4__Relationship__c" VALUES(140,'Employee','56','57');
INSERT INTO "npe4__Relationship__c" VALUES(141,'Partner','69','74');
INSERT INTO "npe4__Relationship__c" VALUES(142,'Employee','73','74');
INSERT INTO "npe4__Relationship__c" VALUES(143,'Partner','69','75');
INSERT INTO "npe4__Relationship__c" VALUES(144,'Employee','76','75');
INSERT INTO "npe4__Relationship__c" VALUES(145,'Partner','69','76');
INSERT INTO "npe4__Relationship__c" VALUES(146,'Employee','75','76');
INSERT INTO "npe4__Relationship__c" VALUES(147,'Employee','3','14');
INSERT INTO "npe4__Relationship__c" VALUES(148,'Partner','69','77');
INSERT INTO "npe4__Relationship__c" VALUES(149,'Employee','78','77');
INSERT INTO "npe4__Relationship__c" VALUES(150,'Partner','69','78');
INSERT INTO "npe4__Relationship__c" VALUES(151,'Employee','77','78');
INSERT INTO "npe4__Relationship__c" VALUES(152,'Employee','95','49');
INSERT INTO "npe4__Relationship__c" VALUES(153,'Employee','60','50');
INSERT INTO "npe4__Relationship__c" VALUES(154,'Employee','6','51');
INSERT INTO "npe4__Relationship__c" VALUES(155,'Employee','61','52');
INSERT INTO "npe4__Relationship__c" VALUES(156,'Employee','79','53');
INSERT INTO "npe4__Relationship__c" VALUES(157,'Employee','56','57');
INSERT INTO "npe4__Relationship__c" VALUES(158,'Employee','57','56');
INSERT INTO "npe4__Relationship__c" VALUES(159,'Employee','91','58');
INSERT INTO "npe4__Relationship__c" VALUES(160,'Employee','29','15');
INSERT INTO "npe4__Relationship__c" VALUES(161,'Employee','19','59');
INSERT INTO "npe4__Relationship__c" VALUES(162,'Employee','50','60');
INSERT INTO "npe4__Relationship__c" VALUES(163,'Employee','52','61');
INSERT INTO "npe4__Relationship__c" VALUES(164,'Employee','42','62');
INSERT INTO "npe4__Relationship__c" VALUES(165,'Employee','47','63');
INSERT INTO "npe4__Relationship__c" VALUES(166,'Employee','97','64');
INSERT INTO "npe4__Relationship__c" VALUES(167,'Employee','26','68');
INSERT INTO "npe4__Relationship__c" VALUES(168,'Employee','86','65');
INSERT INTO "npe4__Relationship__c" VALUES(169,'Employee','15','29');
INSERT INTO "npe4__Relationship__c" VALUES(170,'Employee','59','19');
INSERT INTO "npe4__Relationship__c" VALUES(171,'Employee','60','50');
INSERT INTO "npe4__Relationship__c" VALUES(172,'Employee','61','52');
INSERT INTO "npe4__Relationship__c" VALUES(173,'Employee','62','42');
INSERT INTO "npe4__Relationship__c" VALUES(174,'Employee','63','47');
INSERT INTO "npe4__Relationship__c" VALUES(175,'Employee','64','97');
INSERT INTO "npe4__Relationship__c" VALUES(176,'Employee','68','26');
INSERT INTO "npe4__Relationship__c" VALUES(177,'Employee','65','86');
INSERT INTO "npe4__Relationship__c" VALUES(178,'Employee','79','53');
INSERT INTO "npe4__Relationship__c" VALUES(179,'Employee','80','82');
INSERT INTO "npe4__Relationship__c" VALUES(180,'Employee','16','21');
INSERT INTO "npe4__Relationship__c" VALUES(181,'Employee','81','8');
INSERT INTO "npe4__Relationship__c" VALUES(182,'Employee','82','80');
INSERT INTO "npe4__Relationship__c" VALUES(183,'Employee','83','101');
INSERT INTO "npe4__Relationship__c" VALUES(184,'Employee','84','88');
INSERT INTO "npe4__Relationship__c" VALUES(185,'Employee','85','25');
INSERT INTO "npe4__Relationship__c" VALUES(186,'Employee','86','65');
INSERT INTO "npe4__Relationship__c" VALUES(187,'Employee','87','36');
INSERT INTO "npe4__Relationship__c" VALUES(188,'Employee','88','84');
INSERT INTO "npe4__Relationship__c" VALUES(189,'Employee','89','98');
INSERT INTO "npe4__Relationship__c" VALUES(190,'Employee','90','34');
INSERT INTO "npe4__Relationship__c" VALUES(191,'Employee','17','27');
INSERT INTO "npe4__Relationship__c" VALUES(192,'Employee','58','91');
INSERT INTO "npe4__Relationship__c" VALUES(193,'Partner','17','18');
INSERT INTO "npe4__Relationship__c" VALUES(194,'Employee','91','58');
INSERT INTO "npe4__Relationship__c" VALUES(195,'Employee','92','96');
INSERT INTO "npe4__Relationship__c" VALUES(196,'Employee','93','33');
INSERT INTO "npe4__Relationship__c" VALUES(197,'Employee','94','13');
INSERT INTO "npe4__Relationship__c" VALUES(198,'Employee','95','49');
INSERT INTO "npe4__Relationship__c" VALUES(199,'Employee','96','92');
INSERT INTO "npe4__Relationship__c" VALUES(200,'Employee','97','64');
INSERT INTO "npe4__Relationship__c" VALUES(201,'Employee','98','89');
INSERT INTO "npe4__Relationship__c" VALUES(202,'Employee','99','31');
INSERT INTO "npe4__Relationship__c" VALUES(203,'Partner','99','100');
INSERT INTO "npe4__Relationship__c" VALUES(204,'Employee','100','48');
INSERT INTO "npe4__Relationship__c" VALUES(205,'Partner','100','99');
INSERT INTO "npe4__Relationship__c" VALUES(206,'Employee','18','45');
INSERT INTO "npe4__Relationship__c" VALUES(207,'Partner','18','17');
INSERT INTO "npe4__Relationship__c" VALUES(208,'Employee','101','83');
INSERT INTO "npe4__Relationship__c" VALUES(209,'Employee','102','32');
INSERT INTO "npe4__Relationship__c" VALUES(210,'Employee','53','79');
INSERT INTO "npe4__Relationship__c" VALUES(211,'Employee','82','80');
INSERT INTO "npe4__Relationship__c" VALUES(212,'Employee','21','16');
INSERT INTO "npe4__Relationship__c" VALUES(213,'Employee','8','81');
INSERT INTO "npe4__Relationship__c" VALUES(214,'Employee','80','82');
INSERT INTO "npe4__Relationship__c" VALUES(215,'Employee','101','83');
INSERT INTO "npe4__Relationship__c" VALUES(216,'Employee','88','84');
INSERT INTO "npe4__Relationship__c" VALUES(217,'Employee','25','85');
INSERT INTO "npe4__Relationship__c" VALUES(218,'Employee','65','86');
INSERT INTO "npe4__Relationship__c" VALUES(219,'Employee','36','87');
INSERT INTO "npe4__Relationship__c" VALUES(220,'Employee','84','88');
INSERT INTO "npe4__Relationship__c" VALUES(221,'Employee','98','89');
INSERT INTO "npe4__Relationship__c" VALUES(222,'Employee','34','90');
INSERT INTO "npe4__Relationship__c" VALUES(223,'Employee','27','17');
INSERT INTO "npe4__Relationship__c" VALUES(224,'Partner','18','17');
INSERT INTO "npe4__Relationship__c" VALUES(225,'Employee','58','91');
INSERT INTO "npe4__Relationship__c" VALUES(226,'Employee','96','92');
INSERT INTO "npe4__Relationship__c" VALUES(227,'Employee','33','93');
INSERT INTO "npe4__Relationship__c" VALUES(228,'Employee','13','94');
INSERT INTO "npe4__Relationship__c" VALUES(229,'Employee','49','95');
INSERT INTO "npe4__Relationship__c" VALUES(230,'Employee','92','96');
INSERT INTO "npe4__Relationship__c" VALUES(231,'Employee','64','97');
INSERT INTO "npe4__Relationship__c" VALUES(232,'Employee','89','98');
INSERT INTO "npe4__Relationship__c" VALUES(233,'Employee','31','99');
INSERT INTO "npe4__Relationship__c" VALUES(234,'Partner','100','99');
INSERT INTO "npe4__Relationship__c" VALUES(235,'Employee','48','100');
INSERT INTO "npe4__Relationship__c" VALUES(236,'Partner','99','100');
INSERT INTO "npe4__Relationship__c" VALUES(237,'Partner','17','18');
INSERT INTO "npe4__Relationship__c" VALUES(238,'Employee','83','101');
INSERT INTO "npe4__Relationship__c" VALUES(239,'Employee','32','102');
INSERT INTO "npe4__Relationship__c" VALUES(240,'Employee','45','18');
INSERT INTO "npe4__Relationship__c" VALUES(241,'Employee','40','2');
INSERT INTO "npe4__Relationship__c" VALUES(242,'Employee','14','3');
INSERT INTO "npe4__Relationship__c" VALUES(243,'Employee','7','4');
INSERT INTO "npe4__Relationship__c" VALUES(244,'Employee','54','5');
INSERT INTO "npe4__Relationship__c" VALUES(245,'Employee','5','54');
INSERT INTO "npe4__Relationship__c" VALUES(246,'Employee','20','55');
INSERT INTO "npe4__Relationship__c" VALUES(247,'Employee','51','6');
INSERT INTO "npe4__Relationship__c" VALUES(248,'Employee','4','7');
COMMIT;
